decision_ns,label_ns,return_bps,vol_proxy_bps,q10,q25,q50,q75,q90,vol_forecast_bps
1779669396105147304,1779669397128907256,0.0,0.0,-0.4102198,-0.17480071,-0.052063778,0.01143675,0.15346973,0.0072255293
1779669397128907256,1779669398133497898,0.0,0.0,-0.34457946,-0.106614865,-0.019454813,0.050699018,0.19831401,0.005329851
1779669398133497898,1779669399160887347,0.0,0.0,-0.29678383,-0.100038946,0.00032357775,0.06817257,0.225085,0.0040526134
1779669399160887347,1779669400168478458,0.0,0.0,-0.41796178,-0.20231044,-0.07064306,-0.012770578,0.12273172,0.0048450544
1779669400168478458,1779669401170819456,0.0,0.0,-0.41666433,-0.1807086,-0.08564679,-0.017107233,0.20347854,0.008499237
1779669401170819456,1779669402192660092,0.0,0.0,-0.32307965,-0.054912012,0.042113557,0.1026905,0.27475926,0.0040367274
1779669402192660092,1779669403219093032,0.0,0.0,-0.4425555,-0.21761031,-0.090580866,-0.02149227,0.16503958,0.009242276
1779669403219093032,1779669404231027334,0.0,0.0,-0.48262203,-0.22649583,-0.07324717,0.0042898604,0.2209532,0.0031805956
1779669404231027334,1779669405237366680,0.0,0.0,-0.34860924,-0.09431555,-0.023915548,0.05756679,0.33371198,0.0035101364
1779669405237366680,1779669406248787661,0.0,0.0,-0.33770755,-0.15024704,0.03050493,0.08956219,0.33658022,0.0048974296
1779669406248787661,1779669407266833233,0.0,0.0,-0.3558455,-0.13595608,-0.05198927,0.029945534,0.20881309,0.007633368
1779669409461062907,1779669410476660475,0.0,0.0,-0.34323642,-0.12438108,0.009752868,0.05961958,0.24430244,0.0110533275
1779669410476660475,1779669411488230849,-0.725985282264925,0.019621223844729235,-0.34932452,-0.1119419,-0.026268607,0.052148107,0.23649141,0.009336989
1779669411488230849,1779669412498786166,0.0,0.0,-0.42031348,-0.23300737,-0.1099067,-0.031599298,0.14717877,0.0052178768
1779669412498786166,1779669413498947052,0.7000581440037815,0.01892049037852192,-0.51087207,-0.21563567,-0.083522856,-0.025341332,0.1640315,0.0044007995
1779669414515066011,1779669415526747461,0.0,0.0,-0.35893014,-0.12706167,-0.028288314,0.03531054,0.2587073,0.005232773
1779669415526747461,1779669416531155399,-0.3889151407096097,0.010511220019307413,-0.28363955,-0.035257727,0.070240214,0.13646333,0.31624758,0.0075078043
1779669416531155399,1779669417534008781,-0.4537534486045993,0.04537716548525557,-0.386904,-0.14695679,0.0043267645,0.05582669,0.23307121,0.007940675
1779669417534008781,1779669418535459481,0.0,0.0,-0.4405414,-0.19653736,-0.05022948,0.027799366,0.1963762,0.0073710023
1779669418535459481,1779669419538759303,0.0,0.0,-0.31787005,-0.10549703,0.011621435,0.07311208,0.3140331,0.0054325177
1779669419538759303,1779669420548882955,0.0,0.0,-0.38651073,-0.109955594,0.0009266207,0.057074837,0.25773385,0.0059938836
1779669420548882955,1779669421579481875,2.631483445914805,0.07309676238668554,-0.4564511,-0.19062707,-0.0646396,-0.008988234,0.19084597,0.0034229497
1779669422587690975,1779669423616774740,-1.2314823952470528,0.027366275449796577,-0.30055153,-0.049131915,0.05676612,0.13910909,0.2706477,0.009121519
1779669423616774740,1779669424633735567,-0.3370637212806937,0.00766053911981469,-0.33453897,-0.1080403,0.026116207,0.09264226,0.2738791,0.0073161004
1779669424633735567,1779669425656661331,0.0,0.0,-0.3080513,-0.06828974,0.04526461,0.114059165,0.36382413,0.002437204
1779669425656661331,1779669426670580792,-0.3500397360277801,0.009211572001084122,-0.35953587,-0.12172614,-0.001354613,0.068832695,0.2835142,0.0032498161
1779669426670580792,1779669427694731008,0.0,0.0,-0.26357192,-0.028795341,0.05339098,0.10513347,0.30981132,0.0065777255
1779669427694731008,1779669428713081462,0.0,0.0,-0.35499695,-0.1403842,-0.031036964,0.026382446,0.18700293,0.0071549816
1779669428713081462,1779669429719014787,0.0,0.0,-0.46426442,-0.23270465,-0.1248558,-0.0591213,0.08639785,0.0047594937
1779669429719014787,1779669430732915631,0.0,0.0,-0.41140744,-0.17704326,-0.08125105,-0.013310334,0.15013187,0.006150416
1779669513842961282,1779669514852844797,0.0,0.0,-0.32454967,-0.109758034,-0.011192953,0.06576714,0.22034374,0.0034696057
1779669514852844797,1779669515868840180,0.0,0.0,-0.48034275,-0.21632792,-0.094751336,-0.02135142,0.13960657,0.003937988
1779669550950920092,1779669551962760700,0.0,0.0,-0.43624294,-0.19596384,-0.04482178,0.038736254,0.20777051,0.0039010472
1779669552989470642,1779669554014813802,0.0,0.0,-0.3576119,-0.09331865,-0.0016456019,0.06097636,0.24110441,0.0027544014
1779669554014813802,1779669555026910813,0.0,0.0,-0.38230482,-0.13181077,-0.0026624308,0.050382018,0.2588326,0.0061783437
1779669555026910813,1779669556052808518,0.0,0.0,-0.4251361,-0.19113444,-0.08088198,-0.0016461852,0.1690105,0.00905902
1779669557055459623,1779669558078793013,-0.72549808390048,0.017273763902433563,-0.40364346,-0.11325321,0.002233342,0.07655563,0.21635391,0.008121894
1779669558078793013,1779669559086982855,0.0,0.0,-0.36090797,-0.10410311,-0.030939128,0.050651662,0.2606346,0.0075576887
1779669618482759908,1779669619497181989,0.0,0.0,-0.26520407,-0.08880183,0.0096199,0.07007956,0.23710084,0.0032840178
1779669638319291016,1779669639342753903,0.0,0.0,-0.37070373,-0.12961657,-0.011962136,0.039098483,0.2567709,0.0055381497
1779669639342753903,1779669640352975677,0.0,0.0,-0.3987648,-0.17677003,-0.03221522,0.033350833,0.19604313,0.0041491757
1779669642507815455,1779669643520925225,0.0,0.0,-0.44301066,-0.23439297,-0.14230049,-0.07033476,0.11181924,0.0046215076
1779669643520925225,1779669644532810434,0.0,0.0,-0.42445603,-0.17422305,-0.06560676,0.001789277,0.21594302,0.006491171
1779669644532810434,1779669645560920508,0.0,0.0,-0.34812236,-0.06605509,0.021835608,0.085908435,0.2922643,0.006121914
1779669645560920508,1779669646570933845,0.0,0.0,-0.42119065,-0.1657188,-0.07735722,-0.002263388,0.18749766,0.0066825966
1779669646570933845,1779669647580982563,0.0,0.0,-0.34322694,-0.09701631,0.00010198846,0.06879028,0.23474808,0.0031082055
1779669647580982563,1779669648588992787,0.0,0.0,-0.27168187,-0.07015089,0.024865285,0.08601633,0.31304824,0.0015675504
1779669648588992787,1779669649592901511,0.0,0.0,-0.35187954,-0.097925946,0.0003940972,0.057498958,0.2846742,0.008050585
1779669649592901511,1779669650608676811,0.0,0.0,-0.5275099,-0.2744146,-0.15417638,-0.0870144,0.15803088,0.0058264285
1779669650608676811,1779669651620634465,0.0,0.0,-0.28896803,-0.056590486,0.045434225,0.09398656,0.25846592,0.008668951
1779669651620634465,1779669652626825827,0.0,0.0,-0.44030616,-0.18256426,-0.011702732,0.052870892,0.23228759,0.006418757
1779669652626825827,1779669653648843556,0.0,0.0,-0.25179172,-0.0401347,0.05995405,0.12590925,0.26833495,0.004962474
1779669653648843556,1779669654652724508,0.0,0.0,-0.4398424,-0.20405813,-0.06867262,-0.016136197,0.17752211,0.0052075284
1779669654652724508,1779669655667041658,0.0,0.0,-0.36428273,-0.11849734,0.008959705,0.06676092,0.27916864,0.006933232
1779669655667041658,1779669656683231894,0.0,0.0,-0.4607679,-0.2431383,-0.109540716,-0.040541206,0.18804349,0.0060962485
1779669656683231894,1779669657696823513,0.0,0.0,-0.3443578,-0.11693119,0.014342278,0.07189148,0.3190199,0.0020983587
1779669657696823513,1779669658716781695,0.0,0.0,-0.37479454,-0.13783434,-0.035661086,0.03682425,0.216185,0.005046379
1779669658716781695,1779669659732840989,0.0,0.0,-0.3885371,-0.1576199,-0.051197015,0.019117285,0.19743665,0.0069376878
1779669659732840989,1779669660742754107,0.0,0.0,-0.34186637,-0.1049903,-0.0048716986,0.051114786,0.23736791,0.0051844814
1779669660742754107,1779669661912080213,0.0,0.0,-0.1656381,0.018531399,0.104116954,0.1576395,0.29922104,0.0072037317
1779669661912080213,1779669662936757594,0.0,0.0,-0.43792906,-0.18176602,-0.07654589,-0.0018938781,0.1412563,0.007896239
1779669662936757594,1779669663936914410,0.0,0.0,-0.35641396,-0.11123964,-0.008625,0.0611582,0.2863645,0.009506672
1779669663936914410,1779669664954779804,0.0,0.0,-0.38773695,-0.15790384,-0.035287704,0.029715452,0.19968113,0.005719748
1779669665956865213,1779669666974971058,0.0,0.0,-0.30643535,-0.07393373,0.04600566,0.09657187,0.25521702,0.0109867
1779669666974971058,1779669667981163526,0.0,0.0,-0.4560117,-0.21240433,-0.08643634,-0.01771842,0.16071819,0.0034992765
1779669667981163526,1779669668991252078,0.0,0.0,-0.44048908,-0.22552742,-0.059620373,0.0032455283,0.25685677,0.004065041
1779669668991252078,1779669670002831809,0.0,0.0,-0.3826843,-0.13162683,-0.023878923,0.038863037,0.27845612,0.001321636
1779669670002831809,1779669671011028458,0.0,0.0,-0.36055025,-0.13800807,-0.015752599,0.067158185,0.20679158,0.0048968703
1779669671011028458,1779669672037359984,-0.11665813334104952,0.003069950877369814,-0.31066903,-0.04972978,0.075251244,0.15171565,0.3154177,0.00773
1779669672037359984,1779669673062784730,0.0,0.0,-0.4111854,-0.18459183,-0.04174463,0.014525704,0.1652902,0.005018824
1779669673062784730,1779669674071123048,0.0,0.0,-0.32193777,-0.078152455,0.020933853,0.0798536,0.2836386,0.0065925997
1779669698370885209,1779669699392374017,-0.3628642168981472,0.009807140997675812,-0.31988984,-0.098944105,-0.0030608901,0.06293707,0.26290545,0.008146525
1779669699392374017,1779669700412915054,-1.1534772816638408,0.029576340555246217,-0.37502712,-0.163992,-0.008477429,0.05708608,0.19863957,0.008502797
1779669700412915054,1779669701436967733,0.0,0.0,-0.4029997,-0.21204884,-0.092951655,-0.02361868,0.11851978,0.005284798
1779669701436967733,1779669702456860629,0.0,0.0,-0.3792792,-0.17378122,-0.036613226,0.025994623,0.17317596,0.0052602594
1779669702456860629,1779669703460896181,0.0,0.0,-0.4741345,-0.22485767,-0.09972255,-0.011112076,0.2153973,0.004118468
1779669703460896181,1779669704470860020,0.0,0.0,-0.4437362,-0.24309346,-0.11971663,-0.03757612,0.12715217,0.0026812686
1779669704470860020,1779669705477329645,0.0,0.0,-0.47393075,-0.17231151,-0.033481326,0.03622867,0.22613221,0.0058465996
1779669705477329645,1779669706498946405,0.0,0.0,-0.45983532,-0.21303554,-0.109980464,-0.026447996,0.10697675,0.003428664
1779669707501279316,1779669708522949198,0.0,0.0,-0.4768728,-0.24646606,-0.14550963,-0.06470262,0.09027873,0.0022961204
1779669708522949198,1779669709533036676,-0.7648451257155225,0.020127503308019434,-0.33414167,-0.12959148,-0.00076701294,0.050448317,0.2208025,0.0028345892
1779669709533036676,1779669710550869897,0.0,0.0,-0.47246593,-0.197138,-0.05570618,0.01138333,0.18834451,0.004840781
1779669710550869897,1779669711574733984,0.0,0.0,-0.38275826,-0.18470362,-0.05117516,-0.0019770644,0.222156,0.00015353298
1779669713617144493,1779669714638900094,0.0,0.0,-0.2949989,-0.056488194,0.04375256,0.09313921,0.3221536,0.00758906
1779669714638900094,1779669715664699133,0.0,0.0,-0.2271264,-0.02442682,0.087787315,0.14448273,0.3234954,0.0055627967
1779669715664699133,1779669716671155493,-0.8037985970284134,0.021152594658770486,-0.37474936,-0.12593795,-0.05090871,0.033267368,0.23163767,0.007317642
1779669716671155493,1779669717676982107,0.0,0.0,-0.37216592,-0.15710287,-0.060021073,0.0053426367,0.22978233,0.002360521
1779669717676982107,1779669718682882341,0.0,0.0,-0.2728822,-0.052602112,0.030066254,0.09598019,0.27218643,0.0053115776
1779669718682882341,1779669719700986982,0.0,0.0,-0.3560087,-0.16635416,-0.02883677,0.03823907,0.23725998,0.004930561
1779669719700986982,1779669720710810657,0.0,0.0,-0.36306483,-0.11175211,-0.015612469,0.055678885,0.28878695,0.0057444447
1779669720710810657,1779669721711056379,-0.7390331375447333,0.019973868582404655,-0.3453402,-0.09749968,-0.01929987,0.065643944,0.2640596,0.010151003
1779669721711056379,1779669722734997562,-1.815400958978655,0.046548742538003555,-0.39586136,-0.146574,-0.0012971103,0.050230574,0.23580804,0.007999606
1779669722734997562,1779669723754994296,-3.00910450931836,0.1187858851328222,-0.25393426,-0.038846944,0.07607564,0.14637357,0.3267284,0.0040022
1779669723754994296,1779669724767261531,0.0,0.0,-0.41110536,-0.19322047,-0.026731286,0.03619951,0.2172105,0.0062807933
1779669783469273357,1779669784478872585,0.0,0.0,-0.43145013,-0.2098619,-0.10437891,-0.038026765,0.11126666,0.007567986
1779669784478872585,1779669785503108368,0.0,0.0,-0.33423468,-0.047901403,0.065110974,0.12382456,0.2787244,0.0017163036
1779669785503108368,1779669786525062703,0.0,0.0,-0.3793298,-0.12997481,-0.022543041,0.061496545,0.20343783,0.0033357244
1779669814117536751,1779669815135366843,0.0,0.0,-0.33075163,-0.09772626,0.0015910387,0.059654105,0.2171678,0.009134748
1779669859979683769,1779669860983253732,0.0,0.0,-0.301815,-0.09034598,0.029605392,0.09444365,0.2481062,0.008869707
1779669860983253732,1779669861996403110,0.518897265592679,0.014024250421623247,-0.34172332,-0.14215535,-0.03987252,0.03624796,0.19507161,0.004850658
1779669861996403110,1779669863009523507,0.0,0.0,-0.33809277,-0.13177165,0.016368682,0.07795548,0.2240197,0.00976042
1779669863009523507,1779669864037088670,0.0,0.0,-0.5405238,-0.2822355,-0.15039629,-0.076488495,0.12560514,0.0027036679
1779669865061227479,1779669866070755838,0.0,0.0,-0.35565656,-0.13629684,-0.059430346,0.015073974,0.16748852,0.0032829535
1779669867071024695,1779669868090943431,0.0,0.0,-0.4493416,-0.17124854,-0.05580635,0.008657355,0.1649764,0.00350956
1779669868090943431,1779669869105292477,0.0,0.0,-0.4411703,-0.15421082,-0.025066627,0.054527715,0.24700214,0.0043151006
1779669869105292477,1779669870123224995,1.063655226241958,0.027990927006402593,-0.41675544,-0.18338627,-0.07657056,-0.02270265,0.13076666,0.007533324
1779669870123224995,1779669871124675202,-1.0636552262412788,0.027990927006402593,-0.4425486,-0.17517668,-0.08305535,-0.016292352,0.16587234,0.0058042617
1779669879970530734,1779669880991067316,0.0,0.0,-0.33150074,-0.13602975,-0.040604703,0.031606507,0.21073358,0.002019102
1779669880991067316,1779669881993102882,0.0,0.0,-0.31396097,-0.09578282,-0.020998076,0.049479518,0.20019248,0.0045515453
1779669881993102882,1779669882999061588,0.0,0.0,-0.31900325,-0.10759286,0.019577025,0.09076348,0.24390782,0.006926949
1779669882999061588,1779669884008513899,0.0,0.0,-0.2702528,-0.101447396,-0.01186374,0.04453555,0.20951338,0.0047334586
1779669884008513899,1779669885018831321,0.0,0.0,-0.32737213,-0.13032156,-0.016189478,0.042488202,0.220983,0.0016830756
1779669885018831321,1779669886020885381,-0.03891636095728516,0.0010517935394710315,-0.5158932,-0.19561365,-0.0732698,-0.010284505,0.16085853,0.006632653
1779669886020885381,1779669887028636836,0.0,0.0,-0.39541528,-0.15376043,-0.038104072,0.02033872,0.19460084,0.00641272
1779669887028636836,1779669888040985787,0.0,0.0,-0.3090858,-0.05039422,0.026350813,0.08521532,0.28875285,0.004018977
1779669888040985787,1779669889053317439,0.0,0.0,-0.27755436,-0.08405464,0.010828576,0.07486662,0.22793445,0.0044836523
1779669889053317439,1779669890058510215,0.0,0.0,-0.40652847,-0.19557579,-0.05666238,0.0100127375,0.23138863,0.002786219
1779669890058510215,1779669891076723246,0.0,0.0,-0.35076678,-0.089906625,0.031484015,0.08426141,0.27943993,0.008848639
1779669892100728056,1779669893113088409,-0.7913640135870733,0.020825368778693884,-0.3875728,-0.14287156,-0.032740675,0.03811569,0.22266623,0.0076549957
1779669893113088409,1779669894134826522,0.0,0.0,-0.48822725,-0.15883426,-0.04807062,0.017420944,0.19109292,0.0026088243
1779669894134826522,1779669895142749944,0.0,0.0,-0.4009828,-0.15003625,-0.0040341895,0.05235647,0.21758986,0.0040693525
1779669895142749944,1779669896152488678,0.0,0.0,-0.43852633,-0.18280405,-0.033993974,0.025349451,0.22955185,0.00031127263
1779669896152488678,1779669897158654759,0.0,0.0,-0.25153875,-0.016074916,0.06429808,0.121851176,0.2763898,0.007208046
1779669897158654759,1779669898172621865,0.0,0.0,-0.16317609,0.014975356,0.09348657,0.16079177,0.33475378,0.0076491274
1779669898172621865,1779669899190515251,0.0,0.0,-0.42995268,-0.13495494,-0.013406397,0.07429318,0.22291164,0.0047273757
1779669899190515251,1779669900192729623,0.0,0.0,-0.42868078,-0.17035003,-0.030398859,0.03031726,0.1860583,0.0054491763
1779669901219035775,1779669902236013851,0.0,0.0,-0.30648646,-0.08279366,0.010106982,0.07645502,0.22588293,0.007243364
1779669916504627482,1779669917518540170,0.6357864745718034,0.01673122301476245,-0.38437358,-0.10790221,0.0032520369,0.06353114,0.19880445,0.0065400815
1779669917518540170,1779669918526654585,0.0,0.0,-0.2997952,-0.062566236,0.062598005,0.122030266,0.3017466,0.0046283337
1779669918526654585,1779669919532505933,0.0,0.0,-0.33292586,-0.13079505,0.018813768,0.07035909,0.23974171,0.008865954
1779669919532505933,1779669920546547522,0.0,0.0,-0.3012019,-0.022003403,0.06984014,0.12647165,0.31140342,0.005479114
1779669920546547522,1779669921568868082,0.7135897329135981,0.01877867718214077,-0.33164677,-0.053677235,0.06486326,0.12272198,0.34901625,0.009078244
1779669934938634086,1779669935970142749,0.0,0.0,-0.3861771,-0.105241075,-0.019153465,0.051904522,0.19169533,0.004211794
1779669935970142749,1779669936984573649,0.0,0.0,-0.26957574,-0.074746996,0.002310743,0.0742755,0.23999536,0.0053275777
1779669942652489467,1779669943658445218,0.0,0.0,-0.3504051,-0.13211194,-0.033356152,0.034790102,0.20458376,0.0047550024
1779669943658445218,1779669944668644218,0.0,0.0,-0.33042333,-0.09334284,-0.0037745994,0.04942752,0.18777668,0.002873898
1779669944668644218,1779669945684621473,0.0,0.0,-0.1692661,-0.012451305,0.09460235,0.15236683,0.29675168,0.0052631255
1779669945684621473,1779669946702473643,-0.67478616117058,0.017757530557105383,-0.41945577,-0.17891052,-0.057244312,0.00247413,0.23627226,0.006758822
1779669946702473643,1779669947704600443,0.0,0.0,-0.39703575,-0.14872348,-0.06416894,0.023673173,0.19005065,0.00450106
1779669947704600443,1779669948726912013,0.0,0.0,-0.45430055,-0.19349942,-0.051718086,0.0046112686,0.20659438,0.005939485
1779669948726912013,1779669949742884255,0.0,0.0,-0.2642894,-0.068534635,0.05469264,0.111789405,0.3225562,0.005281384
1779669949742884255,1779669950746716394,0.0,0.0,-0.35407877,-0.100367,-0.005619513,0.06828617,0.23093584,0.008436248
1779669951753026121,1779669952768743253,0.0,0.0,-0.51033956,-0.26572493,-0.1565479,-0.08428413,0.06673703,0.0035570287
1779669952768743253,1779669953776735008,0.0,0.0,-0.31313267,-0.08370334,0.00183115,0.09223104,0.23206967,0.0060935784
1779669954784558239,1779669955796725066,0.0,0.0,-0.39737523,-0.14286754,-0.020884959,0.030162923,0.23181221,0.004344368
1779669955796725066,1779669956808863844,0.0,0.0,-0.33457068,-0.07187317,0.02402283,0.09576322,0.25992364,0.007591572
1779669956808863844,1779669957832682988,0.0,0.0,-0.3197899,-0.11685365,-0.003810384,0.071704604,0.26178664,0.004919247
1779669957832682988,1779669958874780888,0.7916556898876191,0.020833044470822563,-0.3335982,-0.114193246,-0.02128587,0.049943294,0.28504243,0.002741939
1779669958874780888,1779669959896909437,0.25954560055447634,0.006655015398702966,-0.38803217,-0.166014,-0.01740998,0.053366464,0.2006121,0.0070820493
1779669959896909437,1779669960902713309,0.0,0.0,-0.44445133,-0.1675081,-0.061285336,0.0150967175,0.17908782,0.0029331213
1779669960902713309,1779669961904557990,0.0,0.0,-0.43055883,-0.22949967,-0.104520254,-0.034173924,0.11616065,0.004223527
1779669961904557990,1779669962910546690,0.0,0.0,-0.3050715,-0.09280901,0.0651023,0.11539299,0.3096164,0.007711108
1779669962910546690,1779669963916912724,0.0,0.0,-0.34634987,-0.12112823,0.01946419,0.076899625,0.21090925,0.0068922695
1779669963916912724,1779669964944423272,0.0,0.0,-0.366257,-0.14135568,-0.046717737,0.022102825,0.15994065,0.0047448017
1779669964944423272,1779669965946446708,0.0,0.0,-0.44215533,-0.23217906,-0.0745113,0.00051717384,0.1926143,0.006190291
1779669965946446708,1779669966952773010,0.0,0.0,-0.40328535,-0.13208394,0.0018188563,0.081172876,0.28098866,0.0017007578
1779669966952773010,1779669967960402766,0.0,0.0,-0.4425884,-0.19629715,-0.080749154,-0.010285718,0.14092006,0.004200488
1779669967960402766,1779669968972942597,0.0,0.0,-0.42936492,-0.18711175,-0.09535865,-0.021648614,0.21123013,0.0070483126
1779669968972942597,1779669969982674230,0.0,0.0,-0.3829364,-0.12750652,-0.04986307,0.034729775,0.2077239,0.005175695
1779669969982674230,1779669970984658278,0.0,0.0,-0.4451095,-0.173051,-0.039009094,0.028057138,0.22325945,0.0050708684
1779669970984658278,1779669971990827063,1.2067985595360107,0.03175785682990887,-0.3744144,-0.14633133,-0.029088078,0.047321573,0.27446714,0.006105036
1779669971990827063,1779669973018318461,-1.1938214563358813,0.03226544476594759,-0.26250887,-0.08349045,0.022777556,0.082457624,0.24713652,0.0069200764
1779669973018318461,1779669974021207026,-0.337410156467898,0.03993167769003674,-0.39881682,-0.16639815,-0.008824474,0.05737042,0.20407294,0.008169814
1779669974021207026,1779669975036495094,0.0,0.0,-0.38066867,-0.17397213,-0.07703259,-0.01963096,0.16241643,0.0012438927
1779669975036495094,1779669976062568302,0.0,0.0,-0.41990426,-0.16519095,-0.056622397,0.008357688,0.19088176,0.004738267
1779669976062568302,1779669977074390482,0.0,0.0,-0.28014705,-0.036845826,0.0887852,0.15389228,0.29697645,0.008411663
1779669977074390482,1779669978086353505,0.0,0.0,-0.3213386,-0.11496831,-0.02626905,0.05757792,0.28872138,0.006589245
1779669978086353505,1779669979100360178,1.3625480968113028,0.03619802814544402,-0.33888227,-0.117053054,-0.023146434,0.041830547,0.23067877,0.003792146
1779669980114378321,1779669981114528101,0.0,0.0,-0.40518504,-0.16016667,-0.052576076,0.045361817,0.20906939,0.0040346086
1779669981114528101,1779669982122647209,0.0,0.0,-0.3303672,-0.05423388,0.055768743,0.12171572,0.27873683,0.0030859986
1779669982122647209,1779669983130381850,0.0,0.0,-0.47415805,-0.18254966,-0.062465366,0.018158797,0.24376081,0.0066949683
1779669985282394382,1779669986284373626,0.0,0.0,-0.28893313,-0.05318348,0.057354257,0.12595303,0.27756557,0.0051867967
1779669986284373626,1779669987296551895,0.0,0.0,-0.35765415,-0.13855402,-0.011022125,0.04915839,0.27977148,0.0062075416
1779669987296551895,1779669988314300175,0.0,0.0,-0.31567782,-0.10686629,-0.024776896,0.035039287,0.2712813,0.0040180045
1779669988314300175,1779669989328485287,0.0,0.0,-0.36628816,-0.14486094,0.0011190037,0.06212413,0.25059983,0.0026000657
1779669989328485287,1779669990328574834,0.0,0.0,-0.35450685,-0.05352222,0.06250987,0.11981563,0.33190918,0.007948108
1779669990328574834,1779669991340744765,0.2724300762973794,0.007169212534039926,-0.38518766,-0.12247456,-0.028258665,0.058401782,0.22293991,0.005796228
1779669991340744765,1779669992350445739,0.0,0.0,-0.36765426,-0.12637173,-0.02528264,0.059273116,0.29238492,0.0029164825
1779669992350445739,1779669993360579184,0.0,0.0,-0.37877408,-0.1497297,-0.043319248,0.02598065,0.21559367,0.0017438163
1779669993360579184,1779669994374409083,0.0,0.0,-0.38314766,-0.15178186,-0.011669957,0.04899237,0.2076808,0.0056475555
1779669994374409083,1779669995384529592,0.0,0.0,-0.3407848,-0.10134191,-0.016472023,0.049766824,0.21534537,0.0058564697
1779669995384529592,1779669996396371568,0.0,0.0,-0.4029076,-0.116435386,-0.037953142,0.029089898,0.19781171,0.0070810216
1779669996396371568,1779669997604755179,0.0,0.0,-0.31676695,-0.06690898,0.004706492,0.07369436,0.24875422,0.008899988
1779669997604755179,1779669998620805974,0.0,0.0,-0.40525916,-0.1514589,-0.050102785,0.032357402,0.18936121,0.0064414768
1779669998620805974,1779669999683697694,1.1674734137397835,0.03155333550621988,-0.43648642,-0.17562154,-0.07289016,0.014556916,0.1414774,0.0022543897
1779669999683697694,1779670000700292310,0.0,0.0,-0.4016444,-0.16407426,-0.012869791,0.050243594,0.19191046,0.0077423668
1779670000700292310,1779670001708410658,-0.5058884115024996,0.013312852934196196,-0.45393673,-0.18702799,-0.044518568,0.018793916,0.20470339,0.0056767715
1779670001708410658,1779670002726442991,0.0,0.0,-0.3483573,-0.09043778,0.014087424,0.07178494,0.251249,0.003364705
1779670002726442991,1779670003736770854,0.0,0.0,-0.39136955,-0.150923,-0.038383305,0.04928161,0.23456478,0.0034408753
1779670003736770854,1779670004762354378,-0.09080319315964783,0.0023895577147401894,-0.3227001,-0.075682275,0.039725624,0.1001473,0.2722663,0.006839313
1779670004762354378,1779670005768674126,-0.4799734329141336,0.012972254943506229,-0.20347805,0.00724363,0.115942426,0.18141505,0.3644643,0.0068221833
1779670005768674126,1779670006780392805,0.0,0.0,-0.38676015,-0.19389632,-0.06329209,0.00702442,0.16833718,0.0044542053
1779670006780392805,1779670007798611631,0.0,0.0,-0.43548498,-0.16904952,-0.00860888,0.08215572,0.26847756,0.0047896793
1779670007798611631,1779670008826515453,-0.3502654233897075,0.009217511141725398,-0.51293147,-0.2669159,-0.121437185,-0.05045261,0.1738886,0.005684435
1779670008826515453,1779670009834512993,0.0,0.0,-0.3514209,-0.13822168,-0.006605619,0.04663021,0.27190188,0.0053622914
1779670009834512993,1779670010862580922,0.0,0.0,-0.31840667,-0.079541035,0.039910823,0.08833479,0.2923733,0.0054191262
1779670010862580922,1779670011864373807,0.0,0.0,-0.3179809,-0.14480828,-0.013026786,0.038832385,0.2426701,0.002711075
1779670011864373807,1779670012878360079,0.0,0.0,-0.54650533,-0.25130135,-0.10513004,-0.0367897,0.18175566,0.0040825973
1779670012878360079,1779670013888431160,0.0,0.0,-0.3155919,-0.07668415,-0.0005027574,0.07572485,0.2992255,0.0070565
1779670014912567113,1779670015928406603,0.0,0.0,-0.37493098,-0.15266764,-0.06633306,0.008161689,0.16497137,0.004491274
1779670015928406603,1779670016936771573,0.0,0.0,-0.4471666,-0.21393335,-0.060435325,-0.0054728054,0.22900492,0.00039464107
1779670016936771573,1779670017940977719,0.0,0.0,-0.4518993,-0.2195913,-0.111932755,-0.043757293,0.18407685,0.007269675
1779670017940977719,1779670018954831582,0.0,0.0,-0.39751846,-0.123648785,-0.0338078,0.049797475,0.24178319,0.004638043
1779670018954831582,1779670019972411245,0.0,0.0,-0.51951325,-0.24360102,-0.12087993,-0.056132097,0.13337086,0.0040683392
1779670019972411245,1779670020984755687,0.0,0.0,-0.39481723,-0.16256535,-0.06108922,0.013643452,0.24844831,0.00591968
1779670020984755687,1779670022006575153,0.0,0.0,-0.39278325,-0.12768936,-0.006713323,0.057158697,0.2435017,0.0039647496
1779670022006575153,1779670023018786084,0.0,0.0,-0.30068284,-0.12943049,-0.026266927,0.030747095,0.22305548,0.0011395672
1779670023018786084,1779670024020612780,0.0,0.0,-0.21035586,0.0013536098,0.12237901,0.18656623,0.32926014,0.0067981384
1779670024020612780,1779670025030479603,0.0,0.0,-0.28571185,-0.08719882,0.045115896,0.09946798,0.26965868,0.010047765
1779670025030479603,1779670026038601579,0.0,0.0,-0.29609868,-0.047908004,0.07214113,0.124267295,0.2994544,0.0035074446
1779670026038601579,1779670027062705248,0.0,0.0,-0.39244622,-0.14429851,-0.021122715,0.031374887,0.29614112,0.0036258867
1779670029070580871,1779670030078604654,0.0,0.0,-0.3551651,-0.13094345,0.0123957265,0.0749206,0.22670098,0.0059633404
1779670030078604654,1779670031106486075,0.0,0.0,-0.2346531,-0.046759643,0.07135338,0.12779005,0.31302184,0.006272037
1779670031106486075,1779670032114466910,0.0,0.0,-0.3741484,-0.16639912,-0.077018365,-0.01884309,0.22009575,0.0026812074
1779670032114466910,1779670033140425335,0.0,0.0,-0.3914263,-0.15654404,-0.020299576,0.04317695,0.20568053,0.0051470613
1779670033140425335,1779670034146454454,0.0,0.0,-0.36259037,-0.14847371,-0.05004841,0.022732206,0.19375883,0.007316694
1779670034146454454,1779670035154481136,0.0,0.0,-0.47866654,-0.22080891,-0.071417205,-0.0072560636,0.13875194,0.004944243
1779670035154481136,1779670036169029587,0.0,0.0,-0.36541975,-0.12882441,-0.012245077,0.051033467,0.24251236,0.004631087
1779670036169029587,1779670037184626286,0.0,0.0,-0.38037482,-0.19241787,-0.014422969,0.04780954,0.26775312,0.0057504224
1779670037184626286,1779670038202790566,0.0,0.0,-0.3304491,-0.080409944,0.020582704,0.07884214,0.22838442,0.006347804
1779670038202790566,1779670039212422789,0.0,0.0,-0.30650395,-0.058863226,0.054782055,0.11640581,0.2894029,0.0027906585
1779670039212422789,1779670040218380687,0.0,0.0,-0.4025758,-0.19952281,-0.04996921,0.0033055271,0.23261341,0.0014512151
1779670040218380687,1779670041224024144,0.0,0.0,-0.2972987,-0.042585522,0.06976006,0.13558012,0.31848308,0.007598948
1779670041224024144,1779670042232400797,0.0,0.0,-0.466576,-0.2166685,-0.115516484,-0.0544024,0.13613248,0.00667097
1779670042232400797,1779670043240348197,0.0,0.0,-0.3754554,-0.14174096,-0.029171988,0.03830679,0.22822662,0.009484368
1779670044262527423,1779670045272397156,-1.647940273031519,0.04336684929057437,-0.41651866,-0.18428256,-0.07883024,-0.0108893905,0.1605602,0.006017149
1779670045272397156,1779670046294975982,0.0,0.0,-0.31977835,-0.10914734,0.0001726479,0.06287416,0.23135449,0.0028223032
1779670046294975982,1779670047310468847,0.0,0.0,-0.4632656,-0.22212638,-0.12789598,-0.05732465,0.11410628,0.005007104
1779670047310468847,1779670048314758401,0.0,0.0,-0.30920675,-0.08517648,0.03464666,0.09816725,0.2677471,0.0065929485
1779670048314758401,1779670049339085720,0.0,0.0,-0.47824213,-0.22842777,-0.0823637,-0.024186568,0.16867496,0.0009848463
1779670049339085720,1779670050346520918,0.0,0.0,-0.25031263,-0.049883995,0.03637258,0.08118179,0.235746,0.005946901
1779670050346520918,1779670051356617686,0.0,0.0,-0.3203286,-0.13296647,-0.026997315,0.026855996,0.2253184,0.0027930026
1779670051356617686,1779670052370361418,0.0,0.0,-0.44715983,-0.22421132,-0.08716006,-0.027596556,0.1949542,0.0035756105
1779670052370361418,1779670053394624833,0.0,0.0,-0.39920256,-0.13706073,-0.007997393,0.05752984,0.27016968,0.004966022
1779670053394624833,1779670054410455873,0.0,0.0,-0.32150596,-0.13412435,-0.028426833,0.03860072,0.21447371,0.00033196708
1779670054410455873,1779670055412384958,0.0,0.0,-0.38581085,-0.1583305,-0.025432963,0.037487198,0.1877747,0.0051906025
1779670055412384958,1779670056424435644,0.0,0.0,-0.24691951,-0.031779926,0.055907264,0.11596139,0.35311982,0.0072749862
1779670058446643913,1779670059460814509,0.0,0.0,-0.2760126,-0.05717475,0.0529729,0.109763585,0.27639037,0.00486797
1779670059460814509,1779670060462258805,0.0,0.0,-0.28354067,-0.039511688,0.05511263,0.119751945,0.3305131,0.0041496074
1779670060462258805,1779670061468378938,0.0,0.0,-0.44036588,-0.18413284,-0.07718352,-0.015386867,0.18268284,0.0072649457
1779670061468378938,1779670062484414378,0.0,0.0,-0.3776345,-0.119342245,-0.008514357,0.0792047,0.22252475,0.0029243224
1779670062484414378,1779670063496246663,0.0,0.0,-0.37640223,-0.12496971,-0.012138773,0.05094431,0.2552373,0.0073136236
1779670063496246663,1779670064504330393,0.0,0.0,-0.3805994,-0.14551975,-0.027388636,0.0321175,0.22094335,0.0030536447
1779670065525323849,1779670066566297334,0.0,0.0,-0.41895315,-0.18015325,-0.068419605,0.0094244145,0.1434379,0.006862675
1779670066566297334,1779670067568250952,0.0,0.0,-0.39131245,-0.14835656,-0.05393139,0.03461561,0.18202612,0.0055286437
1779670067568250952,1779670068570359104,0.0,0.0,-0.53015244,-0.24503203,-0.0915813,-0.029795934,0.14870518,0.0061186254
1779670068570359104,1779670069578355755,0.0,0.0,-0.41042846,-0.18068002,-0.052926786,0.0072708535,0.19838771,0.002385435
1779670070584746710,1779670071594423182,0.0,0.0,-0.45650598,-0.21581782,-0.094010636,-0.019814221,0.13416927,0.004823308
1779670071594423182,1779670072618594408,0.0,0.0,-0.31178147,-0.048973985,0.047632158,0.104119904,0.32955784,0.0031409292
1779670072618594408,1779670073636701809,0.0,0.0,-0.35357904,-0.106035315,-0.018085223,0.058079932,0.24426635,0.000772303
1779670073636701809,1779670074648621979,0.0,0.0,-0.44405377,-0.19893257,-0.10106758,-0.022719866,0.115654536,0.0042927056
1779670074648621979,1779670075670437349,0.0,0.0,-0.39289534,-0.1564247,-0.032110807,0.020122612,0.21545748,0.005647667
1779670075670437349,1779670076678760591,0.0,0.0,-0.43346503,-0.20309383,-0.09380409,-0.02826256,0.1781738,0.008733693
1779670076678760591,1779670077682884959,0.0,0.0,-0.31615448,-0.055736598,0.055438425,0.13019289,0.2935814,0.0046174065
1779670077682884959,1779670078696567622,0.0,0.0,-0.48445395,-0.24617669,-0.10518402,-0.034509424,0.20486048,0.005653829
1779670078696567622,1779670079714874793,3.1918268743819853,0.08399544406304701,-0.41213083,-0.18037228,-0.05932733,0.008378357,0.16398168,0.006904527
1779670079714874793,1779670080716622642,0.0,0.0,-0.41519138,-0.200999,-0.06140769,-0.006499828,0.17246976,0.007722173
1779670080716622642,1779670081744435909,0.0,0.0,-0.34070426,-0.110678166,-0.0029181016,0.060560685,0.18642601,0.006399293
1779670084952503944,1779670085952550449,0.0,0.0,-0.36012012,-0.14697206,-0.032116752,0.032241136,0.2551252,0.0014462764
1779670085952550449,1779670086954924714,0.0,0.0,-0.36766636,-0.110284,-0.004644907,0.05339798,0.24413945,0.0036307499
1779670086954924714,1779670087964731679,0.0,0.0,-0.3597196,-0.14978057,-0.057790972,0.015584196,0.23846418,0.0020530226
1779670087964731679,1779670088972550916,-0.05189275583499014,0.0014025069149291491,-0.3784553,-0.120228484,-0.009450029,0.04874612,0.2637802,0.005915454
1779670088972550916,1779670089996423149,0.0,0.0,-0.23803188,-0.0409793,0.046860944,0.112793565,0.27284297,0.0068204785
1779670089996423149,1779670091006692197,0.0,0.0,-0.4027192,-0.1229672,0.000194086,0.057636075,0.28609526,0.0062882844
1779670091006692197,1779670092020419814,0.0,0.0,-0.4185348,-0.13132146,-0.04105432,0.032195367,0.17871206,0.0044391365
1779670092020419814,1779670093026146499,0.0,0.0,-0.2512726,-0.04849052,0.042750053,0.13846023,0.27575356,0.0020938977
1779670093026146499,1779670094036389044,0.0,0.0,-0.28665376,-0.03910217,0.042793304,0.11238645,0.39780873,0.004910627
1779670094036389044,1779670095040885590,-0.025946478902190942,0.0007012561860927087,-0.35691682,-0.14258812,-0.052120533,0.02899955,0.22162288,0.0047829608
1779670095040885590,1779670096047390556,0.0,0.0,-0.4139568,-0.18642177,-0.032539822,0.045646835,0.2654225,0.008902754
1779670096047390556,1779670097054858056,0.3762173550822473,0.06043030143609267,-0.22734952,0.006971583,0.090431035,0.14573812,0.3439178,0.007628179
1779670097054858056,1779670098064352910,0.0,0.0,-0.311445,-0.026350673,0.06399199,0.118228324,0.33351728,0.0065410617
1779670098064352910,1779670099078533729,0.0,0.0,-0.37807137,-0.1596336,-0.041512616,0.02643554,0.19661891,0.006500249
1779670099078533729,1779670100096942960,0.4410643922288406,0.01160695769065219,-0.35328603,-0.14490713,-0.04204101,0.023178767,0.20293991,0.008202892
1779670100096942960,1779670101123184063,0.0,0.0,-0.41363406,-0.15607455,-0.031026162,0.029512549,0.21268111,0.00087457115
1779670101123184063,1779670102144835636,0.0,0.0,-0.35868415,-0.14819065,-0.031877063,0.025499703,0.2525602,0.0062015546
1779670102144835636,1779670103158400009,0.0,0.0,-0.43285674,-0.1910073,-0.066864885,0.009463418,0.2646912,0.0034982157
1779670103158400009,1779670104168419539,0.0,0.0,-0.31045058,-0.12322366,-0.020586133,0.027032284,0.21432343,0.005379373
1779670104168419539,1779670105172584813,0.0,0.0,-0.42145073,-0.16967243,-0.06618076,0.0013970926,0.16560751,0.0044880705
1779670105172584813,1779670106176609894,0.0,0.0,-0.39326087,-0.12719157,-0.0060177855,0.07992919,0.229277,0.0061947936
1779670106176609894,1779670107184835330,0.0,0.0,-0.47920653,-0.2407579,-0.100252256,-0.02618878,0.19052349,0.0054912604
1779670107184835330,1779670108349689301,0.19458104755207173,0.005559458501177719,-0.3103779,-0.04907866,0.07424307,0.1249758,0.29033142,0.0030643563
1779670108349689301,1779670109356401209,0.49292170921490125,0.010715689331033588,-0.26954272,-0.013465859,0.0814275,0.15497942,0.3038766,0.010221505
1779670109356401209,1779670110372547451,0.8690396209714195,0.02286946370944065,-0.39443448,-0.07561836,0.03968499,0.10016027,0.28241178,0.0041362564
1779670110372547451,1779670111392354121,0.0,0.0,-0.3279093,-0.11991862,-0.017078098,0.047563598,0.25035864,0.008866267
1779670111392354121,1779670112398147181,0.0,0.0,-0.44509253,-0.23816662,-0.08585002,-0.029586637,0.16522084,0.0050805556
1779670112398147181,1779670113412936261,0.0,0.0,-0.32405162,-0.066755764,0.022456193,0.087717354,0.24264865,0.007889518
1779670113412936261,1779670114436315881,0.0,0.0,-0.34389025,-0.13210459,-0.022219535,0.03890568,0.22801176,0.0076218164
1779670114436315881,1779670115458840940,0.0,0.0,-0.378916,-0.15705085,-0.046034865,0.044572804,0.21243452,0.006060421
1779670115458840940,1779670116468476625,0.0,0.0,-0.41117808,-0.18812461,-0.09055632,-0.03292797,0.14924458,0.0019029316
1779670118572582375,1779670119580846021,0.0,0.0,-0.38650593,-0.1643808,-0.035476122,0.026168577,0.22430444,0.0034364094
1779670119580846021,1779670120604479609,0.0,0.0,-0.36001772,-0.16807854,-0.035495274,0.016699538,0.24887213,0.0034561434
1779670120604479609,1779670121606549266,0.0,0.0,-0.41139424,-0.17033906,-0.08747106,-0.00010376136,0.14613752,0.0052932063
1779670121606549266,1779670122632411486,0.0,0.0,-0.37135398,-0.18229504,-0.051518727,0.021858376,0.1907884,0.005155685
1779670122632411486,1779670123644271688,0.0,0.0,-0.34443286,-0.11749591,0.0105161015,0.068129085,0.23388636,0.0060770214
1779670123644271688,1779670124662278256,0.0,0.0,-0.29233867,-0.07870556,0.0367953,0.09802453,0.2613817,0.007872295
1779670559820306714,1779670560833633912,0.0,0.0,-0.3883872,-0.149443,-0.054082762,0.016530761,0.21680665,0.0024367447
1779670560833633912,1779670561845824857,0.0,0.0,-0.3992866,-0.18547326,-0.04508473,0.013058068,0.19219874,0.007201357
1779670562851707877,1779670563861796341,0.0,0.0,-0.30724078,-0.097470224,-0.0063822567,0.039061975,0.20146051,0.004522232
1779670563861796341,1779670564866018779,0.0,0.0,-0.29864928,-0.04256978,0.041003373,0.110750884,0.26698577,0.008603701
1779670564866018779,1779670565890077465,0.0,0.0,-0.26763725,-0.08875951,0.007779956,0.061155073,0.22894193,0.0028283265
1779670565890077465,1779670566915946162,0.0,0.0,-0.37435097,-0.1400468,-0.015640276,0.042173628,0.27029684,0.0015132303
1779670566915946162,1779670567930014144,0.0,0.0,-0.4218086,-0.1990794,-0.039869905,0.024984747,0.20835795,0.005040476
1779670567930014144,1779670568938068929,0.0,0.0,-0.36220008,-0.1041363,-0.013101014,0.057740606,0.273608,0.0018784588
1779670568938068929,1779670569953868578,0.0,0.0,-0.3779205,-0.12190796,-0.018970786,0.051478837,0.23593737,0.007564053
1779670569953868578,1779670570955594245,0.0,0.0,-0.31218344,-0.081734836,0.037734702,0.08956219,0.30253756,0.006900177
1779670570955594245,1779670571961610268,0.0,0.0,-0.34981146,-0.11056078,0.0017461207,0.056819003,0.22451186,0.00686195
1779670571961610268,1779670572973700070,0.0,0.0,-0.40508497,-0.1582477,-0.01795482,0.044269618,0.21183264,0.0058962787
1779670572973700070,1779670573977743918,0.0,0.0,-0.29552844,-0.066609964,0.029174019,0.10412933,0.2765427,0.010312665
1779670573977743918,1779670574981995829,0.0,0.0,-0.36034763,-0.08827493,0.03562122,0.09162128,0.24814944,0.006755494
1779670574981995829,1779670575997785080,0.0,0.0,-0.50724113,-0.26127657,-0.10098085,-0.01978828,0.14842956,0.0026300617
1779670575997785080,1779670577003592707,0.0,0.0,-0.40057507,-0.15613456,-0.049879145,0.018825362,0.18127413,0.0041199336
1779670577003592707,1779670578008206354,0.0,0.0,-0.30416325,-0.08839472,0.011296528,0.07523825,0.25633067,0.003978181
1779670578008206354,1779670579031885259,0.0,0.0,-0.44501242,-0.22098583,-0.03654849,0.027318398,0.24199314,0.0042878604
1779670579031885259,1779670580035980165,0.0,0.0,-0.39409605,-0.14559667,-0.0011838779,0.053630766,0.21243282,0.004895754
1779670580035980165,1779670581043834231,0.0,0.0,-0.33084756,-0.10770434,-0.0033021446,0.07060909,0.24559058,0.005593755
1779670582051752926,1779670583071682384,0.0,0.0,-0.33293357,-0.10282377,0.013443558,0.08222981,0.22566873,0.006754266
1779670583071682384,1779670584097616790,0.0,0.0,-0.27085197,-0.010255929,0.107598126,0.15800703,0.3677388,0.008144261
1779670584097616790,1779670585107676634,0.0,0.0,-0.38210738,-0.120985255,0.00078698137,0.06683813,0.26202178,0.005957648
1779670585107676634,1779670586125570541,0.0,0.0,-0.37338662,-0.1469489,-0.041760005,0.018720038,0.19378388,0.0039888304
1779670586125570541,1779670587135730487,0.0,0.0,-0.45097202,-0.21773899,-0.05288988,0.040310636,0.27681556,0.0035285472
1779670587135730487,1779670588139979965,0.0,0.0,-0.2894513,-0.0935191,0.035605565,0.08779403,0.26345342,0.010917172
1779670588139979965,1779670589145772345,0.0,0.0,-0.27366927,-0.04922436,0.04324215,0.099713616,0.32525936,0.005354489
1779670589145772345,1779670590160168738,0.0,0.0,-0.29766646,-0.06896482,-0.0019040956,0.075267084,0.2674101,0.009272721
1779670590160168738,1779670591170075245,0.0,0.0,-0.39528245,-0.11480336,-0.012847164,0.044406783,0.23716114,0.0061979485
1779670591170075245,1779670592191665469,0.7520790775803672,0.019791554673026804,-0.35708082,-0.09819928,0.010234677,0.08091165,0.33928424,0.0063105696
1779670592191665469,1779670593197572385,0.025932752481996047,0.0007008852021284396,-0.30586725,-0.09787799,0.03689479,0.09627202,0.24895029,0.008600424
1779670593197572385,1779670594205982702,0.0,0.0,-0.3617943,-0.1528067,-0.04161633,0.021572985,0.19644558,0.0014026453
1779670594205982702,1779670595216128585,0.0,0.0,-0.35885316,-0.109604985,0.0049770926,0.078450635,0.25393945,0.005832383
1779670595216128585,1779670596233722854,0.0,0.0,-0.41268247,-0.22007318,-0.0352616,0.024678968,0.25634804,0.0057835854
1779670596233722854,1779670597234161449,0.0,0.0,-0.42261326,-0.20595539,-0.102827646,-0.035032477,0.15500869,0.0063119377
1779670599260020487,1779670600277483523,0.0,0.0,-0.40205833,-0.16477896,-0.006238838,0.049522396,0.2455353,0.0043930365
1779670600277483523,1779670601298258967,0.0,0.0,-0.44529015,-0.20078158,-0.07401129,-0.0054592285,0.20412575,0.0072974404
1779670601298258967,1779670602309513624,0.0,0.0,-0.31931308,-0.14643915,-0.027149318,0.031795274,0.24490844,0.002773796
1779670609991659017,1779670610999766911,0.0,0.0,-0.31521946,-0.081607305,0.018353537,0.08323228,0.24174424,0.0064491406
1779670610999766911,1779670612005525443,-0.42780138614191177,0.011562199625833377,-0.45354617,-0.23997675,-0.093604036,-0.02173432,0.15820397,0.0025233221
1779670683817546905,1779670684839621543,0.0,0.0,-0.25425,-0.06283615,0.040363915,0.1077799,0.24986827,0.008409203
1779670684839621543,1779670685861679565,0.0,0.0,-0.2997867,-0.10592736,-0.0054691196,0.068575434,0.22368267,0.004259368
1779670685861679565,1779670686873737360,0.0,0.0,-0.29454803,-0.06818605,0.028284116,0.08879334,0.30075258,0.0050212243
1779670686873737360,1779670687896229931,0.5187579638625222,0.013651525364647012,-0.28511733,-0.09192497,0.0036171144,0.058655236,0.21438614,0.0030657542
1779670687896229931,1779670688908042246,0.0,0.0,-0.28718662,-0.05535974,0.050296593,0.10807604,0.3439004,0.0049117696
1779670688908042246,1779670689929620510,0.0,0.0,-0.31105986,-0.08816935,0.025919251,0.09128802,0.35451216,0.0048481505
1779670689929620510,1779670690934022280,0.0,0.0,-0.38114184,-0.13938202,-0.017569192,0.033274785,0.25331825,0.006207643
1779670690934022280,1779670691939659829,0.0,0.0,-0.43884322,-0.23640169,-0.11880643,-0.047920346,0.114691064,0.0044615013
1779670691939659829,1779670692946036954,0.0,0.0,-0.42180532,-0.18224426,-0.060494877,0.020995766,0.15739647,0.0029015164
1779670692946036954,1779670693963675524,0.0,0.0,-0.43100253,-0.23959595,-0.10768894,-0.03714778,0.1268094,0.005473134
1779670693963675524,1779670694978086707,0.0,0.0,-0.28264773,-0.01776169,0.08531365,0.1500612,0.3342693,0.0046879025
1779670694978086707,1779670695986587545,0.0,0.0,-0.5346625,-0.25484654,-0.10676325,-0.038381297,0.17810409,0.003988998
1779670695986587545,1779670696995949395,0.0,0.0,-0.3499603,-0.09215898,0.025908707,0.08182773,0.29186866,0.007150265
1779670696995949395,1779670697999929183,0.0,0.0,-0.3568815,-0.12438122,0.005377325,0.06375799,0.2500158,0.010026713
1779670697999929183,1779670699007951723,0.0,0.0,-0.33232197,-0.07393412,0.029152697,0.09319179,0.34245566,0.006507722
1779670699007951723,1779670700023897830,0.0,0.0,-0.4210698,-0.16049062,-0.020806253,0.03367252,0.23263767,0.0056118746
1779670700023897830,1779670701033524264,0.0,0.0,-0.34588528,-0.14391847,-0.040891353,0.02629009,0.21389587,0.0012027305
1779670701033524264,1779670702043631112,0.0,0.0,-0.44744208,-0.19987465,-0.026669236,0.034207284,0.24074833,0.0046842583
1779670702043631112,1779670703060201617,-0.03890591382899485,0.0010238398377058083,-0.3443625,-0.13381772,-0.043097846,0.036066543,0.2513067,0.006635561
1779670703060201617,1779670704071763910,0.0,0.0,-0.31649724,-0.15362118,-0.0134946685,0.04184438,0.2611163,0.0034223183
1779670704071763910,1779670705094096873,0.0,0.0,-0.4257631,-0.15057248,-0.07654117,-0.0075899754,0.25521535,0.003296282
1779670705094096873,1779670706110046264,0.0,0.0,-0.39826095,-0.19723777,-0.04875221,0.014196411,0.19758669,0.003204896
1779670706110046264,1779670707131830195,0.0,0.0,-0.41268164,-0.21800257,-0.05848968,0.009230142,0.1995575,0.002144076
1779670707131830195,1779670708135530407,0.0,0.0,-0.3466317,-0.13108659,-0.011971677,0.03852327,0.21569262,0.0032011482
1779670708135530407,1779670709152022384,0.0,0.0,-0.27744138,-0.021691652,0.08201071,0.14440626,0.31609705,0.0055679125
1779670709152022384,1779670710162420381,0.0,0.0,-0.33494672,-0.09136708,0.021571819,0.07468653,0.3001092,0.008116975
1779670710162420381,1779670711163621074,0.0,0.0,-0.3022308,-0.10031043,0.03845063,0.089044414,0.2773752,0.00445547
1779670711163621074,1779670712187605947,0.0,0.0,-0.4773413,-0.2203586,-0.105671495,-0.048677,0.099761225,0.0053098886
1779670712187605947,1779670713211626335,0.038905913828678716,0.0010238398377058083,-0.4044112,-0.1786123,-0.037772633,0.028071273,0.22237109,0.0015425041
1779670713211626335,1779670714217580953,0.0,0.0,-0.37559694,-0.117886715,0.005761835,0.077131405,0.22905721,0.005692475
1779670714217580953,1779670715229768637,0.0,0.0,-0.39412516,-0.15997897,-0.05610905,0.020815676,0.19664784,0.009382457
1779670715229768637,1779670716240128304,0.0,0.0,-0.27371326,-0.038128965,0.02279211,0.104562335,0.31805634,0.009731084
1779670716240128304,1779670717245543381,0.0,0.0,-0.26888475,-0.055064157,0.026811931,0.09321199,0.2215844,0.003922566
1779670717245543381,1779670718249178126,0.0,0.0,-0.29858628,-0.08525699,7.7051205e-05,0.057417728,0.23977748,0.0077980473
1779670719263455163,1779670720263706520,0.0,0.0,-0.36445752,-0.11432657,0.00012806876,0.07487306,0.22975853,0.004896463
1779670720263706520,1779670721271723506,0.0,0.0,-0.2687582,-0.01688014,0.08745151,0.13375819,0.32563257,0.0061249505
1779670721271723506,1779670722291841045,-0.36314658740222994,0.00955648914248211,-0.35108283,-0.09979363,0.011036471,0.0669763,0.2506299,0.003238834
1779670722291841045,1779670723295463828,0.0,0.0,-0.3498686,-0.119056806,-0.0006008968,0.06930442,0.24276048,0.008868792
1779670723295463828,1779670724313967458,0.0,0.0,-0.30817977,-0.05267839,0.045812204,0.10593484,0.34966296,0.003875888
1779670725323890764,1779670726333751542,0.0,0.0,-0.36511168,-0.14543213,-0.07159361,0.010035832,0.2132588,0.004545364
1779670726333751542,1779670727344160944,0.0,0.0,-0.30481893,-0.063223444,0.045032617,0.10813135,0.3538845,0.0050657834
1779670743121443860,1779670744141571234,0.0,0.0,-0.39092907,-0.15474087,-0.042003803,0.019423855,0.23816918,0.0037099235
1779670744141571234,1779670745147638058,0.0,0.0,-0.3694047,-0.1522457,0.016102139,0.08279097,0.25921926,0.005262737
1779670745147638058,1779670746155739129,-0.051892890480206615,0.0014025105530999947,-0.40046874,-0.1439412,-0.013567055,0.04341615,0.22587961,0.0050437064
1779670746155739129,1779670747173822595,-0.20757425483103864,0.0054624803903560865,-0.25775155,-0.022665583,0.056203526,0.119315185,0.3883552,0.006055601
1779670747173822595,1779670748185988782,0.0,0.0,-0.2875918,-0.05996744,0.054629844,0.11340944,0.31183252,0.0072047366
1779670748185988782,1779670749200153439,-0.609774292883352,0.016046691918160747,-0.35006782,-0.15398666,-0.021847365,0.044232618,0.2539415,0.0035957044
1779670749200153439,1779670750225871560,0.0,0.0,-0.38078162,-0.14470431,-0.034708455,0.03039816,0.1835266,0.007299105
1779670750225871560,1779670751237639103,0.0,0.0,-0.35559708,-0.15843531,-0.02028208,0.031369615,0.2501928,0.006103925
1779670751237639103,1779670752245707096,0.0,0.0,-0.4713081,-0.16003904,-0.036042888,0.024408553,0.17395397,0.0033376992
1779670752245707096,1779670753249803517,0.0,0.0,-0.4520771,-0.21388407,-0.051710106,0.02702279,0.23405297,0.003064851
1779670753249803517,1779670754261663384,0.0,0.0,-0.1820562,-0.028468834,0.062029418,0.1279654,0.300511,0.0074399426
1779670754261663384,1779670755287135273,0.6097742928838401,0.016480386294327253,-0.3344892,-0.11973235,0.016041627,0.0633911,0.24099225,0.0103539135
1779670756289951772,1779670757295648227,0.0,0.0,-0.40079767,-0.18752521,-0.043565776,0.020402264,0.21994409,0.00353971
1779670757295648227,1779670758303674907,0.0,0.0,-0.31187633,-0.077319495,0.07722453,0.12865867,0.3221082,0.010813563
1779670758303674907,1779670759303789008,0.0,0.0,-0.29391134,-0.0665499,0.04969152,0.115665644,0.25846946,0.006949983
1779670759303789008,1779670760316276335,0.298318521191766,0.00785048739980111,-0.44453004,-0.22140108,-0.0847191,-0.03195957,0.14571272,0.0040097926
1779670760316276335,1779670761335512243,0.0,0.0,-0.47279415,-0.1860913,-0.07947789,-0.009867453,0.16690056,0.0030710716
1779670761335512243,1779670762345534045,0.0,0.0,-0.43776324,-0.17395322,-0.083887324,0.00062770024,0.18695217,0.0030620908
1779670762345534045,1779670763345561533,0.0,0.0,-0.39290032,-0.12569074,-0.03887701,0.02679931,0.17381978,0.0049433224
1779670763345561533,1779670764357590603,0.0,0.0,-0.44476485,-0.15937735,-0.050239347,0.020443974,0.21833658,0.00081589364
1779670764357590603,1779670765357720292,0.0,0.0,-0.4747569,-0.17834269,-0.057677086,0.0010831025,0.16077976,0.0067293285
1779670765357720292,1779670766381596602,0.0,0.0,-0.41824988,-0.1989381,-0.061021175,0.0015342125,0.1803385,0.003558835
1779670766381596602,1779670767399656946,0.0,0.0,-0.40072203,-0.12431889,-0.032451667,0.030681636,0.19323716,0.006690392
1779670767399656946,1779670768409489488,0.0,0.0,-0.24689297,-0.049251422,0.030638434,0.08160719,0.25385097,0.0053436398
1779670768409489488,1779670769421674674,0.0,0.0,-0.34327477,-0.14951313,-0.045940667,0.016445825,0.21719623,0.0041663945
1779670769421674674,1779670770446943527,0.0,0.0,-0.36516923,-0.17067659,-0.04737357,0.00467549,0.21496151,0.0045369645
1779670770446943527,1779670771457634323,0.0,0.0,-0.35067552,-0.1208469,-0.021092296,0.039735142,0.19060162,0.0070353504
1779670771457634323,1779670772467940148,0.0,0.0,-0.50405157,-0.18134731,-0.057907004,0.0033828816,0.15502171,0.0057976646
1779670772467940148,1779670773477816682,0.0,0.0,-0.5823861,-0.3082996,-0.17076032,-0.09849813,0.10550463,0.004629352
1779670773477816682,1779670774485574018,0.0,0.0,-0.44498637,-0.21278045,-0.0385417,0.020970246,0.1786584,0.004329429
1779670774485574018,1779670775491497480,0.0,0.0,-0.3016126,-0.12106068,-0.02309003,0.03396757,0.24607483,0.0023395244
1779670775491497480,1779670776509527394,0.0,0.0,-0.2550497,-0.038810622,0.06422287,0.12479368,0.2501731,0.0046941754
1779670776509527394,1779670777523539805,0.0,0.0,-0.40431935,-0.15588987,-0.03992512,0.026960412,0.21243949,0.0031987727
1779670777523539805,1779670778531546894,0.0,0.0,-0.47539642,-0.16449204,-0.036764834,0.028044727,0.19654907,0.003814409
1779670778531546894,1779670779539543641,0.0,0.0,-0.31181732,-0.052480992,0.015886895,0.08757923,0.33334112,0.0038794389
1779670779539543641,1779670780561648750,0.025940320401975782,0.000682640010483594,-0.20718463,0.03068208,0.12432202,0.17043637,0.37303582,0.007705059
1779670780561648750,1779670781575732559,0.830054725726943,0.021843545414094924,-0.38287574,-0.14410451,-0.022475041,0.065145105,0.28274792,0.0003488773
1779670781575732559,1779670782582034696,0.3501586737904549,0.009214701941835145,-0.26011124,-0.02562817,0.11244319,0.17014661,0.30616492,0.0078015407
1779670782582034696,1779670783608191604,0.0,0.0,-0.25114605,-0.021649104,0.087779105,0.15570183,0.3290125,0.004415102
1779670783608191604,1779670784621589393,0.0,0.0,-0.41993472,-0.1838273,-0.07815423,-0.0033112657,0.20175916,0.0022540526
1779670784621589393,1779670785629569460,0.0,0.0,-0.37962958,-0.14513893,-0.048253953,0.020230923,0.2509732,0.0065653217
1779764464187594674,1779764465211208148,0.0,0.0,-0.30908516,-0.045579698,0.057230946,0.110475145,0.34236658,0.009296721
1779764465211208148,1779764466239025737,0.0,0.0,-0.4715013,-0.20403591,-0.07130594,-0.0034988667,0.1868967,0.010086419
1779764466239025737,1779764467247974964,-0.026110597966937262,0.0007056918369783403,-0.34439558,-0.09516365,-0.01876548,0.061055955,0.23374747,0.0067554046
1779764467247974964,1779764468255655400,-0.7964059899149664,0.020958052366319625,-0.3872539,-0.16321632,-0.074328616,-0.010983494,0.20293917,0.0028955538
1779764468255655400,1779764469279232488,0.0,0.0,-0.53762954,-0.2845932,-0.15314165,-0.09086696,0.088559344,0.003749733
1779764469279232488,1779764470285567824,0.0,0.0,-0.2824707,-0.06453812,0.050766993,0.10986061,0.30545768,0.006637551
1779764470285567824,1779764471299107988,0.0,0.0,-0.40502998,-0.17199561,-0.08351005,-0.013559612,0.14013182,0.006907575
1779764474309163370,1779764475311379398,0.0,0.0,-0.49378127,-0.2789335,-0.12695412,-0.059836574,0.16548188,0.005931385
1779764475311379398,1779764476313166375,0.0,0.0,-0.39654437,-0.17818852,-0.02903319,0.030406743,0.20054337,0.005590093
1779764476313166375,1779764477339127349,0.0,0.0,-0.32218274,-0.110064,0.01514412,0.086514816,0.25657535,0.005249676
1779764477339127349,1779764478343162627,0.0,0.0,-0.42845976,-0.20428534,-0.09188985,-0.019499764,0.18424486,0.007941346
1779764478343162627,1779764479349223631,0.0,0.0,-0.43025202,-0.20577385,-0.08533735,-0.019364977,0.20093267,0.0069832136
1779764479349223631,1779764480351026169,0.0,0.0,-0.33278838,-0.083786905,-0.002366123,0.06527439,0.34242225,0.003588673
1779764480351026169,1779764481357783048,0.0,0.0,-0.5121118,-0.28270724,-0.13790363,-0.06965555,0.12699938,0.005957454
1779764481357783048,1779764482363156368,0.0,0.0,-0.4040881,-0.18028711,-0.0816572,-0.005470006,0.223157,0.0039730053
1779764482363156368,1779764483385452429,0.0,0.0,-0.29909897,-0.08024294,0.004880773,0.0827666,0.25742477,0.007438827
1779764483385452429,1779764484386076870,0.0,0.0,-0.39758322,-0.18767144,-0.088469386,-0.03030746,0.15676045,0.0023912708
1779764484386076870,1779764485405250400,-0.03917431001071004,0.001030902895213091,-0.34661162,-0.07703584,0.01702911,0.07198568,0.28423774,0.0032251836
1779764485405250400,1779764486411068254,0.0,0.0,-0.50364786,-0.1766114,-0.06117838,-0.001874936,0.15682405,0.0029747828
1779764486411068254,1779764487416287214,0.0,0.0,-0.39621794,-0.14400838,-0.04018441,0.049279742,0.2921447,0.0024598504
1779764489621218461,1779764490625818014,0.0,0.0,-0.3078886,-0.07446396,-0.0021583203,0.085554086,0.26680088,0.006605741
1779764490625818014,1779764491709173326,-0.052232652066042426,0.0014509070014570272,-0.31415477,-0.06345348,0.013535702,0.08661344,0.2644171,0.007978494
1779764491709173326,1779764492717418962,0.0,0.0,-0.42411023,-0.19101793,-0.03423052,0.033017762,0.22012767,0.0067143477
1779764492717418962,1779764493742387588,4.334381964763337,0.12748182249284626,-0.4032727,-0.20760843,-0.050137196,0.011653371,0.19327359,0.0057381866
1779764493742387588,1779764494744079318,-1.357556139967223,0.0315710730224372,-0.37418544,-0.14582673,0.006320392,0.0672522,0.20696495,0.008733777
1779764494744079318,1779764495747222584,1.9840583587095695,0.05221206207127095,-0.34754932,-0.12894243,-0.025402684,0.028962996,0.199321,0.009423813
1779764495747222584,1779764496763099609,0.0,0.0,-0.43933353,-0.1889781,-0.09036163,-0.024022948,0.1662981,0.005109932
1779764497782674423,1779764498807036491,0.0,0.0,-0.3140741,-0.12549804,-0.039335378,0.029910471,0.19069505,0.0066604945
1779764498807036491,1779764499823183085,0.0,0.0,-0.38120133,-0.1425125,-0.010991286,0.05126245,0.21894696,0.004930943
1779764499823183085,1779764500847276056,0.0,0.0,-0.45583826,-0.23706433,-0.06959119,-0.003455104,0.23197396,0.0009925017
1779764500847276056,1779764501857316052,0.0,0.0,-0.41225937,-0.114810385,-0.020783018,0.056549475,0.21931084,0.006909991
1779764501857316052,1779764502861115207,0.0,0.0,-0.38044885,-0.16539295,-0.03650466,0.041430946,0.24268389,0.0025986468
1779764502861115207,1779764503867167660,0.0,0.0,-0.35809314,-0.09309936,0.0036960086,0.08051051,0.2559248,0.0052765375
1779764503867167660,1779764504873161502,-0.03915523877581152,0.01957798250675885,-0.5230511,-0.26700854,-0.124907166,-0.06884426,0.13587107,0.0059038317
1779764504873161502,1779764505876167993,0.0,0.0,-0.49212736,-0.15247573,-0.01548349,0.065803364,0.25232145,0.002789141
1779764505876167993,1779764506886591628,0.0,0.0,-0.463204,-0.21623345,-0.10308588,-0.039822903,0.15273663,0.0058303713
1779764506886591628,1779764507913245936,0.0,0.0,-0.31838325,-0.092496745,-0.015885636,0.05458095,0.20510541,0.0028774834
1779764507913245936,1779764508917438785,0.0,0.0,-0.38994634,-0.12081592,-0.039557245,0.027453464,0.22445607,0.0076017287
1779764508917438785,1779764509923121206,0.0,0.0,-0.37088835,-0.11545525,-0.017582512,0.05067007,0.22906482,0.0040748264
1779764509923121206,1779764510939344224,0.0,0.0,-0.4362227,-0.21716982,-0.038715072,0.039517727,0.23222086,0.004428242
1779764510939344224,1779764511943211605,0.0,0.0,-0.29377,-0.037081506,0.04954948,0.1284981,0.29141712,0.008264496
1779764511943211605,1779764512949049576,-0.16967447300196223,0.03125673314981276,-0.377408,-0.16814488,-0.051312093,0.013301749,0.16928917,0.004728334
1779764512949049576,1779764513949343195,0.0,0.0,-0.449997,-0.17484283,-0.04653641,0.011438291,0.22811908,0.006137658
1779764513949343195,1779764514957239978,0.0,0.0,-0.46279082,-0.23447303,-0.11811241,-0.04132058,0.12580538,0.0030886338
1779764514957239978,1779764515959038691,0.0,0.0,-0.33343714,-0.14705229,-0.04272241,0.027348163,0.2404479,0.00710692
1779764515959038691,1779764516963396868,0.0,0.0,-0.31650904,-0.087914586,0.03751155,0.09105726,0.30177405,0.002634129
1779764516963396868,1779764517970661739,0.0,0.0,-0.5661755,-0.32963526,-0.18272245,-0.10328585,0.09709395,0.0025852828
1779764517970661739,1779764518975188081,0.16967447300303334,0.0045857965674650355,-0.25575784,-0.027007323,0.047448847,0.11611661,0.29878718,0.009097806
1779764518975188081,1779764519999056332,0.0,0.0,-0.41512042,-0.21936269,-0.07683174,-0.029161794,0.17399833,0.0035068984
1779764519999056332,1779764520999253960,0.0,0.0,-0.28275767,-0.07176465,0.030587813,0.08104861,0.26878306,0.00702333
1779764520999253960,1779764522001796709,0.02610350955029172,0.0007055002583335004,-0.337767,-0.12302871,-0.022843013,0.03224193,0.24705638,0.0050254273
1779764522001796709,1779764523045994027,0.0,0.0,-0.3153085,-0.11797823,-0.0110598225,0.053623557,0.28297317,0.003269976
1779764523045994027,1779764524051018518,1.6574333312564693,0.04143583328142242,-0.38454613,-0.09434805,0.0028446428,0.0813099,0.2551363,0.006951367
1779764525065114011,1779764526089037348,0.0,0.0,-0.26728362,-0.028571581,0.075782746,0.13989635,0.2801468,0.008171608
1779764526089037348,1779764527095358843,0.0,0.0,-0.33365124,-0.047692575,0.07564497,0.15139987,0.29424053,0.0067993584
1779764527095358843,1779764528103645231,0.0,0.0,-0.34336236,-0.123768315,-0.008621524,0.050453424,0.24197641,0.0032536094
1779764528103645231,1779764529127171139,0.0,0.0,-0.31505975,-0.080548696,0.024331292,0.093375936,0.36589712,0.005007578
1779764529127171139,1779764530133475062,0.0,0.0,-0.41312337,-0.11855743,-0.024538629,0.05235484,0.2184918,0.0071724965
1779764530133475062,1779764531147341877,0.0,0.0,-0.42652914,-0.1939399,-0.06538953,0.00044373845,0.1794459,0.0024581195
1779764531147341877,1779764532153219494,0.0,0.0,-0.37465578,-0.13259967,-0.0057029556,0.05568437,0.2426279,0.0036290414
1779764532153219494,1779764533165348368,-0.9004611933417177,0.023696347193230258,-0.21952647,-0.069331564,0.05216789,0.11566688,0.26521656,-0.0013047733
1779764533165348368,1779764534188525056,0.0,0.0,-0.25596744,-0.04778894,0.06442307,0.1394534,0.2776925,0.006233627
1779764534188525056,1779764535210821071,0.0,0.0,-0.36624873,-0.13094743,-0.028054478,0.030499447,0.19338687,0.01007831
1779764535210821071,1779764536234988572,0.0,0.0,-0.29797384,-0.078210406,0.024840489,0.091583766,0.26469046,0.006012341
1779764536234988572,1779764537243964633,0.0,0.0,-0.28024334,-0.06702067,0.0116546545,0.066761084,0.26034275,0.0056478935
1779764537243964633,1779764538255208882,0.0,0.0,-0.19004147,-0.0099031795,0.07616761,0.14373149,0.29236844,0.005526804
1779764538255208882,1779764539256930787,0.0,0.0,-0.33762896,-0.07628629,0.018554762,0.08559617,0.2548157,0.0077717802
1779764539256930787,1779764540257493186,0.0,0.0,-0.34446895,-0.12818944,-0.03154154,0.038608022,0.2405582,0.007884927
1779764540257493186,1779764541265104358,0.0,0.0,-0.5307085,-0.27118257,-0.1447903,-0.07723209,0.15505013,0.004637829
1779764541265104358,1779764542285041865,-0.4828894014546738,0.012707615827915669,-0.4587223,-0.20036079,-0.09738265,-0.03386446,0.16391468,0.005126895
1779764542285041865,1779764543307289645,-0.6656425345438791,0.01751690880347212,-0.27313042,-0.06746012,0.02938196,0.07828501,0.22733003,0.0061963983
1779764543307289645,1779764544335120248,0.0,0.0,-0.31292894,-0.03740478,0.07669306,0.15372941,0.29747126,0.0060177795
1779764544335120248,1779764545353112454,0.0,0.0,-0.43141612,-0.23872492,-0.05935663,0.006663028,0.2234515,0.0065694433
1779764545353112454,1779764546357518699,-0.8484321631360555,0.022930599003745087,-0.24151917,-0.04414843,0.07756595,0.12566648,0.29052678,0.01067095
1779764546357518699,1779764547372953718,0.0,0.0,-0.38869995,-0.16822648,-0.049498927,0.006153646,0.15765773,0.008015284
1779764547372953718,1779764548383042137,0.0,0.0,-0.45783687,-0.20004334,-0.091495454,-0.023926044,0.1576827,0.0074487636
1779764548383042137,1779764549397087950,0.0,0.0,-0.4114904,-0.16011882,-0.051146816,0.01795053,0.1568561,0.0080218
1779764549397087950,1779764550406052324,0.0,0.0,-0.291022,-0.03615813,0.05759187,0.12690747,0.38353497,0.0068788263
1779764550406052324,1779764551411011972,0.0,0.0,-0.3968976,-0.13130935,-0.037397712,0.03952188,0.20162703,0.007186626
1779764551411011972,1779764552423042636,0.5221206191197597,0.013740016292448774,-0.2205314,-0.0047090114,0.082013346,0.13856535,0.3802228,0.007365205
1779764552423042636,1779764553435077463,0.0,0.0,-0.3706921,-0.13296232,0.0032970358,0.06515917,0.26913878,0.008196493
1779764553435077463,1779764554452881646,0.0,0.0,-0.42090264,-0.20688863,-0.103370525,-0.033582874,0.15206371,0.0061720023
1779764554452881646,1779764555461072533,0.8744909685032555,0.022422845346407407,-0.41488862,-0.15361501,-0.05344018,0.01966595,0.1565347,0.007563885
1779764555461072533,1779764556485032359,0.0,0.0,-0.4233409,-0.18078448,-0.06417034,0.008721599,0.1719169,0.0048378776
1779764556485032359,1779764557501215615,-0.7048076367532002,0.01854756938818606,-0.4065141,-0.121821105,0.006424013,0.06347326,0.21575855,0.0035772414
1779764557501215615,1779764558525091495,0.0,0.0,-0.22397293,-0.051533625,0.061108653,0.12496516,0.25442317,0.0031182459
1779764558525091495,1779764559541199797,0.20883707119936423,0.005495712399781078,-0.3424112,-0.105660185,-0.027744733,0.056866825,0.25228888,0.007828543
1779764559541199797,1779764560547326537,0.0,0.0,-0.25125948,-0.0880232,0.0018323398,0.06565486,0.22323357,0.0043591294
1779764560547326537,1779764561565185288,0.0,0.0,-0.3424074,-0.100381345,-0.011136664,0.051817276,0.21053404,0.0076256692
1779764561565185288,1779764562573264935,0.0,0.0,-0.3575383,-0.16370162,-0.063136965,0.003747586,0.15547623,0.0054994137
1779764562573264935,1779764563577439217,0.0,0.0,-0.37014613,-0.14918259,-0.036248896,0.022422625,0.21538003,0.0057049133
1779764563577439217,1779764564591188841,-0.28715209730610985,0.007556634139479899,-0.47989082,-0.23911406,-0.11902576,-0.042042807,0.14333172,0.0016889862
1779764564591188841,1779764565607751445,0.0,0.0,-0.37566856,-0.13509108,-0.030490957,0.050103765,0.27603027,0.0021523472
1779764565607751445,1779764566609894617,0.0,0.0,-0.30382562,-0.09447882,0.033942234,0.09754039,0.27622262,0.012153583
1779764566609894617,1779764567625190210,0.5481923033858848,0.014426113246669484,-0.43336684,-0.1567204,-0.058212433,0.008271376,0.17666431,0.0037275136
1779764567625190210,1779764568649091737,0.0,0.0,-0.3466438,-0.13726585,-0.060445797,-0.001783725,0.15890071,0.0038351596
1779764568649091737,1779764569675153696,0.0,0.0,-0.43325123,-0.19287135,-0.06239326,0.0033853543,0.18739945,0.0066186455
1779764569675153696,1779764570677153139,0.0,0.0,-0.21518481,-0.029815832,0.048911117,0.09910943,0.27511656,0.0047554458
1779764570677153139,1779764571705118040,0.0,0.0,-0.46899334,-0.15976198,-0.029792901,0.03194805,0.16976656,0.005225075
1779764571705118040,1779764572717137428,0.0,0.0,-0.41799337,-0.18312319,-0.072006695,0.0075424802,0.19260907,0.0066050286
1779764572717137428,1779764573729262952,0.0,0.0,-0.497719,-0.24859346,-0.0856738,-0.018253975,0.13743313,0.00567317
1779764573729262952,1779764574743071520,-0.626507942824626,0.016487051126907504,-0.47067562,-0.15634154,-0.0045668995,0.048450258,0.20560929,0.006393341
1779764574743071520,1779764575767129447,0.0,0.0,-0.22814754,-0.017739646,0.09456754,0.18003315,0.31485316,0.0060364055
1779764575767129447,1779764576771051582,0.0,0.0,-0.41157508,-0.16808423,-0.064603485,0.015617624,0.1860849,0.0069503468
1779764576771051582,1779764577771542404,0.0,0.0,-0.51676184,-0.22053711,-0.10321722,-0.04203198,0.13171422,0.007400573
1779764577771542404,1779764578793099085,0.0,0.0,-0.30203974,-0.11458365,-0.0046345964,0.055293515,0.26979613,0.003740046
1779764578793099085,1779764579798975496,0.0,0.0,-0.46972352,-0.18099223,-0.072388895,-0.013914799,0.15554598,0.0043684174
1779764579798975496,1779764580805348229,0.0,0.0,-0.35964456,-0.14979237,-0.05638728,0.0052801655,0.22899511,0.004694037
1779764580805348229,1779764581819277552,-0.6396006805434368,0.016831596856398415,-0.43454424,-0.20247929,-0.09070021,-0.024604972,0.11349524,0.005557173
1779764704713197682,1779764705738985238,0.0,0.0,-0.4513234,-0.15654941,-0.05021406,0.03387342,0.22177358,0.005303958
1779764705738985238,1779764706756961618,0.0,0.0,-0.35822168,-0.14982109,0.021689203,0.0882935,0.28915077,0.003911668
1779764706756961618,1779764707757112035,0.0,0.0,-0.3367653,-0.106999286,-0.013764523,0.036820818,0.18135788,0.004475198
1779764707757112035,1779764708779335442,0.0,0.0,-0.46570584,-0.2580588,-0.114531964,-0.043847337,0.15909179,0.004078366
1779764708779335442,1779764709805117189,0.0,0.0,-0.36165696,-0.13587846,-0.0282878,0.03931788,0.16973467,0.005436958
1779764709805117189,1779764710805172383,0.0,0.0,-0.48523352,-0.2579177,-0.1340387,-0.06689827,0.15966994,0.005825196
1779764710805172383,1779764711831011051,0.0,0.0,-0.35802445,-0.05137188,0.04109666,0.10418016,0.2869482,0.0032739101
1779764711831011051,1779764712837006835,0.0,0.0,-0.3970268,-0.116083585,-0.013617512,0.048519634,0.2237652,0.0056853225
1779764712837006835,1779764713857833529,0.0,0.0,-0.41392675,-0.20656988,-0.068279035,-0.009748902,0.14292021,0.005339479
1779764713857833529,1779764714879069485,0.0,0.0,-0.35139322,-0.11689333,-0.028381182,0.041552365,0.23294412,0.0056032483
1779764714879069485,1779764715903104898,0.0,0.0,-0.37094378,-0.14884044,-0.017273607,0.04378627,0.19383611,0.004491162
1779764715903104898,1779764716919016837,0.0,0.0,-0.35878706,-0.107487485,-0.01935189,0.03710397,0.24355347,0.0046218126
1779764716919016837,1779764717919250164,0.0,0.0,-0.22654639,-0.06941345,0.0116582,0.0663482,0.23479295,0.0041826363
1779764718919341926,1779764719935001476,1.5406178038416811,0.04054257378518032,-0.48302358,-0.18763667,-0.06782428,-0.0073873517,0.17153162,0.007693221
1779764720943129654,1779764721964160237,1.1356634897700206,0.029885881309348564,-0.45790258,-0.11912805,0.011986863,0.0846786,0.25513402,0.0030653698
1779764721964160237,1779764723033347263,-0.3524334880053049,0.009274565473510757,-0.31934032,-0.07302523,0.023439663,0.07771254,0.2887041,0.008477522
1779764723033347263,1779764724059148545,-0.9137742996890956,0.022287178041302806,-0.42135194,-0.18590699,-0.024466593,0.037888993,0.18247041,0.008081469
1779764724059148545,1779764725061010875,0.0,0.0,-0.31569406,-0.10506195,0.02994936,0.08583446,0.27168477,0.0040615224
1779764725061010875,1779764726075014510,0.0,0.0,-0.43591905,-0.2031548,-0.07060396,0.004058777,0.23155575,0.0027080989
1779764726075014510,1779764727076908536,0.0,0.0,-0.3536917,-0.10319011,0.0053601325,0.066335,0.2516095,0.0024098726
1779764727076908536,1779764728077164686,0.0,0.0,-0.2309811,-0.0037499655,0.1020685,0.15709941,0.34936655,0.004062298
1779764728077164686,1779764729099213310,0.0,0.0,-0.37459424,-0.15629084,-0.029271293,0.055748474,0.22132343,0.0032060621
1779764729099213310,1779764730125767186,0.0,0.0,-0.3586246,-0.086765535,0.035302658,0.09364099,0.2833251,0.0068967273
1779764730125767186,1779764731149049391,0.013054506479099778,0.00034353964398361005,-0.3418533,-0.13851243,-0.009925422,0.051564332,0.28439578,0.0067293514
1779764731149049391,1779764732170319974,0.0,0.0,-0.35951343,-0.13356343,-0.04012399,0.03505949,0.23494497,0.0028709692
1779764732170319974,1779764733193042158,-0.013054506480300517,0.00034353964398361005,-0.44975024,-0.23518856,-0.1275876,-0.064585194,0.11900714,0.008029031
1779764733193042158,1779764734209146145,-1.1749753758263592,0.03092040462688616,-0.5030572,-0.21697965,-0.09145192,-0.0054721055,0.23665605,0.0055412464
1779764734209146145,1779764735226923193,-1.240401578336501,0.03264214679841054,-0.2879087,-0.072099075,0.031030595,0.12235578,0.31134263,0.0065292846
1779764735226923193,1779764736231036788,0.0,0.0,-0.39125997,-0.17561848,-0.07168307,-0.002612253,0.18535091,0.0047766794
1779764736231036788,1779764737259302078,0.0,0.0,-0.35750347,-0.1332059,-0.016212875,0.05776153,0.23245302,0.008003326
1779764737259302078,1779764738265390717,0.0,0.0,-0.26262778,-0.1107489,0.0003982962,0.049697727,0.23553106,0.0032764487
1779764738265390717,1779764739275069725,0.0,0.0,-0.36288083,-0.11754841,-0.01947247,0.047015466,0.22265807,0.0046911826
1779764739275069725,1779764740295277760,0.6659189226573179,0.017524182175084713,-0.34538236,-0.060628172,0.051809672,0.119281426,0.35545167,0.0032872702
1779764740295277760,1779764741319002901,-0.4961706723677471,0.013057122957118701,-0.38295904,-0.15008712,-0.032258656,0.023133442,0.2713592,0.005824378
1779764741319002901,1779764742322886245,0.0,0.0,-0.44560185,-0.21860953,-0.09590598,-0.025033081,0.14248432,0.006283813
1779764742322886245,1779764743343101762,0.0,0.0,-0.4619419,-0.22513404,-0.09393823,-0.022639524,0.13939364,0.006521994
1779764743343101762,1779764744344121079,0.5353409927560646,0.015745323316535324,-0.43239,-0.18538874,-0.067005344,0.008827274,0.22203484,0.007880294
1779764744344121079,1779764745361169755,0.4047509933279627,0.009871975446971213,-0.41035593,-0.15651731,-0.0031229649,0.061053015,0.20280345,0.007849186
1779764745361169755,1779764746367299914,0.0,0.0,-0.3020892,-0.09300741,0.016783446,0.07002401,0.25322106,0.004406109
1779764746367299914,1779764747381183424,0.0,0.0,-0.44899452,-0.22185427,-0.060051795,-0.0062694442,0.19574268,0.004458557
1779764747381183424,1779764748393212356,0.0,0.0,-0.35827813,-0.122627616,-0.030622361,0.04589994,0.27709234,0.0016192718
1779764748393212356,1779764749406975794,0.0,0.0,-0.3083906,-0.044138283,0.07791298,0.13122968,0.32972777,0.005834625
1779764749406975794,1779764750413085709,0.0,0.0,-0.29163375,-0.02201271,0.09261574,0.15213388,0.4159302,0.004177006
1779764750413085709,1779764751433271480,0.0,0.0,-0.2836919,-0.06987511,0.017353807,0.08415485,0.22044428,0.003257805
1779764751433271480,1779764752439195302,0.0,0.0,-0.22569533,-0.04813363,0.045689337,0.123902075,0.25528103,0.003080298
1779764752439195302,1779764753459079851,0.0,0.0,-0.35858592,-0.100911655,0.00062249816,0.062397435,0.2037895,0.0073102945
1779764753459079851,1779764754475379641,0.0,0.0,-0.3655368,-0.15532483,-0.037443504,0.023097353,0.21419111,0.0012784118
1779764754475379641,1779764755481156529,-0.417807749743371,0.011292101344554955,-0.36260936,-0.1641204,-0.035342664,0.014629396,0.24006075,-0.00034650994
1779764755481156529,1779764756491441735,0.0,0.0,-0.23814566,-0.045106098,0.059577916,0.10890987,0.31468198,0.006884657
1779764756491441735,1779764757498971540,0.0,0.0,-0.3333343,-0.14393637,0.0033828348,0.07041599,0.29427776,0.0043188166
1779764757498971540,1779764758505410382,0.0,0.0,-0.3097555,-0.05443844,0.055313997,0.114112444,0.3493421,0.011021997
1779764758505410382,1779764759513137740,0.0,0.0,-0.32418704,-0.06459159,0.030339956,0.08942645,0.2934393,0.007532543
1779764759513137740,1779764760537218893,0.0,0.0,-0.33720967,-0.11513711,0.005168473,0.06547081,0.2323975,0.0044847666
1779764760537218893,1779764761539116172,-1.2665864076946847,0.03333122125485264,-0.48565033,-0.16916919,-0.032530166,0.040633675,0.23250313,0.0040395623
1779764761539116172,1779764762541313323,0.0,0.0,-0.28398356,-0.034229025,0.06588886,0.1274616,0.28556994,0.0085389875
1779764763561284088,1779764764565146166,0.0,0.0,-0.48750764,-0.2146579,-0.10575767,-0.03327623,0.13281137,0.0027972832
1779764764565146166,1779764765571218780,0.0,0.0,-0.18012953,-0.03164045,0.056478046,0.118812,0.28756562,0.005687708
1779764765571218780,1779764766592941980,0.0,0.0,-0.40045708,-0.1290734,-0.013514287,0.0815756,0.23910794,0.005142698
1779764766592941980,1779764767597146444,0.0,0.0,-0.2867586,-0.0527892,0.04257722,0.08790852,0.26786113,0.0055703153
1779764767597146444,1779764768601379292,-0.6660015359661211,0.017526356209604375,-0.45051956,-0.24163875,-0.10625812,-0.029095776,0.20118605,0.005426466
1779764768601379292,1779764769625119483,0.0,0.0,-0.34596807,-0.09944327,0.0007759008,0.057549506,0.21673176,0.0044625336
1779764769625119483,1779764770651345685,0.0,0.0,-0.29150802,-0.049931422,0.03965737,0.10679825,0.26418072,0.008689256
1779764770651345685,1779764771673105497,0.0,0.0,-0.3297905,-0.13071144,-0.05172457,0.0051605413,0.16432767,0.0048269914
1779764771673105497,1779764772677300983,0.0,0.0,-0.38307765,-0.10337141,0.009451988,0.06964132,0.30948585,0.0061130486
1779764772677300983,1779764773677315765,0.0,0.0,-0.45801046,-0.19089307,-0.043072116,0.015138708,0.16603012,0.0032742799
1779764773677315765,1779764774687130494,0.0,0.0,-0.41026804,-0.1724889,-0.07280084,-0.012211928,0.18224096,0.00924684
1779764774687130494,1779764775713444898,0.0,0.0,-0.2896189,-0.09053099,0.024851032,0.08474998,0.24025607,0.010920868
1779764775713444898,1779764776723134489,0.0,0.0,-0.35571864,-0.16208695,-0.044487238,0.015026175,0.22951871,0.0030967763
1779764776723134489,1779764777741733893,0.0,0.0,-0.37380558,-0.1407246,-0.01351655,0.042141017,0.28713727,0.0027772023
1779764777741733893,1779764778751252779,-0.11100456849281563,0.0030001234731348693,-0.4019976,-0.18821089,-0.0861576,-0.017069234,0.17626037,0.0058937087
1779764778751252779,1779764779755180913,-0.9468537526156003,0.024917204016118355,-0.44234994,-0.19054551,-0.08076021,-0.026032997,0.19420712,0.006355657
1779764779755180913,1779764780767121402,-0.22203385625379923,0.0058429962169233365,-0.32343107,-0.049993895,0.06449279,0.13058017,0.3054078,0.004984443
1779764780767121402,1779764781771250298,0.0,0.0,-0.43902895,-0.20108415,-0.056846157,-0.0036296414,0.15129861,0.0069561987
1779764781771250298,1779764782777059123,0.0,0.0,-0.37946305,-0.1793112,-0.070540555,-0.0111236,0.17502423,0.002261919
1779764782777059123,1779764783793820441,1.1754173234785625,0.03093203482824953,-0.25242832,-0.0014066802,0.08538627,0.15842257,0.36475283,0.0057073683
1779764783793820441,1779764784817005008,0.09141555683751293,0.0023439886366925467,-0.28885102,-0.067137495,0.037788194,0.118982434,0.25764495,0.0070501952
1779764784817005008,1779764785836985749,0.0,0.0,-0.44566965,-0.20475699,-0.088832274,-0.01134302,0.23797813,0.008145801
1779764785836985749,1779764786859209028,0.6137685258806025,0.016151803312836638,-0.512084,-0.2553408,-0.06961851,-0.015364846,0.21103059,0.006121109
1779764786859209028,1779764787872987791,0.0,0.0,-0.25036767,-0.038816802,0.08272141,0.15698478,0.30001163,0.0061172713
1779764787872987791,1779764788876921311,0.0,0.0,-0.2965518,-0.118574545,-0.0005317303,0.04849901,0.19596024,0.004065936
1779764788876921311,1779764789889067183,-0.47011719638456095,0.012371505168143483,-0.2669183,-0.08620719,0.008206595,0.06625004,0.22474729,0.003597241
1779764789889067183,1779764790915252496,0.0,0.0,-0.40299404,-0.14285429,-0.0487189,0.034282584,0.1967871,0.004877441
1779764790915252496,1779764791939571159,0.0,0.0,-0.26465878,-0.014618198,0.09707291,0.1442061,0.33273146,0.008400738
1779764791939571159,1779764792945010290,0.0,0.0,-0.33844104,-0.10328326,-0.008802546,0.049705308,0.20439915,0.0036299054
1779764792945010290,1779764793963289683,0.0,0.0,-0.31027356,-0.06648325,0.033011813,0.0880985,0.27246836,0.0078041353
1779764793963289683,1779764794964811425,0.0,0.0,-0.12453436,0.024447149,0.13961397,0.20847169,0.34238556,0.0048505277
1779764794964811425,1779764795989079633,0.0,0.0,-0.34080207,-0.12830901,-0.021916928,0.039271787,0.26184332,0.0064055594
1779764795989079633,1779764797009141402,0.0,0.0,-0.3998628,-0.13001241,-0.021243086,0.058042582,0.19133058,0.0043403045
1779764797009141402,1779764798011286263,0.0,0.0,-0.37187412,-0.1645468,-0.01894986,0.040125273,0.25142893,0.0013447696
1779764798011286263,1779764799013334558,0.0,0.0,-0.29750577,-0.11951904,-0.017354857,0.03198017,0.19222471,0.0044851066
1779764799013334558,1779764800036952480,0.0,0.0,-0.20004651,-0.06128116,0.061996643,0.120404445,0.27584913,0.003684757
1779764800036952480,1779764801043091577,0.0,0.0,-0.4123054,-0.175725,-0.062942296,0.0012146238,0.17233917,0.005227574
1779764801043091577,1779764802045131726,0.0,0.0,-0.1933486,-0.018051129,0.06876379,0.14898579,0.31545198,0.004471581
1779764802045131726,1779764803051229548,0.0,0.0,-0.24192867,-0.029884811,0.06284974,0.11833141,0.3015871,0.005521032
1779764803051229548,1779764804077171240,0.0,0.0,-0.37697804,-0.14161496,-0.047207594,0.022472825,0.2729156,0.0033355549
1779764804077171240,1779764805101248803,-0.9925422214066584,0.026119532142300873,-0.46185613,-0.23201661,-0.13081154,-0.053029567,0.09350074,0.0027728179
1779764805101248803,1779764806113253674,0.0,0.0,-0.31566006,-0.14832434,-0.013369143,0.039029855,0.25542617,0.003389757
1779764807123004432,1779764808125234953,0.0,0.0,-0.37629706,-0.15239812,0.006031549,0.06610009,0.24550283,0.0056996993
1779764808125234953,1779764809149167100,0.0,0.0,-0.29698455,-0.022490414,0.098458566,0.14656559,0.3677899,0.008359241
1779764809149167100,1779764810165169340,0.0,0.0,-0.42517668,-0.17029773,-0.04756199,0.016775608,0.14851344,0.004374683
1779764810165169340,1779764811191363076,0.0,0.0,-0.2944698,-0.06415256,0.025857434,0.086849935,0.29270828,0.005841753
1779764811191363076,1779764812211093344,-0.44408250276678085,0.011686381651861217,-0.36261392,-0.1486268,-0.057491865,0.0010635306,0.19109868,0.0022647285
1779764812211093344,1779764813235535197,-0.18286323332649482,0.004812190350995437,-0.24381374,-0.018016966,0.10929344,0.16470228,0.30066106,0.010044171
1779764813235535197,1779764814251040850,-0.417985661845768,0.010999622679831515,-0.43191254,-0.17051768,-0.07277833,-0.0117856385,0.17402147,0.0078025106
1779764815275169443,1779764816299066421,0.0,0.0,-0.3636868,-0.10807618,0.016084528,0.09641121,0.29054084,0.0011783458
1779764816299066421,1779764817309043298,0.0,0.0,-0.3796232,-0.09454606,0.022817887,0.07877218,0.29369238,0.0070291176
1779764817309043298,1779764818321049894,0.0,0.0,-0.28218624,-0.10019494,-0.0032538797,0.046246704,0.21447356,0.005163673
1779764818321049894,1779764819325013755,0.0,0.0,-0.5084891,-0.24300815,-0.06488752,-0.0057905745,0.24269922,0.0054568634
1779764819325013755,1779764820343029811,0.0,0.0,-0.2997466,-0.09337382,-0.003253903,0.061119873,0.32276586,0.0052721496
1779764820343029811,1779764821359023835,-0.03918705155404808,0.0010312381989277092,-0.42339465,-0.18053812,-0.041705977,0.024853738,0.18764435,0.0028440943
1779764821359023835,1779764822381110358,0.0,0.0,-0.40817425,-0.14931357,-0.017764328,0.052046772,0.2601615,0.0064659356
1779764944034902471,1779764945038926927,0.0,0.0,-0.3550564,-0.120596334,-0.028325824,0.044271693,0.20851524,0.006412365
1779764945038926927,1779764946054451314,-2.7291721245388327,0.07376140877094153,-0.42620328,-0.18365228,-0.064777486,0.011342274,0.25090125,0.007768044
1779764947079095279,1779764948093525546,0.0,0.0,-0.29613245,-0.006908505,0.099911414,0.16961199,0.32270467,0.007766865
1779764948093525546,1779764949096744087,0.0,0.0,-0.4777876,-0.23404233,-0.10633179,-0.028418576,0.16707043,0.0033997742
1779764949096744087,1779764950105045699,0.0,0.0,-0.3520729,-0.122548975,-0.03109001,0.044663712,0.24547423,0.01109666
1779764951123026182,1779764952145264143,0.0,0.0,-0.2699877,-0.02560097,0.09815773,0.15014252,0.3164763,0.0055424725
1779764952145264143,1779764953157120807,0.0,0.0,-0.39156738,-0.15263055,-0.032892935,0.03341988,0.21441795,0.0044321814
1779764954171076457,1779764955191977536,-0.15674544214098135,0.004124880056235575,-0.2702368,-0.0016014194,0.10066858,0.16283059,0.34190428,0.004613547
1779764955191977536,1779764956200992783,-0.3004356316870978,0.007906200834134916,-0.3645969,-0.15541632,-0.030688636,0.025089674,0.18005197,0.0058457716
1779764956200992783,1779764957203488481,0.0,0.0,-0.42267236,-0.16517353,-0.06706651,-0.006733944,0.17766954,0.0057775206
1779764957203488481,1779764958211977882,0.0,0.0,-0.4282224,-0.1938384,-0.054580573,0.008577528,0.20610547,0.0037750003
1779764958211977882,1779764959215066948,0.0,0.0,-0.3322863,-0.14431837,-0.034282096,0.02842793,0.24442133,0.0038878703
1779764959215066948,1779764960223085181,0.0,0.0,-0.34739313,-0.13422705,-0.012334469,0.04769901,0.24791631,0.0039262474
1779764960223085181,1779764961235020232,0.0,0.0,-0.37560928,-0.107529126,0.004476808,0.063648656,0.23842739,0.008205556
1779764961235020232,1779764962251122410,-0.48332843482976495,0.012719169337409807,-0.3966252,-0.1251586,-0.00997504,0.052413203,0.2252075,0.0027151792
1779764962251122410,1779764963271397145,0.0,0.0,-0.29901928,-0.09385152,-0.01781313,0.051390145,0.22656648,0.006281594
1779764963271397145,1779764964297098157,0.0,0.0,-0.46065867,-0.21848345,-0.096930794,-0.03301039,0.14504634,0.0035844878
1779764964297098157,1779764965305133930,0.8882613009334146,0.02337529739315196,-0.40504557,-0.1204972,-0.04066652,0.024982413,0.19079708,0.006708407
1779764965305133930,1779764966332737188,0.5224697932015928,0.013749205083930866,-0.43337384,-0.13423733,-0.03664563,0.018332683,0.19298348,0.0051829913
1779764966332737188,1779764967334960398,0.0,0.0,-0.4528708,-0.21949016,-0.059071846,0.027505392,0.19614816,0.00670664
1779764967334960398,1779764968355246806,0.0,0.0,-0.50272,-0.18827261,-0.038440596,0.037524194,0.22817259,0.0040160236
1779764968355246806,1779764969355296996,0.0,0.0,-0.31608963,-0.09379859,0.008794685,0.081339784,0.21617524,0.0059476546
1779764969355296996,1779764970355460075,0.0,0.0,-0.38508886,-0.14308237,-0.04059992,0.019318275,0.21819526,0.0055002384
1779764970355460075,1779764971357256482,0.0,0.0,-0.39815935,-0.1705737,-0.068562955,0.019454975,0.20519887,0.0067235497
1779764971357256482,1779764972358953554,0.0,0.0,-0.36779118,-0.112412296,-0.035578202,0.043709263,0.1963092,0.0063425023
1779764972358953554,1779764973358997864,0.0,0.0,-0.30044073,-0.070932485,0.032361437,0.07902169,0.26221427,0.0053938776
1779764975627100320,1779764976639422854,0.0,0.0,-0.35002664,-0.1013791,0.002721543,0.062070146,0.25663796,0.0036353243
1779764976639422854,1779764977659548587,0.0,0.0,-0.38888633,-0.1848204,-0.0493096,0.012069863,0.19708449,0.0042736786
1779764977659548587,1779764978675066768,0.0,0.0,-0.26250663,-0.08845717,-0.00773575,0.057852067,0.22225875,0.0031947617
1779764978675066768,1779764979701276268,0.0,0.0,-0.36407238,-0.12536147,-0.018338608,0.06302133,0.27513736,0.0013091981
1779764979701276268,1779764980723113958,0.0,0.0,-0.37617138,-0.19127123,-0.059833985,0.011447458,0.17565657,0.004703173
1779764981736667059,1779764982759112864,0.0,0.0,-0.41401115,-0.12926741,-0.028250944,0.029458474,0.24109973,0.0063434257
1779764982759112864,1779764983761392389,0.0,0.0,-0.3808126,-0.09332504,0.0021075127,0.07323709,0.2123996,0.0051402734
1779764983761392389,1779764984767012465,0.0,0.0,-0.30613795,-0.07695645,0.011202425,0.07462007,0.25749248,0.005184294
1779764984767012465,1779764985767140418,0.0,0.0,-0.3314641,-0.11287535,-0.017981298,0.049557947,0.24537224,0.004409953
1779764985767140418,1779764986793359610,0.0,0.0,-0.31663996,-0.038003206,0.0688682,0.13011983,0.29656234,0.005011952
1779764986793359610,1779764987796895025,0.0,0.0,-0.38933456,-0.20412906,-0.05031955,0.017314898,0.21575575,0.0023889404
1779764987796895025,1779764988817149869,0.0,0.0,-0.44576028,-0.22228813,-0.04814359,0.015377303,0.23202305,0.0020831204
1779764988817149869,1779764989818961909,0.0,0.0,-0.3224238,-0.05827698,0.059934642,0.13477908,0.3816143,0.0036398757
1779764989818961909,1779764990842963759,0.0,0.0,-0.3932445,-0.16313346,-0.038725358,0.033190805,0.2462844,0.0055870204
1779764990842963759,1779764991861469787,0.0,0.0,-0.3853636,-0.13327038,-0.035263304,0.031805165,0.26617867,0.009402974
1779764991861469787,1779764992874985136,0.0,0.0,-0.38551834,-0.1718056,-0.026709685,0.031366583,0.18863787,0.00706318
1779764992874985136,1779764993877119548,0.0,0.0,-0.29121518,-0.02498708,0.08432001,0.1387104,0.39147648,0.0046581384
1779764993877119548,1779764994889485153,0.0,0.0,-0.49541482,-0.28262645,-0.1328669,-0.07733884,0.079652004,0.004348563
1779764994889485153,1779764995909436880,0.0,0.0,-0.2864007,-0.055917226,0.05469553,0.114068635,0.3550285,0.0053911526
1779764995909436880,1779764996915470920,0.0,0.0,-0.5182103,-0.2730975,-0.1113218,-0.03147296,0.13568696,0.0018877571
1779764996915470920,1779764997927400075,0.0,0.0,-0.42619923,-0.20042795,-0.10509773,-0.020967074,0.12317575,0.0032533833
1779764997927400075,1779764998945076497,0.0,0.0,-0.4946758,-0.20734575,-0.091969006,-0.030319452,0.12268199,0.006003023
1779764998945076497,1779764999967041627,0.0,0.0,-0.3394151,-0.10516463,-0.012351311,0.041154396,0.23241635,0.0077141076
1779764999967041627,1779765000969098250,0.0,0.0,-0.40813094,-0.16912502,-0.05969775,-0.0024717038,0.21803471,0.0042697396
1779765124785135851,1779765125813061286,0.0,0.0,-0.42013934,-0.15793996,-0.014370109,0.061950058,0.2649029,0.0028684703
1779765125813061286,1779765126813108520,0.0,0.0,-0.49347433,-0.22928952,-0.080653414,-0.023231488,0.14761145,0.0072507206
1779765126813108520,1779765127815143920,0.0,0.0,-0.40287262,-0.16560239,-0.054420173,0.024951762,0.18915705,0.0056754155
1779765127815143920,1779765128818919643,0.0,0.0,-0.41669616,-0.1645404,-0.044238195,0.012573226,0.23286816,0.0066042533
1779765128818919643,1779765129837017060,0.0,0.0,-0.37735894,-0.1537229,-0.020432822,0.047924172,0.2253769,0.003528173
1779765129837017060,1779765130860946649,0.0,0.0,-0.36233202,-0.14818268,-0.03110816,0.03468396,0.19951448,0.0062599634
1779765131863179990,1779765132881133675,0.0,0.0,-0.4622736,-0.24809007,-0.06741638,-0.002874479,0.2153058,0.0062452164
1779765132881133675,1779765133887185260,0.0,0.0,-0.3426585,-0.07808145,0.024763903,0.08646631,0.21967943,0.0051235217
1779765133887185260,1779765134911228120,0.0,0.0,-0.45354208,-0.1760662,-0.038517717,0.03012826,0.1814439,0.005250746
1779765134911228120,1779765135931355550,-1.5272137776527905,0.042422604935094595,-0.31086755,-0.07368717,0.028454896,0.08609552,0.29012638,0.009562361
1779765135931355550,1779765136939170020,-0.24803109005604143,0.006200777251219591,-0.3937995,-0.14903978,0.0041313726,0.06654845,0.20749944,0.007456915
1779765136939170020,1779765137949052418,0.0,0.0,-0.39714685,-0.18484615,-0.06857698,0.017220514,0.15720579,0.0047933217
1779765137949052418,1779765138972965169,0.0,0.0,-0.40441218,-0.18708172,-0.07132987,-0.01434713,0.16828188,0.0013005198
1779765138972965169,1779765139992827350,-0.7441301839622819,0.019582373262120485,-0.3365323,-0.103652865,0.004959457,0.08236977,0.24525346,0.0048138793
1779765139992827350,1779765141001276243,-0.2088886016739516,0.005497068464982727,-0.33225235,-0.0790024,0.04680188,0.103179455,0.2999576,0.0024072765
1779765141001276243,1779765142002956389,0.0,0.0,-0.38997945,-0.1424465,-0.0063614487,0.049911313,0.24698175,0.005868113
1779765142002956389,1779765143019242154,0.0,0.0,-0.35832736,-0.12194617,-0.010998774,0.047569357,0.22124101,0.0022422378
1779765143019242154,1779765144026923404,0.0,0.0,-0.41024083,-0.15778606,-0.068377174,0.01627355,0.17684864,0.0044318717
1779765144026923404,1779765145026984502,0.0,0.0,-0.37154904,-0.10943049,-0.026271593,0.04528549,0.20016477,0.0037253357
1779765145026984502,1779765146034936056,0.6397075624741708,0.016834409538415536,-0.3058265,-0.13640632,-0.028678631,0.022433542,0.21528,0.0024609887
1779765146034936056,1779765147035105998,0.0,0.0,-0.26129216,-0.042227935,0.05343682,0.11378625,0.32512286,0.010870719
1779765147035105998,1779765148041090560,0.0,0.0,-0.49786803,-0.24435738,-0.08525325,-0.009582017,0.18188074,0.0018460933
1779765148041090560,1779765149047312060,0.0,0.0,-0.41098619,-0.17358729,-0.0010505371,0.06759246,0.24625729,0.0046566846
1779765149047312060,1779765150057216680,0.0,0.0,-0.5745961,-0.32174134,-0.17700283,-0.10218418,0.087510996,0.0031909891
1779765151072858413,1779765152093137615,-0.8224886683974159,0.02164443864185578,-0.20987359,-0.017260054,0.07601756,0.1361102,0.30316386,0.009785525
1779765152093137615,1779765153093255135,0.0,0.0,-0.41933656,-0.1956247,-0.091387026,-0.027778512,0.16821596,0.00817421
1779765154113167762,1779765155122982570,0.0,0.0,-0.31275773,-0.1008762,0.02272243,0.09726494,0.28718612,0.0017360778
1779765155122982570,1779765156144144300,0.0,0.0,-0.35980186,-0.11732583,0.0051529366,0.055799678,0.2408895,0.0030153857
1779765156144144300,1779765157161266137,0.0,0.0,-0.4223469,-0.19433224,-0.08068633,-0.002311536,0.16155611,0.004073345
1779765157161266137,1779765158171054784,0.0,0.0,-0.45631558,-0.23172921,-0.08940289,-0.023405839,0.18763655,0.0015637184
1779765158171054784,1779765159195350624,0.705055180651609,0.018554083701485376,-0.3568181,-0.08685486,0.036732316,0.0959765,0.35895556,-0.00019828163
1779765159195350624,1779765160199363538,0.0,0.0,-0.38782907,-0.21416438,-0.07906233,-0.012510149,0.1867181,0.0038516675
1779765160199363538,1779765161213050802,0.0,0.0,-0.40006605,-0.18802786,-0.01421218,0.05483895,0.27416164,0.004595693
1779765161213050802,1779765162236976755,0.0,0.0,-0.39031234,-0.11404267,0.0024417045,0.05871773,0.21698171,0.00837596
1779765162236976755,1779765163254880548,0.0,0.0,-0.35049388,-0.07039135,0.029560324,0.1193809,0.25473335,0.005070181
1779765163254880548,1779765164263145031,0.0,0.0,-0.2872944,-0.056143012,0.066602916,0.11283117,0.33679834,0.002732514
1779765164263145031,1779765165277421048,0.0,0.0,-0.2948147,-0.059810027,0.05710446,0.11361353,0.30137336,0.004752804
1779765165277421048,1779765166278992273,0.0,0.0,-0.3766784,-0.15152013,-0.027662037,0.04042249,0.24402033,0.0060378397
1779765166278992273,1779765167291088666,0.0,0.0,-0.36814013,-0.10811283,0.033236388,0.098276235,0.28014126,0.0100057805
1779765167291088666,1779765168316930998,0.0,0.0,-0.42684534,-0.20080854,-0.058495093,0.0019157127,0.18857801,0.0046903184
1779765168316930998,1779765169317484011,0.0,0.0,-0.46746993,-0.21288607,-0.06789698,-0.0030092194,0.20870623,0.004675408
1779765169317484011,1779765170332903620,0.0,0.0,-0.4088608,-0.16551593,-0.085846335,-0.0021344793,0.15284048,0.0053716903
1779765170332903620,1779765171345205562,-0.7050551806520693,0.018554083701485376,-0.41979074,-0.17524435,-0.04808,0.01861266,0.22708477,0.0014063447
1779765171345205562,1779765172367105554,0.0,0.0,-0.39149725,-0.17767128,-0.025245037,0.040720597,0.2358255,0.006847019
1779765172367105554,1779765173370926629,0.0,0.0,-0.40725872,-0.19659215,-0.076919824,-0.025084613,0.14375992,0.0029121244
1779765173370926629,1779765174373045066,0.0,0.0,-0.27293712,-0.03312621,0.07372263,0.14527859,0.3072982,0.0055678543
1779765174373045066,1779765175379174266,0.0,0.0,-0.3337485,-0.14158837,-0.015876258,0.039878886,0.2646059,-0.0003431953
1779765175379174266,1779765176395329474,0.0,0.0,-0.313003,-0.09846848,-0.025400374,0.051883854,0.3022241,0.0039724666
1779765176395329474,1779765177411031112,0.0,0.0,-0.30354676,-0.06588273,0.039270923,0.100512564,0.28611842,0.0036382456
1779765177411031112,1779765178427148743,0.0,0.0,-0.54248667,-0.29649273,-0.11352253,-0.054673884,0.18059109,0.00555038
1779765178427148743,1779765179453286520,0.0,0.0,-0.3572955,-0.13458322,-0.008828044,0.054065127,0.23187701,0.0049862815
1779765179453286520,1779765180475110792,0.0,0.0,-0.43784574,-0.19275448,-0.096697725,-0.015860604,0.12431418,0.0043032807
1779765180475110792,1779765181482876559,0.6528305756824625,0.017179751991529196,-0.16249883,0.032876253,0.14100862,0.19489154,0.32932866,0.0049505155
1779765181482876559,1779765182495197552,0.0,0.0,-0.47754663,-0.21920243,-0.09360371,-0.018617326,0.21363652,0.0055144173
1779765304141224089,1779765305146130000,0.0,0.0,-0.24613036,-0.04985997,0.07418149,0.12631387,0.32721722,0.006283376
1779765305146130000,1779765306165017068,1.5680934824923505,0.04020752519214199,-0.42070505,-0.18736322,-0.0950305,-0.036284868,0.12893221,0.00750252
1779765306165017068,1779765307175039665,0.8100853011183949,0.021318034239869416,-0.23340428,-0.007102801,0.10300713,0.16530752,0.34574932,0.0054103695
1779765307175039665,1779765308187369506,0.0,0.0,-0.3830569,-0.1994917,-0.09816601,-0.02910793,0.14825201,0.003683849
1779765308187369506,1779765309214902583,0.0,0.0,-0.3192027,-0.11440381,0.014378296,0.07414146,0.2716971,0.005106289
1779765309214902583,1779765310221297113,0.0,0.0,-0.38873205,-0.12548546,-0.03470752,0.02043063,0.19335547,0.006607498
1779765310221297113,1779765311225016809,0.0,0.0,-0.4109204,-0.123218946,-0.030898001,0.04223456,0.20484844,0.0052354415
1779765311225016809,1779765312247043500,0.0,0.0,-0.4631454,-0.20396227,-0.0861404,-0.011333736,0.23530245,0.006747317
1779765312247043500,1779765313247194482,0.0,0.0,-0.30402997,-0.10833994,0.0039513763,0.058503352,0.2815314,0.0048965923
1779765313247194482,1779765314267016141,0.0,0.0,-0.29214332,-0.061426677,0.04927267,0.110666715,0.27622822,0.004030486
1779765314267016141,1779765315293043406,0.0,0.0,-0.18639086,-0.01451593,0.069642276,0.13341476,0.30340126,0.0070867673
1779765315293043406,1779765316301391435,1.149685830017238,0.030254890263735568,-0.4997497,-0.18006067,-0.057944328,-0.00072241045,0.15715395,0.0026481573
1779765316301391435,1779765317323437573,0.0,0.0,-0.2699342,-0.084426805,0.006606179,0.07923528,0.19910015,0.0039647343
1779765317323437573,1779765318326925721,0.0,0.0,-0.47989222,-0.2601602,-0.098653585,-0.043090172,0.15896614,0.0037128225
1779765318326925721,1779765319343107994,0.0,0.0,-0.32525975,-0.041597996,0.0723997,0.14281708,0.2829412,0.006575615
1779765320363246534,1779765321367424363,0.0,0.0,-0.27334228,-0.021586865,0.08523077,0.15536705,0.3201829,0.0059142243
1779765321367424363,1779765322390959274,0.0,0.0,-0.39150527,-0.13899326,-0.05881956,0.018111909,0.19065109,0.0057686805
1779765322390959274,1779765323397136935,0.0,0.0,-0.19833499,-0.022911316,0.06522412,0.12426794,0.26754707,0.006781553
1779765323397136935,1779765324424871186,0.0,0.0,-0.36532426,-0.15621729,-0.06873999,-0.0077933227,0.22673467,0.0020991992
1779765324424871186,1779765325431236130,0.0,0.0,-0.3117134,-0.086477235,-0.0018291438,0.061467875,0.32064965,0.0053104013
1779765325431236130,1779765326457233732,0.0,0.0,-0.2503986,-0.017108144,0.09331715,0.15013815,0.31824672,0.0062338323
1779765326457233732,1779765327467086539,0.0,0.0,-0.35813582,-0.11095003,-0.008952777,0.06102843,0.22849423,0.0030416206
1779765327467086539,1779765328493105478,0.4963949319101502,0.012728075177302017,-0.3037818,-0.13551669,-0.03657035,0.028226355,0.24596444,0.0014788191
1779765328493105478,1779765329516924745,0.0,0.0,-0.43705362,-0.2248671,-0.07414356,-0.013429165,0.19370006,0.0034011938
1779765329516924745,1779765330529068997,0.0,0.0,-0.3190226,-0.09946429,9.806942e-05,0.06581069,0.3016287,0.0068899803
1779765330529068997,1779765331531204128,0.0,0.0,-0.358597,-0.14539808,-0.04699944,0.029953651,0.18791302,0.005229762
1779765331531204128,1779765332543238516,0.0,0.0,-0.29021534,-0.036081776,0.06900014,0.11728206,0.31915656,0.007524789
1779765332543238516,1779765333544995101,0.0,0.0,-0.47615486,-0.22773483,-0.10635614,-0.04437627,0.15338029,0.005929621
1779765333544995101,1779765334568960679,0.0,0.0,-0.28935456,-0.070212215,0.058553785,0.10927184,0.2960962,0.005351552
1779765334568960679,1779765335569096254,0.5486183635705406,0.014827523339354876,-0.35156792,-0.10565353,-0.006838382,0.07417556,0.34139717,0.0029125798
1779765335569096254,1779765336594922116,0.0,0.0,-0.36095998,-0.1487462,-0.03336583,0.031392384,0.1764265,0.0061711627
1779765336594922116,1779765337608799318,0.0,0.0,-0.33456704,-0.13990845,-0.041105337,0.014837851,0.1960357,0.0035827793
1779765337608799318,1779765338631018734,0.0,0.0,-0.4575769,-0.194024,-0.06820667,-0.01102917,0.20346361,0.007514736
1779765338631018734,1779765339636876656,0.0,0.0,-0.34803677,-0.12956405,-0.040958095,0.028692815,0.19152959,0.005155086
1779765339636876656,1779765340659708381,-1.031949955262947,0.027156577770152297,-0.41001874,-0.16031627,-0.04351716,0.012639244,0.24116883,0.0059726527
1779765340659708381,1779765341677026355,0.0,0.0,-0.38963026,-0.14418814,-0.0035904043,0.06137951,0.23919667,0.006596675
1779765341677026355,1779765342698816617,0.0,0.0,-0.3489227,-0.07749714,0.04131874,0.11596762,0.27864456,0.006798849
1779765342698816617,1779765343727350590,0.0,0.0,-0.35248247,-0.11553445,0.0019778109,0.081211835,0.26789382,0.003268891
1779765343727350590,1779765344751103708,0.0,0.0,-0.43135607,-0.20410438,-0.09103599,-0.023665102,0.14934102,0.0050523314
1779765344751103708,1779765345777232323,0.0,0.0,-0.49603504,-0.23722537,-0.12044921,-0.05951353,0.11720802,0.006206109
1779765345777232323,1779765346803141752,0.0,0.0,-0.42430338,-0.17335223,-0.07442181,-0.002495778,0.19575065,0.0051151924
1779765346803141752,1779765347815225664,0.0,0.0,-0.2965315,-0.059163406,0.0599345,0.1090167,0.294354,0.0055906884
1779765347815225664,1779765348823098858,0.0,0.0,-0.30351263,-0.08172938,0.009465122,0.06337456,0.27260292,0.0047764876
1779765348823098858,1779765349832958925,0.0,0.0,-0.3152664,-0.12858243,-0.02164817,0.056539163,0.2530874,0.0034810714
1779765349832958925,1779765350859086427,0.0,0.0,-0.2787904,0.007413129,0.113950476,0.16333114,0.32558888,0.0048464434
1779765350859086427,1779765351871203822,0.0,0.0,-0.28734145,-0.045567684,0.07411442,0.12809128,0.31655625,0.004768857
1779765351871203822,1779765352897098770,0.0,0.0,-0.30308834,-0.09095364,0.028414609,0.09934245,0.25738388,0.0071481215
1779765352897098770,1779765353917342352,0.0,0.0,-0.5117815,-0.2486362,-0.10644381,-0.018105658,0.22193198,0.003668534
1779765353917342352,1779765354941190394,0.0,0.0,-0.4207546,-0.18708694,-0.058151405,-0.0022696864,0.21916686,0.006572506
1779765354941190394,1779765355962915006,0.0,0.0,-0.36499155,-0.13373132,-0.017751357,0.05444182,0.28653368,0.005783577
1779765355962915006,1779765356981383500,0.0,0.0,-0.3768235,-0.09619156,0.0064006858,0.069110245,0.25142404,0.004704658
1779765356981383500,1779765358005232348,0.0,0.0,-0.35407007,-0.15902409,-0.05987357,0.0030593039,0.17157991,0.0039070514
1779765358005232348,1779765359018993213,0.0,0.0,-0.40532836,-0.16161212,-0.04979897,0.015242096,0.21907178,0.005106817
1779765359018993213,1779765360027312881,0.0,0.0,-0.50635886,-0.2770274,-0.13671973,-0.06942685,0.12792586,0.005628814
1779765360027312881,1779765361047010623,0.0,0.0,-0.25966746,-0.08712602,-0.0009230982,0.07063358,0.21657461,0.0043421425
1779765361047010623,1779765362055098699,0.0,0.0,-0.40928793,-0.20600064,-0.095703155,-0.0293441,0.16987947,0.004490629
1779765484073158129,1779765485073211929,0.0,0.0,-0.3691612,-0.13337313,-0.017709648,0.050852958,0.20570236,0.004581838
1779765485073211929,1779765486073314498,0.0,0.0,-0.4546612,-0.23218974,-0.11447526,-0.05539191,0.13229452,0.0048859227
1779765486073314498,1779765487080970165,0.0,0.0,-0.35230705,-0.1730786,-0.032879498,0.030379288,0.2159675,0.0028248422
1779765487080970165,1779765488084999011,0.0,0.0,-0.41612533,-0.16132274,-0.05675924,0.010625741,0.21949941,0.002501836
1779765488084999011,1779765489089117489,0.0,0.0,-0.25851846,-0.08025185,0.015797736,0.07420057,0.23040235,0.0036125854
1779765489089117489,1779765490097285100,0.0,0.0,-0.28266168,-0.07036798,0.0279471,0.103220716,0.24895854,0.0042283214
1779765490097285100,1779765491107096316,0.0,0.0,-0.18869594,-0.051465914,0.068231605,0.132956,0.31264687,0.0020489427
1779765491107096316,1779765492109114748,0.0,0.0,-0.2974012,-0.098562494,-0.010596512,0.055217605,0.31135237,0.0045209504
1779765492109114748,1779765493110889908,0.0,0.0,-0.37742817,-0.10398136,0.009114577,0.09548154,0.24677937,0.004452651
1779765493110889908,1779765494117149500,0.0,0.0,-0.3230823,-0.09676533,-0.0047339955,0.07703537,0.2679657,0.007598464
1779765494117149500,1779765495125084646,0.0,0.0,-0.41608003,-0.18415868,-0.05922483,0.01606351,0.25737813,0.008595413
1779765495125084646,1779765496151066313,0.0,0.0,-0.2878181,-0.048421025,0.06529489,0.1194722,0.30179164,0.004518832
1779765496151066313,1779765497169548736,0.0,0.0,-0.4208521,-0.18948929,-0.05587815,0.014133659,0.15598263,0.0027928806
1779765497169548736,1779765498187212197,0.0,0.0,-0.35307485,-0.08586684,0.013742595,0.07045891,0.26692235,0.006963621
1779765498187212197,1779765499187380012,0.0,0.0,-0.31527764,-0.07172903,0.04258032,0.108763084,0.24489118,0.0064174873
1779765499187380012,1779765500203131746,0.0,0.0,-0.35731283,-0.11628765,-0.015030445,0.05240322,0.21893936,0.0036332095
1779765500203131746,1779765501226991237,0.0,0.0,-0.42683825,-0.16952908,0.0106535945,0.072602674,0.28422415,0.006587013
1779765501226991237,1779765502248983035,0.0,0.0,-0.38478896,-0.16021605,-0.06429498,0.0066618384,0.19224621,0.007408956
1779765502248983035,1779765503271925843,0.0,0.0,-0.31831047,-0.115116626,-0.033265803,0.024548985,0.24763449,0.003433887
1779765503271925843,1779765504275117274,0.3396049219529093,0.009178511403890782,-0.3103262,-0.086481825,0.043800753,0.094994456,0.2642289,0.007721985
1779765504275117274,1779765505299289503,0.0,0.0,-0.41846332,-0.18357857,-0.061380815,-0.0022489715,0.2454782,0.007095992
1779765505299289503,1779765506302986169,0.0,0.0,-0.30062035,-0.11726956,-0.012823719,0.05170148,0.22578526,0.0031163103
1779765508469379958,1779765509483080535,0.0,0.0,-0.28549308,-0.119518764,0.018853331,0.08713174,0.29430473,0.0033952747
1779765509483080535,1779765510500941155,0.0,0.0,-0.33270797,-0.14167733,-0.02670481,0.025515707,0.22892193,0.004096012
1779765510500941155,1779765511516981758,-0.32654298092221895,0.008593236340048131,-0.40306324,-0.17929746,-0.06971478,0.013175966,0.17499502,0.004179929
1779765511516981758,1779765512528898136,0.0,0.0,-0.37163866,-0.16882257,-0.046595547,0.01077084,0.1420821,0.003688586
1779765512528898136,1779765513533258491,0.0,0.0,-0.37926313,-0.05281031,0.06339105,0.12639771,0.33536667,0.0069214124
1779765513533258491,1779765514545042619,0.0,0.0,-0.26200953,-0.10076591,-0.011800499,0.0406204,0.19995227,0.0026745473
1779765514545042619,1779765515554137382,0.0,0.0,-0.21828012,-0.06363301,0.06994712,0.13007274,0.27214387,-0.0012235323
1779765515554137382,1779765516579147233,0.0,0.0,-0.31961164,-0.09280835,0.0067304918,0.06259078,0.25764903,0.008009248
1779765516579147233,1779765517596993699,0.0,0.0,-0.3699984,-0.16855349,-0.0722668,-0.013762494,0.1582559,0.0027638646
1779765517596993699,1779765518621136035,0.0,0.0,-0.33407763,-0.10754441,-0.0025921678,0.08242048,0.22641914,0.006665415
1779765518621136035,1779765519631048214,-0.01306194103076951,0.00035302543303054017,-0.44786313,-0.23642124,-0.07456812,-0.0151218185,0.16193023,0.0055142418
1779765519631048214,1779765520646969049,-0.02612393324467523,0.0006874719278059909,-0.26963902,-0.102140464,0.020037724,0.078511566,0.24982293,0.0055906605
1779765520646969049,1779765521653606078,-0.7837497334367617,0.02118242522791541,-0.28629926,-0.036194567,0.06365636,0.14418362,0.31005955,0.006898964
1779765521653606078,1779765522670828825,0.0,0.0,-0.39801422,-0.16525176,-0.036894534,0.018935375,0.19399834,0.007068908
1779765523685096920,1779765524708999181,-0.5617779358627497,0.014783629891262626,-0.33270818,-0.121096246,0.00963707,0.071851104,0.25728092,0.0037737023
1779765524708999181,1779765525727029043,0.0,0.0,-0.43676957,-0.16806826,-0.08400266,-0.019460013,0.20169692,0.005981828
1779765526745154501,1779765527768900683,0.0,0.0,-0.17532472,0.0025525459,0.087948576,0.15254997,0.32749048,0.007461418
1779765527768900683,1779765528770998465,0.0,0.0,-0.2628614,-0.005774432,0.07297554,0.12715948,0.3330297,0.007825389
1779765528770998465,1779765529797718391,0.0,0.0,-0.52132183,-0.26411262,-0.104993336,-0.022792835,0.16243398,0.0040328274
1779765529797718391,1779765530817162028,0.0,0.0,-0.27349085,-0.0566541,0.050488975,0.1120061,0.30996358,0.006715095
1779765530817162028,1779765531841343296,0.0,0.0,-0.4382082,-0.20749307,-0.08989235,-0.024868762,0.16717677,0.006920978
1779765531841343296,1779765532868985821,0.0,0.0,-0.42866278,-0.1811661,-0.053550705,3.541136e-05,0.2356824,0.0072342018
1779765532868985821,1779765533893147115,0.0,0.0,-0.4153564,-0.19615987,-0.091045976,-0.006952618,0.16004682,0.005805941
1779765533893147115,1779765534895163544,0.0,0.0,-0.45076537,-0.21814223,-0.04641203,0.008736669,0.21586893,0.0036317045
1779765534895163544,1779765535907211253,0.0,0.0,-0.2683447,-0.03765231,0.0656229,0.13339446,0.29669654,0.0052893707
1779765535907211253,1779765536910920839,0.0,0.0,-0.45239285,-0.18522158,-0.048148535,0.015699131,0.20787026,0.0051524946
1779765536910920839,1779765537928937651,0.11758772698048832,0.0030944138675998174,-0.3248459,-0.116362974,-0.008316515,0.05249816,0.25413206,0.006185616
1779765537928937651,1779765538936948619,0.0,0.0,-0.34205478,-0.10909082,-0.008070759,0.066106066,0.2414058,0.007178042
1779765538936948619,1779765539947036065,0.0,0.0,-0.3663805,-0.15315454,-0.048191343,0.0200171,0.20559943,0.0034551653
1779765539947036065,1779765540963014442,0.6009823450169965,0.01581532486913249,-0.3299237,-0.1342518,-0.022065734,0.044831183,0.21662304,0.0010349588
1779765545057216026,1779765546072896352,0.0,0.0,-0.43319282,-0.1379965,-0.052884888,0.012836176,0.21474183,0.0025309613
1779765546072896352,1779765547078980505,0.0,0.0,-0.21302249,-0.028049812,0.036012143,0.100712135,0.2904092,0.005685997
1779765547078980505,1779765548089328414,0.0,0.0,-0.3639507,-0.11392985,-0.029830107,0.04979015,0.25441664,0.010437654
1779765548089328414,1779765549124784797,-0.19596853529823907,0.005296446900039477,-0.5006678,-0.25533184,-0.106955804,-0.029754689,0.1520278,0.0034298324
1779765549124784797,1779765550128980619,-0.22210231601313268,0.005694931179625393,-0.34560758,-0.10029156,0.04028017,0.10131919,0.24048142,0.008242733
1779765550128980619,1779765551143024942,0.0,0.0,-0.3825907,-0.12929405,0.002208288,0.057488132,0.23271826,0.0034922997
1779765551143024942,1779765552167046746,0.0,0.0,-0.33386976,-0.084001355,0.022821316,0.10492753,0.2690363,0.0049056583
1779765552167046746,1779765553171382109,0.0,0.0,-0.33550623,-0.059630893,0.056770295,0.12283666,0.29962212,0.0052393433
1779765553171382109,1779765554189652841,0.0,0.0,-0.38456127,-0.1451725,-0.04732022,0.021331428,0.21772219,0.006555409
1779765554189652841,1779765555190938241,0.0,0.0,-0.45454764,-0.21348582,-0.11198878,-0.040631622,0.10771782,0.0039296043
1779765555190938241,1779765556215424676,0.0,0.0,-0.4007173,-0.10761135,0.015666379,0.07384515,0.26760858,0.0051850006
1779765556215424676,1779765557242978179,0.0,0.0,-0.44388816,-0.19636212,-0.05050869,0.03227165,0.24574552,0.008150947
1779765557242978179,1779765558247050339,0.0,0.0,-0.46126363,-0.21996605,-0.09442475,-0.028365996,0.12641129,0.006675478
1779765558247050339,1779765559251044394,0.0,0.0,-0.4543569,-0.21859203,-0.09440352,-0.044247083,0.121986315,0.0068043154
1779765559251044394,1779765560267142812,0.0,0.0,-0.4062024,-0.184923,-0.033677652,0.03126492,0.22370987,0.00036904874
1779765560267142812,1779765561275077191,0.0,0.0,-0.43326142,-0.16629662,-0.07200306,-0.002656412,0.21161447,0.005321261
1779765561275077191,1779765562275159856,0.0,0.0,-0.40122184,-0.16669263,-0.021445196,0.033377893,0.19077137,0.0068368195
1779765562275159856,1779765563277178583,0.0,0.0,-0.37622353,-0.13381936,-0.032656066,0.022535438,0.27123976,0.0075095715
1779765563277178583,1779765564296949390,0.0,0.0,-0.42319298,-0.1472625,-0.026668256,0.033217117,0.26173326,0.007974946
1779765564296949390,1779765565317161447,0.1829081481074694,0.0048133723182680315,-0.37194908,-0.13301401,0.015517922,0.069649115,0.28447282,0.00640204
1779765565317161447,1779765566337125699,0.0,0.0,-0.38471875,-0.13174042,-0.007870491,0.049815763,0.30948308,0.004877615
1779765566337125699,1779765567362980894,0.0,0.0,-0.41947642,-0.1549953,-0.02839506,0.030876655,0.18959874,0.0044474085
1779765567362980894,1779765568376985493,0.0,0.0,-0.3483997,-0.11720692,-0.010610882,0.08329999,0.24085031,0.0038765594
1779765568376985493,1779765569399100674,0.0,0.0,-0.34385997,-0.16065681,-0.053333245,0.0044097644,0.18288659,0.0033366117
1779765569399100674,1779765570423289147,0.0,0.0,-0.34757024,-0.08727898,0.0149580585,0.07488263,0.29837456,0.005104565
1779765570423289147,1779765571445192218,0.0,0.0,-0.39846924,-0.22567704,-0.11056925,-0.05148852,0.10716883,0.0048003313
1779765571445192218,1779765572447149167,0.0,0.0,-0.36244574,-0.1405207,-0.0059707337,0.06256087,0.23743935,0.003790377
1779765572447149167,1779765573465302512,0.0,0.0,-0.35637295,-0.08878867,0.023794664,0.08487161,0.30351746,0.0022436797
1779765573465302512,1779765574485623553,0.0,0.0,-0.42529202,-0.1750566,-0.06589215,0.008056528,0.1901223,0.00058391143
1779765574485623553,1779765575508002556,0.0,0.0,-0.36963916,-0.18639717,-0.039613653,0.014975297,0.22060262,0.0005305525
1779765575508002556,1779765576533159621,0.0,0.0,-0.2460242,-0.01519705,0.07775509,0.1369449,0.2933259,0.008838658
1779765576533159621,1779765577545145679,0.0,0.0,-0.41296196,-0.20501196,-0.07533411,-0.028434368,0.1837588,0.003930312
1779765577545145679,1779765578560990138,0.0,0.0,-0.4017004,-0.18734293,-0.0880808,-0.030072225,0.14826253,0.0019796449
1779765578560990138,1779765579561108600,0.0,0.0,-0.45074052,-0.088396326,0.03199629,0.10273219,0.26952046,0.0077010733
1779765579561108600,1779765580585272829,0.0,0.0,-0.4157678,-0.19574945,-0.030735243,0.027173346,0.24218476,0.0051499465
1779765580585272829,1779765581589031792,0.0,0.0,-0.44721556,-0.20743498,-0.06619732,-0.00080904935,0.19498608,0.0011203331
1779765581589031792,1779765582596980364,0.0,0.0,-0.50394356,-0.19983609,-0.07618286,0.0031122342,0.18465403,0.0038209483
1779765582596980364,1779765583621039012,0.0,0.0,-0.39507627,-0.152609,0.004813006,0.067295544,0.23833354,0.006879352
1779765583621039012,1779765584644976387,0.0,0.0,-0.20421836,-0.00022154264,0.10058801,0.1610297,0.29916552,0.004648642
1779765584644976387,1779765585655470009,0.0,0.0,-0.3711837,-0.1450885,-0.015032147,0.046792455,0.22146425,0.0067701736
1779765586661838042,1779765587662939782,0.0,0.0,-0.43459788,-0.21021974,-0.10095136,-0.026746264,0.10544151,0.0039407546
1779765587662939782,1779765588684829855,0.0,0.0,-0.3691595,-0.09180743,0.017095057,0.07271068,0.23415057,0.008697056
1779765588684829855,1779765589688966090,0.0,0.0,-0.29703885,-0.0472884,0.07349549,0.13897763,0.32011104,0.005509163
1779765589688966090,1779765590706947607,0.0,0.0,-0.40479943,-0.14471284,-0.032373708,0.022559464,0.18451676,0.004566078
1779765590706947607,1779765591717218179,-1.7772376416056215,0.0467694116211778,-0.44080654,-0.19870184,-0.053292517,0.0075366017,0.21052624,0.0044521373
1779765591717218179,1779765592724954475,0.0,0.0,-0.42674762,-0.18665113,-0.05879294,0.0103313,0.14039555,0.005383822
1779765592724954475,1779765593730993882,0.0,0.0,-0.3593126,-0.1473748,-0.033114735,0.029152067,0.20526253,0.0032532972
1779765593730993882,1779765594751290372,0.0,0.0,-0.3191073,-0.11271931,0.013257987,0.070240654,0.23869205,0.0075462144
1779765595755551789,1779765596777018358,0.0,0.0,-0.4519389,-0.20693481,-0.06424643,0.0020140621,0.16008511,0.004910381
1779765596777018358,1779765597785192233,0.0,0.0,-0.25647387,-0.03942344,0.061262336,0.12248567,0.24797696,0.0048561934
1779765597785192233,1779765598785377798,0.0,0.0,-0.38451254,-0.115230605,-0.01630383,0.038904913,0.19638811,0.0068455767
1779765598785377798,1779765599807081599,-0.8495266181400332,0.02235596363516603,-0.335518,-0.11781916,0.016759535,0.07296308,0.22480817,0.007713499
1779765599807081599,1779765600819379942,0.0,0.0,-0.25361753,-0.060758363,0.026876012,0.08175341,0.24761711,0.0047541833
1779765600819379942,1779765601830978284,0.0,0.0,-0.47403634,-0.21770173,-0.07818097,-0.009942988,0.16053991,0.007424192
1779765602837100029,1779765603857231046,-0.7841194897575176,0.02063472341487077,-0.38240233,-0.13021576,-0.0134997545,0.049302693,0.2347187,0.004657785
1779765603857231046,1779765604869079118,0.0,0.0,-0.4898718,-0.23377971,-0.0890803,-0.026575271,0.15447244,0.002740119
1779765604869079118,1779765605885043936,0.45741050771293884,0.012037118624425903,-0.4105856,-0.18258302,-0.049356677,0.030362235,0.1820712,0.004106217
1779765607914927202,1779765608919986830,0.06532992920856304,0.001814720256041211,-0.4481602,-0.21095629,-0.06898084,-0.014886582,0.19431055,0.003943559
1779765608919986830,1779765609923069464,0.4050360351963341,0.010125900879565108,-0.36753315,-0.11668203,-0.0027340464,0.058179982,0.23605365,0.005732347
1779765610963082721,1779765611981308631,0.0,0.0,-0.42998078,-0.18836485,-0.07841867,-0.0062759295,0.13145225,0.0077130795
1779765611981308631,1779765612999040339,0.0,0.0,-0.300942,-0.12963547,0.00557603,0.066686176,0.3051517,0.0027736786
1779765614001062559,1779765615025466568,0.0,0.0,-0.46607602,-0.2533983,-0.13452278,-0.04792991,0.13635643,0.0077871373
1779765615025466568,1779765616033056433,0.0,0.0,-0.3858213,-0.14936256,-0.051097665,0.029789168,0.20468901,0.0058810846
1779765616033056433,1779765617039126109,0.0,0.0,-0.32582304,-0.11047681,-0.024323268,0.060351785,0.23310913,0.007482279
1779765617039126109,1779765618044464033,1.7110047688654644,0.04624337213118909,-0.3798087,-0.17234829,-0.03805077,0.04025873,0.24636057,0.0048588007
1779765618044464033,1779765619075612471,0.5485044440022312,0.014434327474096387,-0.3990348,-0.15585293,-0.03205736,0.02199055,0.25709742,0.006624622
1779765619075612471,1779765620085356950,-0.9272512622474253,0.023181281556095,-0.41925564,-0.16907202,-0.050357338,0.011186772,0.20763679,0.007987081
1779765620085356950,1779765621087435934,0.0,0.0,-0.39074934,-0.15168686,-0.03389418,0.020515636,0.2450206,0.00609995
1779765621087435934,1779765622108855334,0.0,0.0,-0.48887944,-0.22502324,-0.08657397,-0.023289993,0.14275272,0.0068675294
1779765622108855334,1779765623114925460,0.0,0.0,-0.36859906,-0.13083792,-0.0008599269,0.06675786,0.272399,0.0016365192
1779765623114925460,1779765624122946544,0.0,0.0,-0.3652001,-0.097994186,-0.006050281,0.09985244,0.26516783,0.0036596933
1779765624122946544,1779765625135208106,0.7705387767651835,0.020277336230229162,-0.35987258,-0.1385411,-0.023301937,0.038265362,0.19399913,0.0073221796
1779765625135208106,1779765626136948762,0.0,0.0,-0.36941472,-0.12957561,-0.038696107,0.015262367,0.17309296,0.0075843018
1779765626136948762,1779765627151113613,0.0,0.0,-0.26608342,-0.04050444,0.07058583,0.12923276,0.31473783,0.0068488857
1779765627151113613,1779765628165152684,0.0,0.0,-0.32293147,-0.12448683,0.03711657,0.08536152,0.25171247,0.0056797126
1779765628165152684,1779765629187968146,0.0,0.0,-0.4207732,-0.19771196,-0.100807704,-0.044288743,0.14314103,0.0020413385
1779765629187968146,1779765630213417278,0.0,0.0,-0.25026712,0.023909878,0.10628681,0.16081816,0.352057,0.0046155644
1779765630213417278,1779765631219042344,-0.587693694215456,0.015465623531771132,-0.39872965,-0.14830661,-0.050899122,0.017532498,0.20897458,0.00195905
1779765631219042344,1779765632227072103,0.0,0.0,-0.27462295,-0.08325204,0.031029033,0.09213573,0.24291418,0.0066361716
1779765632227072103,1779765633252982651,0.0,0.0,-0.46242777,-0.21133247,-0.08804809,-0.025783671,0.19075659,0.0028776329
1779765633252982651,1779765634260965619,0.0,0.0,-0.35081643,-0.08939431,0.005988369,0.07083875,0.25695303,0.0038911798
1779765634260965619,1779765635283114747,0.0,0.0,-0.45812216,-0.20083685,-0.052256815,0.028171023,0.21172889,0.0034926345
1779765635283114747,1779765636305164709,0.0,0.0,-0.39211246,-0.18446143,-0.073232986,-0.008178159,0.15000127,0.00422031
1779765636305164709,1779765637314957926,0.0,0.0,-0.40633172,-0.17044821,-0.054135576,0.009738918,0.161135,0.007426216
1779765637314957926,1779765638327023466,0.0,0.0,-0.34904793,-0.1258637,-0.009797984,0.064248435,0.24901004,0.0030827352
1779765638327023466,1779765639353013497,0.0,0.0,-0.49291685,-0.25535217,-0.09978465,-0.0423156,0.17722562,0.00509653
1779765639353013497,1779765640367215241,-1.3583575910293317,0.03574625239553454,-0.26998165,-0.07612617,0.0013396132,0.07043724,0.2396502,0.006993927
1779765641391043174,1779765642403000992,0.0,0.0,-0.33836076,-0.0921829,0.03675226,0.09450551,0.26676756,0.001849079
1779765644639188191,1779765645641693264,-0.22206024887283654,0.006001628347929467,-0.40524572,-0.17402224,-0.06317266,0.006840458,0.15242264,0.0055526737
1779765645641693264,1779765646652958762,0.0,0.0,-0.38207194,-0.12001825,-0.01730125,0.046138976,0.27708003,0.0069578937
1779765646652958762,1779765647670973446,0.0,0.0,-0.29018706,-0.10416902,-0.008072182,0.0465477,0.2738941,0.0031954388
1779765647670973446,1779765648679010222,0.0,0.0,-0.33959895,-0.1126864,-0.007266958,0.060749874,0.23271142,0.0068592527
1779765648679010222,1779765649688719475,0.653104302948269,0.017651467647059126,-0.15791376,-0.024033912,0.06831969,0.12556219,0.27135754,0.0048812754
1779765649688719475,1779765650696857871,0.0,0.0,-0.39663586,-0.18149215,-0.055583898,0.0020651964,0.16877834,0.006115535
1779765650696857871,1779765651705092015,0.0,0.0,-0.38985747,-0.17134787,-0.036698185,0.026614089,0.22594404,0.004112047
1779765652715104528,1779765653727028321,1.8284651587920568,0.048117504178996365,-0.3196966,-0.0394735,0.055743154,0.117881976,0.36965024,0.0055790837
1779765653727028321,1779765654747886353,0.0,0.0,-0.34321406,-0.12891524,-0.022286065,0.04410448,0.257558,0.0040032715
1779765654747886353,1779765655773188008,0.0,0.0,-0.30616584,-0.079561405,0.03371843,0.0814373,0.2760187,0.006136733
1779765655773188008,1779765656775267644,0.0,0.0,-0.33225676,-0.11734157,0.014881474,0.072517455,0.2128707,0.0077228616
1779765656775267644,1779765657776991609,0.0,0.0,-0.42827132,-0.19802156,-0.068868175,0.0006928777,0.1785253,0.0045130798
1779765657776991609,1779765658791016960,0.0,0.0,-0.22071695,0.02397228,0.12003377,0.18282455,0.33076656,0.010134558
1779765658791016960,1779765659791212175,0.0,0.0,-0.44293794,-0.17871982,-0.064678974,-0.0050422703,0.20732331,0.003502392
1779765659791212175,1779765660799100626,0.0,0.0,-0.29039842,-0.05761263,0.051580828,0.11585343,0.29462078,0.0066064047
1779765660799100626,1779765661818900041,0.0652961441324419,0.001718319582061075,-0.37516353,-0.2140727,-0.104445,-0.035532735,0.13448177,0.003177602
1779765661818900041,1779765662827019589,0.0,0.0,-0.39643684,-0.1909745,-0.063269146,0.0021331264,0.15683016,0.0047621015
1779765662827019589,1779765663849161691,0.574587684524993,0.015120728540140543,-0.35569865,-0.15075305,-0.025280494,0.039679483,0.27182466,0.0037883096
1779765663849161691,1779765664854875891,-0.4831737990170204,0.012715099974083967,-0.2705747,-0.12263305,-0.015303564,0.042155243,0.25248075,0.0017134076
1779765664854875891,1779765665872880682,0.0,0.0,-0.45832068,-0.18325576,-0.061037015,-0.0011034908,0.17726626,0.00800086
1779765665872880682,1779765666897055049,-0.09141388550802589,0.002405628566056575,-0.38683736,-0.10772601,-0.020573372,0.04907926,0.24077986,0.0074107214
1779765667903445018,1779765668922906842,0.0,0.0,-0.23164555,-0.035873577,0.050811317,0.11822168,0.25360024,0.004557172
1779765668922906842,1779765669923093483,0.0,0.0,-0.32115784,-0.10365023,0.01649451,0.06749737,0.22649981,0.009417513
1779765669923093483,1779765670941119499,0.0,0.0,-0.3646349,-0.09938318,0.009797283,0.065711685,0.2715691,0.0060821525
1779765670941119499,1779765671960952211,0.0,0.0,-0.3652779,-0.14035615,-0.04952573,0.010678579,0.25202096,0.0029209768
1779765671960952211,1779765672985184271,0.0,0.0,-0.3047549,-0.040947128,0.052182678,0.1263485,0.35678968,0.0019716893
1779765672985184271,1779765673987129186,0.0,0.0,-0.2542542,-0.05404096,0.03724335,0.09715766,0.33224088,0.0026667675
1779765673987129186,1779765674988944257,0.0,0.0,-0.54112947,-0.27142674,-0.12520236,-0.056080587,0.11871456,0.00198018
1779765674988944257,1779765676007021052,0.0,0.0,-0.2408458,-0.04688924,0.048837822,0.106238194,0.26970273,0.0070266286
1779765676007021052,1779765677031540856,0.0,0.0,-0.42997673,-0.20394123,-0.07235288,-0.008559286,0.17194149,0.005535636
1779765677031540856,1779765678037180525,-0.1698027936525552,0.004468494569920267,-0.49226254,-0.22439134,-0.08991435,-0.028072067,0.1659228,0.0029955504
1779765678037180525,1779765679054949214,0.1436794746066213,0.0037810388055591277,-0.36618176,-0.15288198,-0.053239234,0.008058092,0.19711559,0.004296285
1779765679054949214,1779765680063353507,0.0,0.0,-0.4136497,-0.19030279,-0.08504186,-0.005953681,0.21443881,0.005868321
1779765680063353507,1779765681088954116,0.0,0.0,-0.50237656,-0.26620778,-0.1467044,-0.074687794,0.127034,0.0030102613
1779765681088954116,1779765682093140223,0.0,0.0,-0.29603872,-0.060808193,0.033032224,0.10290076,0.25426358,0.008042493
1779765682093140223,1779765683111915646,-0.7576059394710208,0.019936998407276085,-0.48321465,-0.2573438,-0.12206838,-0.06332672,0.09352822,0.0049328646
1779765683111915646,1779765684126946461,0.0,0.0,-0.36826572,-0.09377393,0.0011173008,0.066010095,0.24535297,0.003101688
1779765685128891526,1779765686134877934,0.0,0.0,-0.44927424,-0.16101661,-0.03560839,0.052488364,0.21042702,0.0020174147
1779765686134877934,1779765687134942384,0.0,0.0,-0.22913088,-0.040819667,0.028750481,0.09051504,0.2845134,0.0058091334
1779765687134942384,1779765688154977603,0.0,0.0,-0.39138836,-0.13340008,-0.039483763,0.03526407,0.19200327,0.006618543
1779765688154977603,1779765689163280610,0.0,0.0,-0.33340868,-0.10017548,-0.00707924,0.050697688,0.18681267,0.0025948053
1779765689163280610,1779765690186934679,0.0,0.0,-0.37583596,-0.12509857,0.0001964421,0.054572783,0.2591731,0.005733187
1779765690186934679,1779765691189211106,0.0,0.0,-0.4009211,-0.12577635,0.0072533577,0.065089494,0.2151028,0.0032989648
1779765691189211106,1779765692197034440,0.45718286538874353,0.012356293659365747,-0.33439192,-0.12147056,-0.029216567,0.02406251,0.207811,0.008056112
1779765692197034440,1779765693213922532,0.0,0.0,-0.38123623,-0.17403248,-0.07759187,-0.01630719,0.15624917,0.0042223535
1779765693213922532,1779765694217041553,-0.28736964686206956,0.007766747212694764,-0.40789458,-0.15240194,-0.019492486,0.04308275,0.25839803,0.0073082536
1779765694217041553,1779765695229111756,0.0,0.0,-0.3306953,-0.056743816,0.030584734,0.09579534,0.3082319,0.0069862236
1779765695229111756,1779765696254993139,0.0,0.0,-0.3966454,-0.1573332,-0.048849534,0.046868175,0.16893488,0.002826799
1779765696254993139,1779765697263124950,0.0,0.0,-0.33464313,-0.12240696,-0.01672886,0.034065872,0.2296509,0.0026485734
1779765697263124950,1779765698284980033,-0.16981321852623787,0.004468768908600695,-0.44534534,-0.2017251,-0.09064817,-0.014435379,0.1460263,0.005373358
1779765698284980033,1779765699291341327,0.0,0.0,-0.44450223,-0.16118447,-0.023376586,0.048761494,0.17140056,0.005504526
1779765699291341327,1779765700342845475,-0.5094569581830034,0.01340676205748088,-0.4113255,-0.20188093,-0.07661218,-0.015275967,0.1367124,0.004834704
1779765700342845475,1779765701354966219,-0.914475029916726,0.02344807768987304,-0.40885988,-0.17591019,-0.01769873,0.0449708,0.1839351,0.0076864446
1779765701354966219,1779765702371064224,0.0,0.0,-0.4033881,-0.16387798,-0.05666735,0.013188563,0.1616957,0.004031495
1779765702371064224,1779765703397000282,0.0,0.0,-0.4257016,-0.19688298,-0.067291245,-0.007154075,0.1364321,0.0038748994
1779765703397000282,1779765704406966792,0.0,0.0,-0.32374635,-0.07409524,0.017727867,0.094378605,0.35417312,0.003278114
1779765704406966792,1779765705409366804,0.0,0.0,-0.22206281,-0.023257473,0.0711471,0.124540105,0.33017346,0.0050165793
1779765705409366804,1779765706422920309,0.0,0.0,-0.438233,-0.19920596,-0.08928959,-0.024428055,0.17411534,0.0032610302
1779765706422920309,1779765707430916409,0.0,0.0,-0.40392366,-0.13433212,0.0012673442,0.05739543,0.24935623,0.004754436
1779765709473083772,1779765710491297431,0.0,0.0,-0.4795997,-0.20493223,-0.058334924,0.014163239,0.23817039,0.0036012998
1779765710491297431,1779765711499255949,0.0,0.0,-0.38075998,-0.16506188,-0.044974484,0.025598146,0.2211152,0.0055565545
1779765711499255949,1779765712527654378,0.0,0.0,-0.33032504,-0.14288622,-0.011391635,0.038070437,0.2524303,0.0025965003
1779765712527654378,1779765713531182990,0.0,0.0,-0.36164802,-0.15796967,-0.035946265,0.029252281,0.19367443,0.006566413
1779765713531182990,1779765714542954966,0.5225673998822095,0.013751773680961844,-0.26210517,-0.034369014,0.05535062,0.11443376,0.23101085,0.0026636638
1779765716744892638,1779765717751074413,0.0,0.0,-0.3988025,-0.15771829,-0.044863492,0.029504336,0.17263795,0.002575252
1779765717751074413,1779765718763054072,0.0,0.0,-0.34727862,-0.071441375,0.0030179205,0.06595474,0.22072512,0.007587202
1779765718763054072,1779765719774951159,0.0,0.0,-0.42558995,-0.1630218,-0.0804726,-0.004356904,0.22883032,0.0012560474
1779765720785081658,1779765721785114299,0.0,0.0,-0.3908716,-0.16100825,-0.060550444,0.0049161143,0.20780373,0.006779602
1779765721785114299,1779765722795189810,0.0,0.0,-0.2632807,-0.06539835,0.041009065,0.10579586,0.28130782,0.009195213
1779765845228965274,1779765846248929714,0.0,0.0,-0.48727664,-0.21201548,-0.04118892,0.0139936,0.24224596,0.0053218054
1779765846248929714,1779765847272999899,0.0,0.0,-0.42962825,-0.17508759,-0.06890587,0.0072716465,0.23018044,0.0055903154
1779765847272999899,1779765848281068940,0.0,0.0,-0.37470657,-0.14336844,-0.031778432,0.031213997,0.1817477,0.0064984034
1779765848281068940,1779765849301044409,0.0,0.0,-0.39051226,-0.18803504,-0.039847583,0.016755827,0.196055,0.0049283383
1779765849301044409,1779765850305079684,0.0,0.0,-0.43414336,-0.21235499,-0.07342413,-0.0070655234,0.15631229,0.0020810685
1779765850305079684,1779765851329083117,0.0,0.0,-0.34244564,-0.11563681,-0.034750164,0.054032493,0.23575713,0.006262424
1779765851329083117,1779765852353043384,-0.15679049850096766,0.004126065749650371,-0.4683046,-0.15966554,-0.027415907,0.041994236,0.21560486,0.004779478
1779765852353043384,1779765853379018766,0.0,0.0,-0.2530612,-0.040565513,0.08147399,0.14178887,0.3419611,0.007829958
1779765853379018766,1779765854383031803,0.0,0.0,-0.22562082,-0.015887128,0.08730098,0.14400476,0.33685243,0.006894291
1779765854383031803,1779765855403014206,0.0,0.0,-0.37357408,-0.10411874,0.017673677,0.07640774,0.29799488,0.006489726
1779765855403014206,1779765856404169763,0.0,0.0,-0.29186854,-0.026335627,0.057278275,0.10373122,0.29404584,0.005625808
1779765856404169763,1779765857405420882,0.0,0.0,-0.33003157,-0.1029497,-0.0031000571,0.0664082,0.2657294,0.0050868453
1779765857405420882,1779765858418893667,0.0,0.0,-0.35593307,-0.115213275,-0.024391524,0.042210273,0.22906376,0.005036125
1779765858418893667,1779765859435603685,0.0,0.0,-0.39060432,-0.12472109,0.0027735636,0.06629805,0.21201572,0.004934431
1779765859435603685,1779765860445124451,0.0,0.0,-0.45837072,-0.2296744,-0.1162294,-0.03963278,0.12133944,0.0023694644
1779765860445124451,1779765861449047617,0.0,0.0,-0.3850147,-0.13742122,-0.044053204,0.027118409,0.25012088,0.0051533906
1779765861449047617,1779765862477167661,0.0,0.0,-0.31902868,-0.10310543,-0.0013674665,0.07185143,0.22323193,0.0035010243
1779765862477167661,1779765863493061873,0.0,0.0,-0.28293473,-0.03647711,0.05921095,0.116091326,0.33686733,0.0038982902
1779765863493061873,1779765864515050301,0.0,0.0,-0.3133146,-0.04468842,0.058006868,0.11086264,0.34893674,0.0075275353
1779765864515050301,1779765865537047669,0.0,0.0,-0.44425687,-0.21211474,-0.09492653,-0.03689113,0.18499704,0.0032355797
1779765865537047669,1779765866539273009,0.0,0.0,-0.43755698,-0.14185236,-0.048370477,0.018111069,0.16385053,0.0058562565
1779765866539273009,1779765867539525948,0.0,0.0,-0.44261163,-0.22524309,-0.08245177,-0.022169659,0.20314883,0.004726787
1779765867539525948,1779765868564923868,0.0,0.0,-0.34962657,-0.11936893,-0.047104485,0.008737275,0.15370598,0.0031656472
1779765868564923868,1779765869575013120,0.0,0.0,-0.34852752,-0.10704958,0.0010654902,0.066077486,0.24960059,0.0013556281
1779765870599270145,1779765871610975783,1.2673194903274978,0.03335051290336522,-0.4221388,-0.19135013,-0.089981675,-0.020005181,0.1557987,0.004021493
1779765871610975783,1779765872633259907,0.9144606941771959,0.02406475510980125,-0.42914283,-0.16453123,-0.006460964,0.06107961,0.22427258,0.004156317
1779765872633259907,1779765873644950393,0.0,0.0,-0.38780951,-0.14053535,0.014584583,0.08068565,0.2974748,0.005474761
1779765873644950393,1779765874662966817,0.0,0.0,-0.4486659,-0.22958967,-0.108853735,-0.04873891,0.15201585,0.005910904
1779765874662966817,1779765875668874109,0.0,0.0,-0.301591,-0.090805836,0.024767846,0.091399014,0.28423065,0.0022829159
1779765875668874109,1779765876683006934,0.0,0.0,-0.39454165,-0.1381387,-0.0376563,0.029142385,0.24410434,0.008659905
1779765876683006934,1779765877699147859,0.0,0.0,-0.38742387,-0.13045803,0.0076285596,0.08903569,0.29211777,0.0014651476
1779765877699147859,1779765878713125258,0.0,0.0,-0.51430416,-0.23432676,-0.09871396,-0.01581129,0.21609385,0.0044146534
1779765878713125258,1779765879737303405,0.0,0.0,-0.3644854,-0.14067444,-0.023750737,0.038805466,0.24798001,0.0012849299
1779765879737303405,1779765880765329522,0.0,0.0,-0.44082934,-0.22157228,-0.09071887,-0.014779742,0.17186609,0.005918599
1779765880765329522,1779765881781175684,0.0,0.0,-0.47696424,-0.21023908,-0.10315116,-0.040083192,0.16110519,0.008100116
1779765881781175684,1779765882787281279,0.0,0.0,-0.34685713,-0.14160216,-0.05539217,-0.0018413676,0.22068425,0.0028870583
1779765882787281279,1779765883805422497,0.0,0.0,-0.4580602,-0.23675345,-0.106531,-0.035211492,0.12767662,0.005879263
1779765883805422497,1779765884821012399,0.0,0.0,-0.46339157,-0.22087754,-0.12663953,-0.0595168,0.12464944,0.0035181579
1779765884821012399,1779765885845081941,0.0,0.0,-0.33055863,-0.0679785,0.026110422,0.08358178,0.27518776,0.009163784
1779765885845081941,1779765886867379134,0.0,0.0,-0.38129637,-0.10887408,0.009406756,0.077216856,0.24934264,0.006761114
1779765886867379134,1779765887868914084,0.0,0.0,-0.5008094,-0.22401461,-0.107359275,-0.032250233,0.13579063,0.0020172987
1779765887868914084,1779765888883391496,0.0,0.0,-0.28472713,-0.05084969,0.06730448,0.12749773,0.31975073,0.0062979152
1779765888883391496,1779765889900812509,0.0,0.0,-0.3662913,-0.13391536,-0.01600603,0.043679893,0.1917091,0.0062164706
1779765889900812509,1779765890925128570,0.0,0.0,-0.33080205,-0.08719759,0.020990867,0.113439746,0.29264802,0.00045290368
1779765890925128570,1779765891926933161,0.0,0.0,-0.20697606,-0.03826003,0.06144814,0.12835598,0.26983133,0.0027954394
1779765891926933161,1779765892933036365,0.0,0.0,-0.34978795,-0.09912571,-0.025981514,0.06433484,0.2808608,0.0077792476
1779765892933036365,1779765893937090472,0.0,0.0,-0.40544784,-0.14682123,-0.04507358,0.018976571,0.23728375,0.0032843822
1779765893937090472,1779765894961006112,0.0,0.0,-0.359675,-0.13161477,-0.017739274,0.047474787,0.22013807,0.00517893
1779765894961006112,1779765895976916631,0.0,0.0,-0.42313898,-0.1910815,-0.047585502,0.018848035,0.22597386,0.0011894648
1779765895976916631,1779765896997122781,0.0,0.0,-0.36617798,-0.09775603,0.010945587,0.07168963,0.2496404,0.0025066696
1779765896997122781,1779765898019371190,-1.4762422997668223,0.038848481572703444,-0.34976596,-0.14869478,-0.013040363,0.0661313,0.25227115,0.003072562
1779765898019371190,1779765899037107225,0.0,0.0,-0.41046146,-0.17053196,-0.072288774,0.01341862,0.2247953,0.0042244745
1779765899037107225,1779765900053271544,0.0,0.0,-0.36256415,-0.116577774,-0.0055480604,0.058209028,0.26900247,0.0028479972
1779765900053271544,1779765901063376887,-0.8492646679650292,0.022349070209920205,-0.34875542,-0.13260671,-0.0020511297,0.061629396,0.22681417,0.0068256054
1779766024574976207,1779766025577308362,-0.3136514848704163,0.008477067158740258,-0.42838693,-0.22736038,-0.08185073,-0.005507377,0.17637523,0.004547665
1779766025577308362,1779766026600981153,0.0,0.0,-0.3917694,-0.1452782,-0.044915907,0.024936179,0.16285723,0.008387712
1779766026600981153,1779766027617122778,0.0,0.0,-0.38557065,-0.177156,-0.04954358,0.013672052,0.16324937,0.0046049757
1779766027617122778,1779766028643072911,0.0,0.0,-0.2540493,-0.055926487,0.021925535,0.07326912,0.23819128,0.00525343
1779766028643072911,1779766029651024350,0.0,0.0,-0.35279605,-0.11114955,-0.01865087,0.05115239,0.19905731,0.0058734254
1779766029651024350,1779766030672988403,0.0,0.0,-0.35344124,-0.10810649,0.0007223638,0.053580333,0.22425283,0.0029994845
1779766030672988403,1779766031676988509,0.0,0.0,-0.42541888,-0.13747193,-0.0031615957,0.05740728,0.21907854,0.007989986
1779766031676988509,1779766032681059330,0.0,0.0,-0.36935422,-0.13924739,0.0043831943,0.06911666,0.2854144,-0.0010614424
1779766032681059330,1779766033687324635,0.0,0.0,-0.25957337,-0.043612804,0.060891215,0.11929664,0.35161346,0.0042397184
1779766035785239636,1779766036819819492,-0.14377637806734025,0.003993788279841068,-0.3923838,-0.20799954,-0.09940595,-0.044346783,0.12785107,0.0053768526
1779766036819819492,1779766037840913063,-0.4313415376015184,0.010520525307291202,-0.40079874,-0.16988096,-0.018149,0.048392683,0.19073372,0.007900381
1779766037840913063,1779766038850961454,-0.48364748643596,0.012727565432457094,-0.1338251,0.026011512,0.11356557,0.17155467,0.31267497,0.0062154965
1779766038850961454,1779766039877120793,0.0,0.0,-0.23455852,-0.025149416,0.055248257,0.117177576,0.34433132,0.0019247605
1779766039877120793,1779766040889130662,0.0,0.0,-0.33445492,-0.12083773,0.016497403,0.08677786,0.26043925,0.005471302
1779766040889130662,1779766041889235522,0.0,0.0,-0.22618186,-0.022748604,0.09469698,0.14088401,0.33922228,0.0064143036
1779766041889235522,1779766042910905211,0.0,0.0,-0.37976766,-0.14069541,-0.039771885,0.021711458,0.2276255,0.00543107
1779766042910905211,1779766043918879555,-1.3203460110078056,0.03474594765824696,-0.27798504,-0.072404295,0.0012895988,0.09381128,0.28567773,0.003310633
1779766043918879555,1779766044939144704,0.0,0.0,-0.2278328,0.010260571,0.10284372,0.15074092,0.3335824,0.007817965
1779766044939144704,1779766045950985707,0.0,0.0,-0.3143965,-0.10049614,-0.01081017,0.06430307,0.2827635,0.009189626
1779766045950985707,1779766046964844142,0.0,0.0,-0.39738962,-0.19858845,-0.07106188,-0.014043008,0.14809634,0.006437514
1779766046964844142,1779766047974921087,0.0,0.0,-0.37926495,-0.1523971,-0.02243135,0.05207577,0.2252993,0.003031237
1779766047974921087,1779766049000953444,0.0,0.0,-0.4231947,-0.14935778,-0.029778764,0.049597137,0.17801139,0.004302924
1779766049000953444,1779766050018952984,0.0,0.0,-0.22899759,-0.04297603,0.058355406,0.11264429,0.34662032,0.0032811638
1779766050018952984,1779766051040891893,0.0,0.0,-0.3199601,-0.11316007,0.014305747,0.07023053,0.2324666,0.006941536
1779766051040891893,1779766052049204843,0.0,0.0,-0.5109188,-0.259229,-0.08241246,-0.021592626,0.21071422,0.0016658931
1779766052049204843,1779766053054966295,0.0,0.0,-0.37978873,-0.13988419,-0.039550666,0.021396512,0.20133938,0.0065934258
1779766053054966295,1779766054073239863,0.0,0.0,-0.31533745,-0.06667442,0.026835468,0.08316258,0.29010767,0.008737835
1779766054073239863,1779766055093168941,0.0,0.0,-0.4772926,-0.2012662,-0.052531943,0.010017123,0.20560075,0.005880353
1779766055093168941,1779766056115158814,0.0,0.0,-0.37525487,-0.11642981,-0.017337805,0.041321933,0.22364841,0.0060055703
1779766056115158814,1779766057130884586,0.0,0.0,-0.34775984,-0.1333813,-0.018636221,0.059752125,0.24624293,0.008571871
1779766057130884586,1779766058157358746,0.0,0.0,-0.33452743,-0.07591168,0.030553218,0.09448598,0.30350792,0.0063395114
1779766058157358746,1779766059168979510,0.0,0.0,-0.29974347,-0.07554499,0.040941976,0.1084317,0.35523134,0.004182817
1779766059168979510,1779766060179311792,-0.3791414668795859,0.009977407023149299,-0.29907167,-0.07481238,0.012477747,0.065935515,0.20932555,0.0038207744
1779766060179311792,1779766061191363358,0.0,0.0,-0.29670182,-0.06307729,0.061381422,0.10974737,0.30661565,0.0063895886
1779766061191363358,1779766062211162114,0.0,0.0,-0.4778349,-0.23057316,-0.1082022,-0.040940713,0.116325445,0.006532702
1779766062211162114,1779766063235039633,0.0,0.0,-0.24614327,-0.011833927,0.09683596,0.15754963,0.313515,0.009084237
1779766063235039633,1779766064261328196,0.0,0.0,-0.3221773,-0.042884305,0.053126518,0.116474085,0.3620506,0.0023913777
1779766064261328196,1779766065283200502,-0.03922235150884349,0.0010321671447368736,-0.46013772,-0.21561913,-0.107204825,-0.032249674,0.13148314,0.0021268746
1779766065283200502,1779766066305381088,-0.03922250535083098,0.0010321711934280803,-0.3309988,-0.09376535,0.0043499293,0.07708464,0.21540692,0.0061926916
1779766066305381088,1779766067307185966,0.0,0.0,-0.5220246,-0.29381675,-0.1278766,-0.056132704,0.16809672,0.0053400844
1779766067307185966,1779766068331191760,-0.1961148343936377,0.005160916694703732,-0.2763919,-0.0574028,0.040481836,0.09807063,0.2805685,0.0052545336
1779766072676990522,1779766073700860130,0.0,0.0,-0.28204176,-0.048499454,0.062210836,0.12623069,0.286461,0.0033847496
1779766073700860130,1779766074719151786,0.0,0.0,-0.36055538,-0.12465024,-0.009190299,0.04549707,0.21942481,0.0031083387
1779766074719151786,1779766075743430479,0.0,0.0,-0.34657744,-0.12413729,0.0001302849,0.06236382,0.25479025,0.005299017
1779766075743430479,1779766076779412531,-1.1249410562375672,0.040176466294791366,-0.4796301,-0.24374191,-0.062118437,0.012115912,0.20665176,0.0036164848
1779766076779412531,1779766077807095752,0.0,0.0,-0.3022361,-0.04182145,0.05428618,0.12424212,0.27780762,0.0068574883
1779766077807095752,1779766078820911195,-1.268980748517783,0.031724518712916705,-0.27089542,-0.020732956,0.07682913,0.15693532,0.29526564,0.009535932
1779766078820911195,1779766079829093228,0.0,0.0,-0.4852869,-0.26289174,-0.11459957,-0.0520143,0.13089454,0.0051427367
1779766079829093228,1779766080849090305,-0.052332560337128235,0.0013771726402542058,-0.32414156,-0.048674714,0.060679145,0.12550578,0.302935,0.0051805973
1779766080849090305,1779766081873770262,1.6614251141033027,0.04372171352915338,-0.3341866,-0.11277397,0.010631854,0.065297246,0.2678287,0.005905441
1779766081873770262,1779766082885260734,0.09156658656778058,0.0024096470147882383,-0.3128445,-0.056720864,0.034109004,0.093421616,0.2551056,0.0049471506
1779766204167756207,1779766205188187858,1.1625537530932863,0.03315819874899626,-0.45023683,-0.16704097,-0.06843806,0.0009715497,0.1706712,0.003969077
1779766205188187858,1779766206195260605,-0.4571679361490922,0.01203073516177854,-0.34173366,-0.075458206,0.014747503,0.075486995,0.26555052,0.0040736375
1779766208365364788,1779766209389045352,0.0,0.0,-0.3495077,-0.14938524,-0.033994675,0.017286811,0.21403976,0.0047130524
1779766211617578296,1779766212622964194,0.692126473983556,0.01821385457848192,-0.46276373,-0.19793169,-0.050059818,-0.0027560678,0.15663607,0.006283281
1779766212622964194,1779766213631185118,-0.5223551689862627,0.013746188657523965,-0.29323587,-0.095410064,-0.0008382322,0.04796357,0.24694924,0.003190288
1779766213631185118,1779766214644968960,0.0,0.0,-0.4366468,-0.21225782,-0.09908071,-0.010613705,0.12411267,0.0018723168
1779766214644968960,1779766215670953352,0.0,0.0,-0.34305558,-0.13936028,-0.012443805,0.033451073,0.2016666,0.0032972223
1779766215670953352,1779766216686993680,0.0,0.0,-0.38815156,-0.1885082,-0.056662075,0.005915424,0.19778544,0.0046954895
1779766216686993680,1779766217706852440,0.0,0.0,-0.32789963,-0.16049266,-0.056467663,0.0016815033,0.20658502,0.0006971016
1779766217706852440,1779766218725355239,-0.15671187151480442,0.004123996618818787,-0.2886893,-0.03497362,0.056225967,0.11485762,0.2898759,0.005836665
1779766218725355239,1779766219733096293,0.0,0.0,-0.4013831,-0.17623316,-0.081270315,-0.014849538,0.15363763,0.004593234
1779766219733096293,1779766220758935535,-0.940322805674884,0.024110841171347937,-0.2651946,0.007307781,0.106314525,0.1644479,0.33956885,0.0050539854
1779766220758935535,1779766221770867988,0.0,0.0,-0.45360366,-0.16483349,-0.025384255,0.035611283,0.17310484,0.0060396725
1779766221770867988,1779766222794310558,-1.1885900593008396,0.03301639053611262,-0.3928177,-0.09044956,-0.00023920166,0.062301233,0.24493876,0.0029747868
1779766222794310558,1779766223801111652,-0.7053839740983147,0.01720448717300891,-0.29192218,-0.036481917,0.06338128,0.14102438,0.2736468,0.009593003
1779766223801111652,1779766224805272842,0.0,0.0,-0.40629563,-0.16283208,-0.04582058,0.012230824,0.20736852,0.0028874334
1779766224805272842,1779766225821450736,0.0,0.0,-0.40114114,-0.17552806,-0.07839411,-0.012774871,0.18172234,0.0018552366
1779766225821450736,1779766226834890392,0.0,0.0,-0.38045296,-0.17556849,0.001772621,0.061508,0.2800191,0.006286357
1779766226834890392,1779766227834899007,0.0,0.0,-0.26308745,-0.035537846,0.047211606,0.10705189,0.26133505,0.006025505
1779766227834899007,1779766228844813326,0.0,0.0,-0.37635696,-0.15219687,-0.039388914,0.034779742,0.20157552,0.004436655
1779766228844813326,1779766229856940849,0.0,0.0,-0.36446586,-0.12885362,-0.036707517,0.04910756,0.25123605,0.010075189
1779766230866894536,1779766231880991224,0.0,0.0,-0.18948002,0.015178458,0.10040486,0.16242512,0.33280045,0.0073574325
1779766231880991224,1779766232902963807,0.0,0.0,-0.38100368,-0.13111813,-0.0214514,0.039386813,0.23240156,0.0051436685
1779766232902963807,1779766233924902635,0.0,0.0,-0.3039723,-0.07321603,0.011016573,0.09355463,0.24124488,0.007448732
1779766233924902635,1779766234926939835,0.0,0.0,-0.42165565,-0.19041859,-0.074655436,-0.004670241,0.15013728,0.0030097459
1779766234926939835,1779766235946838449,0.0,0.0,-0.35325032,-0.042248648,0.056851566,0.107786685,0.320256,0.008637466
1779766235946838449,1779766236952845269,0.0,0.0,-0.3504075,-0.113360986,0.005537236,0.07839175,0.24364795,0.0064908825
1779766236952845269,1779766237953095706,0.0,0.0,-0.27720088,-0.07103004,0.026179472,0.09841049,0.28560093,0.007863947
1779766237953095706,1779766238967195312,0.0,0.0,-0.33527172,-0.10113798,0.026463322,0.0864159,0.27377445,0.004910847
1779766238967195312,1779766239974858862,0.0,0.0,-0.426708,-0.17427604,-0.06677629,0.0028869358,0.21029292,0.002645218
1779766239974858862,1779766240999512340,0.0,0.0,-0.45053226,-0.21008885,-0.0226259,0.03899043,0.25252596,0.0060704723
1779766240999512340,1779766242018885485,0.0,0.0,-0.57102865,-0.30145207,-0.16345899,-0.08524766,0.11123885,0.0020691322
1779766242018885485,1779766243043172764,0.0,0.0,-0.29136816,-0.09070175,-0.008821605,0.049999446,0.28550667,0.0047117397
1779766243043172764,1779766244065502469,0.0,0.0,-0.26888692,-0.057471335,0.043914244,0.09994584,0.287203,0.005776769
1779766244065502469,1779766245093076804,0.0,0.0,-0.45910138,-0.2235848,-0.067509085,-0.0055170343,0.18042785,0.0034574699
1779766245093076804,1779766246113346408,0.0,0.0,-0.3820542,-0.16715932,-0.029117402,0.033701144,0.21861364,0.0020669731
1779766247127009726,1779766248145432010,0.0,0.0,-0.3621309,-0.16825937,-0.05468044,0.016633753,0.19789258,0.0059218802
1779766248145432010,1779766249147116637,0.0,0.0,-0.36856288,-0.17913744,-0.049236864,0.02742883,0.20392568,0.004733532
1779766249147116637,1779766250149012055,0.0,0.0,-0.25279132,-0.01574427,0.103480704,0.15859625,0.32734716,0.0046707154
1779766250149012055,1779766251161001350,0.0,0.0,-0.33968514,-0.12562808,-0.024920013,0.046438992,0.22439279,0.0064416234
1779766251161001350,1779766252163071879,-0.757748468371466,0.01994074916744637,-0.3852181,-0.13075814,-0.029533263,0.03959905,0.2701474,0.009893676
1779766252163071879,1779766253246878632,-1.4764679776987655,0.03885442046605715,-0.3958613,-0.16574849,-0.07186095,-0.0028023499,0.16621254,0.0052732243
1779766253246878632,1779766254253612252,-1.0715557496950376,0.02613550609015924,-0.4104503,-0.1607409,-0.05389269,0.023772595,0.15767743,0.0075280764
1779766254253612252,1779766255281144072,0.0,0.0,-0.35178524,-0.10150933,0.0075751157,0.07088777,0.23678622,0.008761273
1779766255281144072,1779766256295085830,0.0,0.0,-0.4475624,-0.21545288,-0.11080841,-0.0412429,0.15452008,0.004105488
1779766256295085830,1779766257301154656,1.1238238248102423,0.02957431117965227,-0.37207597,-0.14065345,-0.046078093,0.038159337,0.18779446,0.0051461677
1779766257301154656,1779766258313289543,0.4312011959311855,0.011347399892707399,-0.43660644,-0.19519264,-0.07805971,-0.0135369385,0.1674162,0.0069948407
1779766258313289543,1779766259333220315,0.0,0.0,-0.39095694,-0.13920356,-0.04796159,0.016122574,0.25902116,0.00406123
1779766259333220315,1779766260351005089,0.0,0.0,-0.31118712,-0.13079678,-0.005375459,0.05804634,0.27864164,0.005208948
1779766260351005089,1779766261370992448,0.0,0.0,-0.40511328,-0.11803032,-0.032429975,0.025398532,0.21422778,0.0023285032
1779766261370992448,1779766262382961476,0.0,0.0,-0.3268187,-0.0817085,0.020633115,0.08364173,0.30480582,0.0075009773
1779766262382961476,1779766263384817839,0.0,0.0,-0.44799176,-0.12389092,-0.037360854,0.025293091,0.219607,0.0024718873
1779766384169535519,1779766385184917441,0.0,0.0,-0.40220624,-0.1910346,-0.05695092,0.012756209,0.19560906,0.0061705615
1779766385184917441,1779766386201414794,0.0,0.0,-0.25771606,-0.062263638,0.034866594,0.085369706,0.22140557,0.005050856
1779766386201414794,1779766387219109897,0.0,0.0,-0.35072866,-0.12113826,-0.020032754,0.053717826,0.20806779,0.006775038
1779766387219109897,1779766388230933814,0.0,0.0,-0.21086323,0.009485416,0.11593781,0.16849469,0.33617952,0.007287923
1779766388230933814,1779766389252932177,0.9269111020561759,0.02376695133485476,-0.37302685,-0.14344996,-0.029353688,0.026718643,0.21546397,0.0027821062
1779766389252932177,1779766390279202512,0.0,0.0,-0.34479666,-0.14563206,-0.019724807,0.032122564,0.21376987,0.0038630893
1779766390279202512,1779766391295197380,-0.7702440371917166,0.020269579926092185,-0.3873086,-0.15847236,-0.030931802,0.037394866,0.2177275,0.00377833
1779766391295197380,1779766392321070410,0.0,0.0,-0.12820154,0.013677674,0.12107784,0.1742651,0.3261844,0.0062423036
1779766392321070410,1779766393347026705,0.0,0.0,-0.31502277,-0.07972087,0.028944964,0.092729695,0.31179604,0.002089707
1779766393347026705,1779766394373540958,0.0,0.0,-0.33283645,-0.1147324,-0.00904786,0.06300549,0.20923269,0.004775988
1779766394373540958,1779766395399158434,0.0,0.0,-0.36494592,-0.13168103,-0.0039043478,0.0547358,0.31861806,0.0037135812
1779766395399158434,1779766396413063846,0.8485706159441512,0.0223308056827196,-0.22772539,-0.01798447,0.09437037,0.14595436,0.34196934,0.0052000494
1779766396413063846,1779766397413143407,0.0,0.0,-0.46629456,-0.23520336,-0.110979445,-0.042056803,0.19112259,0.005843771
1779766397413143407,1779766398413221709,0.0,0.0,-0.30197084,-0.08163422,0.024104454,0.085362986,0.31060803,0.0049248957
1779766398413221709,1779766399437020963,0.0,0.0,-0.2718836,-0.08129574,0.057317328,0.112852424,0.30267534,0.004528201
1779766399437020963,1779766400454993061,-0.45691369169456414,0.01202404451841756,-0.35544756,-0.12198951,-0.01644151,0.04841494,0.291714,0.007566692
1779766400454993061,1779766401457089454,0.0,0.0,-0.4559409,-0.24634284,-0.087125994,-0.027757984,0.19192202,0.0062174504
1779766401457089454,1779766402458942152,0.0,0.0,-0.37339798,-0.14492694,-0.041894324,0.020436812,0.21303806,0.0054323403
1779766402458942152,1779766403461347251,0.0,0.0,-0.3546712,-0.08877617,0.013350154,0.071958736,0.25342694,0.002481202
1779766403461347251,1779766404481138879,0.0,0.0,-0.32763308,-0.06846071,0.026538437,0.10170321,0.35839766,0.0032322868
1779766404481138879,1779766405483035681,0.0,0.0,-0.28696692,-0.032902196,0.054979526,0.11736628,0.2806707,0.009579268
1779766405483035681,1779766406486912029,0.0,0.0,-0.37183222,-0.12579359,-0.0017811356,0.052810498,0.3043041,0.0036256209
1779766406486912029,1779766407487159260,0.0,0.0,-0.35598478,-0.1442446,0.0016654305,0.051032744,0.22629021,0.005626373
1779766407487159260,1779766408491232748,0.0,0.0,-0.5110174,-0.26060548,-0.07168814,-0.0024437574,0.17828633,0.0023616503
1779766408491232748,1779766409491734102,0.0,0.0,-0.32078168,-0.12535785,-0.009954909,0.04770662,0.27557126,0.004295734
1779766409491734102,1779766410503314685,0.0,0.0,-0.48940971,-0.24340169,-0.1272148,-0.05149358,0.10807226,0.0020133685
1779766410503314685,1779766411525085274,0.0,0.0,-0.27380556,-0.06107098,0.03780319,0.098107465,0.29376587,0.0050824704
1779766412546861523,1779766413552934934,0.0,0.0,-0.3618773,-0.14289653,-0.04697784,0.016213529,0.21620567,0.0015529076
1779766413552934934,1779766414553137795,0.0,0.0,-0.40189597,-0.18304063,-0.06930965,0.0015270743,0.16487227,0.0038201492
1779766414553137795,1779766415577285822,0.0,0.0,-0.32275578,-0.09521166,0.0033365062,0.07535144,0.21917887,0.0064236736
1779766415577285822,1779766416598928044,0.0,0.0,-0.35318705,-0.12067992,-0.0067246133,0.04905113,0.21964255,0.002649984
1779766416598928044,1779766417624984036,0.0,0.0,-0.28642097,-0.054632127,0.035586976,0.10602335,0.2731871,0.008067925
1779766419783063402,1779766420797095053,0.0,0.0,-0.5080535,-0.17691289,-0.023252716,0.04802299,0.19594222,0.0050711874
1779766420797095053,1779766421798927065,0.0,0.0,-0.38308513,-0.17434089,-0.08389715,-0.027421435,0.11856886,0.0031998258
1779766421798927065,1779766422813096868,0.7048021173087204,0.018547424139694464,-0.43039143,-0.22564816,-0.10212087,-0.039368853,0.15030621,0.0028083967
1779766422813096868,1779766423829574049,0.0,0.0,-0.2355512,-0.047818787,0.053790163,0.10337058,0.30520576,0.0060988828
1779766423829574049,1779766424851505342,0.0,0.0,-0.442487,-0.18825954,-0.048711155,0.012946982,0.16876523,0.007816479
1779766424851505342,1779766425855302981,0.0,0.0,-0.44475082,-0.21898837,-0.10188535,-0.020945612,0.16100045,0.002390655
1779766425855302981,1779766426876941673,0.0,0.0,-0.4445005,-0.19091432,-0.08241869,-0.0063209985,0.17783488,0.0009504975
1779766426876941673,1779766427898951473,0.0,0.0,-0.3279831,-0.13008061,-0.0067853816,0.056241386,0.20304075,0.009321434
1779766429985027327,1779766430995486983,0.0,0.0,-0.39496356,-0.15554273,-0.0259988,0.032746647,0.2279311,0.0052782744
1779766430995486983,1779766431997701018,0.0,0.0,-0.2686721,-0.045484472,0.039758097,0.111674935,0.30348507,0.0101985885
1779766431997701018,1779766433013178404,0.0,0.0,-0.43360132,-0.17548108,-0.039916396,0.013535678,0.1556713,0.0048709856
1779766433013178404,1779766434027024113,0.0,0.0,-0.24012877,-0.025664328,0.06003705,0.11879157,0.34628516,0.0021774021
1779766434027024113,1779766435047089285,0.0,0.0,-0.35104606,-0.16091493,-0.031237954,0.03857233,0.23510411,0.004555261
1779766435047089285,1779766436047385963,0.0,0.0,-0.3931929,-0.14281972,-0.039776944,0.038382184,0.2253748,0.006664439
1779766436047385963,1779766437067166227,0.0,0.0,-0.42087296,-0.17320211,-0.036869623,0.034858078,0.20645058,0.0025697255
1779766437067166227,1779766438070249584,0.46981043809958817,0.01269757940785648,-0.38126457,-0.119054124,-0.006446664,0.063264035,0.22792864,0.0056186803
1779766438070249584,1779766439095063829,0.0,0.0,-0.4136031,-0.15814239,-0.040023517,0.014983206,0.24993788,0.0069447
1779766439095063829,1779766440101241902,0.0,0.0,-0.37477696,-0.124854706,-0.013479109,0.04303239,0.2080527,0.005947252
1779766440101241902,1779766441104872347,0.0,0.0,-0.29611686,-0.056406733,0.0446482,0.12413115,0.3208423,0.005393292
1779766564127432690,1779766565133588294,0.6264482539475121,0.01648548036701108,-0.28974566,-0.09494136,-0.009485533,0.048478648,0.27856314,0.0055256016
1779766565133588294,1779766566153035171,0.0,0.0,-0.43692747,-0.198616,-0.09704104,-0.034674723,0.1058747,0.0054608444
1779766566153035171,1779766567161153114,0.0,0.0,-0.20481482,-0.013451,0.07334379,0.14885055,0.32114553,0.005259902
1779766567161153114,1779766568187153536,0.0,0.0,-0.4269274,-0.20680717,-0.08188829,-0.019398754,0.15197647,0.0060633016
1779766568187153536,1779766569197590943,0.6264090126619655,0.03708895864300799,-0.49480233,-0.2620492,-0.05690942,0.008374811,0.21685223,0.0028692135
1779766569197590943,1779766570207559870,0.0,0.0,-0.45198262,-0.21364184,-0.09266692,-0.03051811,0.16430499,0.004092782
1779766570207559870,1779766571229174057,0.0,0.0,-0.36302096,-0.08621111,0.01762007,0.075195655,0.28898245,0.0057117073
1779766571229174057,1779766572337026727,0.39148570788619025,0.0111853059396237,-0.4629668,-0.26480612,-0.12887836,-0.07249291,0.11268371,0.006905555
1779766572337026727,1779766573341482715,1.0047431715297754,0.02232762603387389,-0.3766396,-0.14822921,0.0024811982,0.061685197,0.19852982,0.007584279
1779766573341482715,1779766574361291825,0.0,0.0,-0.3454812,-0.10293453,-0.0031727927,0.056777712,0.22446908,0.0050393282
1779766576364942760,1779766577373544886,0.0,0.0,-0.3127726,-0.0892602,-0.005269575,0.06973475,0.28695196,0.0015125846
1779766577373544886,1779766578397241892,0.0,0.0,-0.28522205,-0.0416666,0.059345853,0.13352977,0.3316737,0.0052758963
1779766578397241892,1779766579411016093,0.0,0.0,-0.40841037,-0.1481606,-0.027329804,0.03541337,0.17761724,0.0064264922
1779766579411016093,1779766580450764225,0.0,0.0,-0.32050633,-0.090585835,0.034029152,0.09458795,0.26660964,0.011693835
1779766580450764225,1779766581471074573,0.9001921720662339,0.02308185056603243,-0.366875,-0.08675777,0.013492382,0.09575846,0.25165263,0.0071229683
1779766581471074573,1779766582487412465,-0.36528560446193875,0.009612779064912945,-0.1470786,0.044412136,0.14372708,0.20293058,0.35592106,0.005722648
1779766582487412465,1779766583503688718,0.0,0.0,-0.45241797,-0.20142457,-0.09336045,-0.01885578,0.14427313,0.0033428601
1779766583503688718,1779766584525140362,0.0,0.0,-0.24503012,-0.074044146,0.035281334,0.101842664,0.27156848,0.009759907
1779766584525140362,1779766585547769048,0.0,0.0,-0.36811402,-0.12770887,-0.03200574,0.036143687,0.21777986,0.007968447
1779766585547769048,1779766586553049254,0.15655260722410322,0.004119805453041779,-0.3330754,-0.11485193,0.0050053657,0.05043511,0.21741676,0.0020015414
1779766586553049254,1779766587579012674,0.0,0.0,-0.30319422,-0.10143195,-0.014466639,0.045144122,0.2794721,0.003974882
1779766587579012674,1779766588582964910,-0.33920041333451867,0.008926326666363294,-0.32123858,-0.12514807,-0.010938635,0.050784282,0.267173,0.003268346
1779766588582964910,1779766589590820822,0.0,0.0,-0.3245841,-0.08579639,0.021474775,0.082082,0.25379845,0.009036643
1779766589590820822,1779766590609053749,-0.6784353456975858,0.017853561728891895,-0.28811702,-0.0014329938,0.10826532,0.16495658,0.41792756,0.0037106972
1779766590609053749,1779766591615047777,0.0,0.0,-0.40917093,-0.18267155,-0.06386302,0.010777138,0.18722221,0.0025850208
1779766591615047777,1779766592623965528,0.49578420350266855,0.013399573067694924,-0.3546325,-0.14822847,-0.03876728,0.029838482,0.19591232,0.0020275852
1779766593626894036,1779766594648294060,0.0,0.0,-0.40084016,-0.14385036,-0.045841828,0.02699013,0.18511404,0.005837023
1779766594648294060,1779766595666873636,-0.03913884112499783,0.0010299695033697425,-0.36312827,-0.12222911,-0.036052313,0.019370481,0.19465677,0.0056663365
1779766595666873636,1779766596692782364,0.0,0.0,-0.39866057,-0.16353565,-0.060065836,0.049585707,0.22380364,0.004139226
1779766596692782364,1779766597693176526,-0.9654732424643455,0.025407190590941375,-0.35697332,-0.121235445,-0.01808317,0.06570721,0.27849147,0.0041093277
1779766598716943991,1779766599724937758,0.0,0.0,-0.42903224,-0.1557068,-0.02238656,0.030435856,0.21980402,0.004325633
1779766599724937758,1779766600735248226,0.0,0.0,-0.38676375,-0.15631786,-0.011920333,0.049534153,0.20901816,0.003617902
1779766600735248226,1779766601752957311,-0.3392424585736348,0.008927433120706646,-0.48033652,-0.2080076,-0.08873285,-0.0075254044,0.17606302,0.005333209
1779766601752957311,1779766602781877285,0.0,0.0,-0.41566828,-0.1141123,0.024251,0.079749934,0.26739022,0.0049669878
1779766602781877285,1779766603804945815,0.0,0.0,-0.34505126,-0.06265646,0.011600558,0.08405389,0.2786285,0.006013443
1779766603804945815,1779766604829144570,0.0,0.0,-0.40943706,-0.13792647,-0.00846299,0.06003542,0.22939104,0.006559242
1779766604829144570,1779766605846980460,0.0,0.0,-0.37080628,-0.066439256,0.051542547,0.11534841,0.34326747,0.007518113
1779766605846980460,1779766606864996366,0.0,0.0,-0.5316554,-0.23283778,-0.09199289,-0.029990345,0.155148,0.003555144
1779766606864996366,1779766607885043649,0.0,0.0,-0.24719593,-0.0020978083,0.079055965,0.1383497,0.3848644,0.008360214
1779766607885043649,1779766608892698057,0.33924245857318147,0.00916871509694196,-0.4044188,-0.16172747,-0.03658738,0.031238561,0.25310162,0.002833643
1779766608892698057,1779766609903249852,0.0,0.0,-0.3776742,-0.17379881,-0.005209506,0.05787185,0.18582645,0.004693671
1779766609903249852,1779766610909743853,0.0,0.0,-0.32163575,-0.08593659,0.014583463,0.06937149,0.3091049,0.0099124955
1779766610909743853,1779766611933315369,0.0,0.0,-0.3729007,-0.15419036,-0.019843847,0.052179787,0.29040805,0.0030229758
1779766611933315369,1779766612939206121,0.0,0.0,-0.37363282,-0.14555712,-0.019268634,0.0453941,0.23336229,0.0062130084
1779766612939206121,1779766613945363545,0.0,0.0,-0.2935541,-0.13072118,-0.009975274,0.046948608,0.21074282,0.0068261195
1779766613945363545,1779766614967187205,0.0,0.0,-0.23162118,0.027986174,0.11139671,0.1678489,0.4035396,0.0056556105
1779766614967187205,1779766615973029873,0.0,0.0,-0.34517315,-0.14997496,-0.029377459,0.028354425,0.20603757,0.0015167053
1779766615973029873,1779766616983120862,0.0,0.0,-0.2966348,-0.09677809,0.04167941,0.092252575,0.25619295,0.009745256
1779766616983120862,1779766618006746002,0.0,0.0,-0.38318053,-0.15262313,-0.04881837,0.021832248,0.18133996,0.005512127
1779766618006746002,1779766619015107397,0.0,0.0,-0.31611374,-0.1100224,-0.03233123,0.054139215,0.23222156,0.0037380902
1779766619015107397,1779766620040028077,0.0,0.0,-0.39146894,-0.16259009,-0.048683953,0.011448228,0.20793375,0.0025683146
1779766620040028077,1779766621040973265,0.0,0.0,-0.2694073,-0.048056252,0.04234161,0.0942173,0.29054677,0.0049749347
1779766621040973265,1779766622061028675,0.0,0.0,-0.42332885,-0.14598458,-0.034520153,0.046864398,0.1926485,0.004350855
1779766685555300667,1779766686573080399,0.0,0.0,-0.33176574,-0.11573324,-0.03195136,0.05462744,0.25085577,0.008359671
1779766686573080399,1779766687593172049,0.0,0.0,-0.40993613,-0.14541367,-0.04491507,0.047249116,0.21443157,0.005403889
1779766687593172049,1779766688618839104,0.0,0.0,-0.53173375,-0.2541408,-0.116996534,-0.05060881,0.15816846,0.0047944086
1779766688618839104,1779766689638982097,0.0,0.0,-0.36567903,-0.09387916,0.010997795,0.07350165,0.27271608,0.0070195436
1779766689638982097,1779766690660964610,0.0,0.0,-0.3412915,-0.13428625,-0.04445388,0.024125053,0.19373554,0.00549486
1779766690660964610,1779766691685118204,0.0,0.0,-0.3016846,-0.052422557,0.06467722,0.1259979,0.26910323,0.0074506053
1779766691685118204,1779766692691559267,0.0,0.0,-0.29319954,-0.014860828,0.08969029,0.16166629,0.3198181,0.008304846
1779766692691559267,1779766693703119948,0.0,0.0,-0.4994571,-0.21046638,-0.104386725,-0.033148114,0.11159352,0.003508139
1779766693703119948,1779766694727055891,0.0,0.0,-0.37438634,-0.10918595,-0.0018919186,0.056712627,0.2346642,0.0050348663
1779766695743363307,1779766696765330675,0.0,0.0,-0.34462744,-0.12148223,-0.03265819,0.05085991,0.22891888,0.0069244374
1779766696765330675,1779766697771663298,0.0,0.0,-0.46712595,-0.25491434,-0.12217758,-0.05968373,0.1587289,0.004416317
1779766697771663298,1779766698785131184,0.0,0.0,-0.33330327,-0.10155611,0.021889262,0.08546442,0.22843483,0.006040318
1779766698785131184,1779766699801229610,0.0,0.0,-0.28305757,-0.112927295,-0.025752809,0.040779848,0.21097927,0.0037892465
1779766699801229610,1779766700819184808,-0.3000409621368204,0.007895814793101863,-0.18717712,-0.029630272,0.055789575,0.123421825,0.29905322,0.007939871
1779766700819184808,1779766701827051351,0.0,0.0,-0.40386632,-0.16734043,-0.059271857,0.030354816,0.20601971,0.0047479183
1779766701827051351,1779766702847051773,0.0,0.0,-0.32443863,-0.12520336,-0.04142607,0.03628832,0.21172766,0.009018182
1779766702847051773,1779766703863027560,0.0,0.0,-0.3700098,-0.17653768,-0.04882394,0.010712311,0.19915955,0.0015287218
1779766703863027560,1779766704874961781,0.0,0.0,-0.42626935,-0.17346224,-0.0687147,-0.01600435,0.16905138,0.0024673399
1779766704874961781,1779766705878963980,0.0,0.0,-0.42307812,-0.14236912,0.0034919616,0.05771651,0.20455778,0.00635089
1779766705878963980,1779766706898962008,0.0,0.0,-0.32749528,-0.07558002,0.029416695,0.08446928,0.23877376,0.008096815
1779766706898962008,1779766707911322548,0.0,0.0,-0.21250537,-0.022851363,0.07779104,0.1272775,0.30958316,0.0035165616
1779766707911322548,1779766708923298217,0.0,0.0,-0.39777043,-0.13395377,-0.029075855,0.032604255,0.18834147,0.00598196
1779766708923298217,1779766709924959175,0.0,0.0,-0.24575344,-0.0017724577,0.11604395,0.16645807,0.34623227,0.0047708666
1779766709924959175,1779766710945572282,0.0,0.0,-0.33009544,-0.104855895,0.018337954,0.06529258,0.276942,0.005461305
1779766710945572282,1779766711953009439,0.0,0.0,-0.24731012,-0.055222504,0.08177879,0.14312783,0.30440715,0.0054781428
1779766711953009439,1779766712967207029,-0.4435553045709882,0.011672508014651396,-0.3492157,-0.14052561,-0.055072438,0.0009114111,0.18355447,0.005016451
1779766712967207029,1779766713993327776,0.0,0.0,-0.4009894,-0.1904822,-0.050822116,0.008615925,0.17912066,0.0044270875
1779766713993327776,1779766715016793304,0.0,0.0,-0.38505116,-0.20015751,-0.023901457,0.024948495,0.25966448,0.005504172
1779766715016793304,1779766716023254643,0.0,0.0,-0.4096614,-0.1269139,0.014675047,0.066771604,0.23134808,0.0067399866
1779766716023254643,1779766717043026610,0.0,0.0,-0.40598497,-0.14606893,-0.047799554,0.013082982,0.21068399,0.0021206955
1779766719198401194,1779766720220996904,0.0,0.0,-0.34391955,-0.093987636,-0.0036229931,0.06169966,0.20570438,0.0070780343
1779766721225638879,1779766722245176085,0.0,0.0,-0.38810748,-0.18313028,-0.08247423,-0.027942436,0.16501947,0.0030796067
1779766722245176085,1779766723263189024,0.0,0.0,-0.30214068,-0.11830414,-0.0209974,0.038431942,0.19816859,0.0036836194
1779766723263189024,1779766724273102335,0.0,0.0,-0.33509216,-0.1200259,-0.033730444,0.038509183,0.25966328,0.0022863133
1779766724273102335,1779766725275303434,0.0,0.0,-0.5227692,-0.2923202,-0.12863927,-0.064405665,0.14024304,0.00443139
1779766725275303434,1779766726291002346,0.0,0.0,-0.4176391,-0.23433584,-0.09121829,-0.035249982,0.15206586,0.0057213255
1779766730645505598,1779766731746378148,2.2956077689742966,0.07915888858485001,-0.45106387,-0.18787903,-0.08309885,-0.007633412,0.14821498,0.0016159655
1779766731746378148,1779766732771642522,0.0,0.0,-0.36385363,-0.15174219,0.0041595986,0.065296315,0.20383237,0.008079776
1779766732771642522,1779766733791181722,0.0,0.0,-0.2152146,0.03652421,0.1396741,0.21728306,0.33677372,0.0062116124
1779766733791181722,1779766734805334161,0.0,0.0,-0.508312,-0.22991149,-0.11474266,-0.040925086,0.1264933,0.002246855
1779766734805334161,1779766735811069782,0.0,0.0,-0.227763,-0.03656278,0.05401572,0.11145724,0.35757425,0.004099797
1779766735811069782,1779766736837194980,0.0,0.0,-0.275529,-0.066061884,0.033768233,0.09084258,0.31206232,0.0052405824
1779766736837194980,1779766737846889775,0.0,0.0,-0.35292846,-0.12354007,-0.050536565,0.02127964,0.21774974,0.0058364784
1779766737846889775,1779766738874831740,0.0,0.0,-0.23761174,0.0032497507,0.10280269,0.17454685,0.34005696,0.0052728676
1779766738874831740,1779766739879119378,0.0,0.0,-0.46141273,-0.23334593,-0.094754696,-0.038628478,0.12532356,0.0015970665
1779766739879119378,1779766740905578277,0.0,0.0,-0.40171704,-0.20162584,-0.090781696,-0.03013605,0.15973683,0.004902564
1779766740905578277,1779766741909119857,0.0,0.0,-0.45418045,-0.26624423,-0.109038584,-0.050278816,0.14309601,0.0059374445
1779766741909119857,1779766742924943596,0.0,0.0,-0.48013204,-0.20867765,-0.06667362,0.00049212,0.16580567,0.00262159
1779766742924943596,1779766743942888933,0.0,0.0,-0.33597836,-0.07765462,0.04758303,0.10690618,0.2763708,0.004413361
1779767104208952511,1779767105227420711,0.0,0.0,-0.43483478,-0.16294242,-0.026252184,0.037148386,0.21510346,0.004335176
1779767105227420711,1779767106243161792,0.0,0.0,-0.3492152,-0.094834805,0.0067192013,0.06830707,0.2388042,0.003514826
1779767106243161792,1779767107253195262,0.0,0.0,-0.41655478,-0.15480511,-0.028390093,0.03756502,0.2050834,0.0030295292
1779767107253195262,1779767108274967661,0.0,0.0,-0.28678614,-0.04385478,0.06589238,0.13284907,0.29665494,0.0062325806
1779767108274967661,1779767109286838315,0.0,0.0,-0.31296033,-0.077787496,0.003913049,0.09040178,0.23679492,0.0071057184
1779767109286838315,1779767110303000164,0.0,0.0,-0.3910754,-0.13826136,-0.037884235,0.034809325,0.26847145,0.008958921
1779767110303000164,1779767111325306185,0.0,0.0,-0.2656546,-0.026210263,0.07733347,0.13707413,0.30504987,0.005089627
1779767113469065033,1779767114469091111,0.0,0.0,-0.31035903,-0.05986347,0.036518306,0.110778384,0.3225758,0.0056119845
1779767114469091111,1779767115483213725,0.0,0.0,-0.4590446,-0.22598812,-0.08937511,-0.016725594,0.12753251,0.0013003265
1779767115483213725,1779767116505240824,0.0,0.0,-0.35556293,-0.12911104,-0.0174655,0.062295493,0.2787075,0.0027162537
1779767116505240824,1779767117521297132,0.0,0.0,-0.35970038,-0.13120613,-0.026438665,0.05164213,0.2642946,0.002215043
1779767117521297132,1779767118525388323,0.0,0.0,-0.15956068,-0.014591628,0.07992774,0.14520507,0.28717858,0.0064083776
1779767118525388323,1779767119531257585,0.0,0.0,-0.3407584,-0.089474835,-0.02308422,0.058248334,0.28168195,0.008679245
1779767119531257585,1779767120536943004,0.0,0.0,-0.2654238,-0.06031689,0.020889997,0.07150748,0.23331568,0.004706026
1779767120536943004,1779767121539076415,0.0,0.0,-0.2926496,-0.085982546,0.030602742,0.090790026,0.3031047,0.0043441863
1779767121539076415,1779767122563361684,0.0,0.0,-0.2832564,-0.06321301,0.05502606,0.118288815,0.28942055,0.007623554
1779767122563361684,1779767123581184286,0.0,0.0,-0.36169177,-0.12050088,-0.003975287,0.04403016,0.26091668,0.0064402805
1779767123581184286,1779767124584903285,0.0,0.0,-0.40705124,-0.20328143,-0.0742727,-0.017318442,0.1564424,0.003019843
1779767124584903285,1779767125605120564,0.0,0.0,-0.40691376,-0.18722898,-0.06947089,-0.007623147,0.17723405,0.0037134863
1779767125605120564,1779767126631073500,0.0,0.0,-0.4444295,-0.19474067,-0.10926267,-0.042603463,0.18190916,0.0057364726
1779767126631073500,1779767127653049988,0.0,0.0,-0.3429627,-0.1260201,-0.011651971,0.06202613,0.21315804,0.007936766
1779767127653049988,1779767128676874528,0.0,0.0,-0.39437985,-0.17586811,-0.04291535,0.015911879,0.17805818,0.0050068134
1779767128676874528,1779767129677051863,0.0,0.0,-0.27703923,-0.021009762,0.07331561,0.14644936,0.39979532,0.006660432
1779767129677051863,1779767130691222993,0.0,0.0,-0.34403855,-0.09000404,0.028909832,0.090614855,0.31794536,0.0035778235
1779767130691222993,1779767131706565662,0.0,0.0,-0.35558316,-0.12382992,-0.02924673,0.036002696,0.26988116,0.0038029552
1779767131706565662,1779767132708950916,0.0,0.0,-0.43302166,-0.17447342,-0.052691877,0.012872567,0.19541585,0.0059963893
1779767132708950916,1779767133733414516,0.0,0.0,-0.29465643,-0.07944033,0.049517892,0.11726102,0.26559278,0.00750555
1779767133733414516,1779767134735075269,0.0,0.0,-0.39196363,-0.18050808,-0.07155298,-0.0049265884,0.20069164,0.0079742195
1779767134735075269,1779767135761011510,0.0,0.0,-0.34958544,-0.13506062,-0.011220597,0.03596985,0.20411819,0.0026576235
1779767135761011510,1779767136769241911,0.0,0.0,-0.41949314,-0.18354931,-0.09083481,-0.026540887,0.18951905,0.0072649396
1779767136769241911,1779767137797504221,0.0,0.0,-0.3777764,-0.10074787,0.0065151774,0.06567231,0.238916,0.009582256
1779767137797504221,1779767138813021485,0.0,0.0,-0.46103072,-0.25396103,-0.08480336,-0.01474433,0.22048397,0.003907871
1779767138813021485,1779767139815491176,0.0,0.0,-0.37178096,-0.1268655,-0.0021674181,0.050435998,0.27772158,0.0036784143
1779767139815491176,1779767140817221259,0.0,0.0,-0.38195008,-0.18622455,-0.048331916,0.017781239,0.21024927,0.004269955
1779767140817221259,1779767141841059950,0.0,0.0,-0.44304127,-0.19684753,-0.10047636,-0.030403525,0.15405525,0.0034012045
1779767141841059950,1779767142847139701,0.0,0.0,-0.28608933,-0.049196135,0.024827821,0.099836156,0.31801572,0.010011351
1779767142847139701,1779767143867263957,0.0,0.0,-0.3810187,-0.16856778,-0.058408175,0.011345446,0.20983295,0.007137956
1779767143867263957,1779767144872821612,0.45678667548136775,0.012020701986552234,-0.3218365,-0.055966634,0.046047088,0.11909833,0.3248357,0.00511218
1779767144872821612,1779767145889175723,0.0,0.0,-0.42287704,-0.17301752,-0.038770802,0.03516106,0.19091427,0.0050946013
1779767145889175723,1779767146912844617,0.0,0.0,-0.45738992,-0.22347961,-0.0778746,-0.0155244535,0.18327036,0.004056448
1779767146912844617,1779767147915441681,0.0,0.0,-0.35233048,-0.076092884,0.011337818,0.08344741,0.23132536,0.005934124
1779767147915441681,1779767148917126312,0.0,0.0,-0.40425906,-0.1857489,-0.06412363,-0.012074948,0.17029661,0.0020603298
1779767148917126312,1779767149927201918,0.0,0.0,-0.34530774,-0.13423125,-0.009975997,0.045446776,0.23832512,0.00472167
1779767149927201918,1779767150949328273,0.0,0.0,-0.29771757,-0.13303146,-0.026674718,0.024923675,0.23126459,0.0031578708
1779767150949328273,1779767151969128523,0.0,0.0,-0.28690854,-0.05438082,0.042993803,0.10136087,0.30198294,0.009055966
1779767151969128523,1779767152985360640,0.0,0.0,-0.39115435,-0.16753335,-0.072486244,-0.0081159435,0.17949592,0.008661914
1779767152985360640,1779767153995468706,0.0,0.0,-0.36493537,-0.091292106,0.022710161,0.07603025,0.32081357,0.008546739
1779767153995468706,1779767155009412765,0.0,0.0,-0.43734577,-0.1863897,-0.08468042,-0.0093574645,0.16824079,0.003715533
1779767155009412765,1779767156035300554,0.0,0.0,-0.4444315,-0.20302765,-0.10143485,-0.025598124,0.1304347,0.0022981786
1779767156035300554,1779767157063138508,0.0,0.0,-0.45271572,-0.17457734,-0.047909662,0.011620153,0.19623326,0.0052474663
1779767157063138508,1779767158087248486,0.0,0.0,-0.32518053,-0.14078684,-0.024784151,0.025672235,0.22379102,0.0041107023
1779767158087248486,1779767159097469293,0.0,0.0,-0.35542503,-0.12361416,-0.015268083,0.043265548,0.22366801,0.007218089
1779767159097469293,1779767160123774050,0.0,0.0,-0.4239084,-0.20949532,-0.08487012,-0.0148366615,0.17123228,0.004894537
1779767160123774050,1779767161127027028,0.0,0.0,-0.3811165,-0.18276234,-0.02544668,0.036660653,0.2557037,0.0013997983
1779767161127027028,1779767162153030922,0.0,0.0,-0.26623067,-0.10517548,0.021500552,0.07963514,0.2354088,0.0057656886
1779767162153030922,1779767163169087732,0.0,0.0,-0.25829694,-0.07713115,0.04304263,0.10669542,0.24323016,0.0023421769
1779767284815019967,1779767285827010673,0.0,0.0,-0.3381299,-0.11052041,-0.0062886197,0.0581379,0.29030916,0.0068320218
1779767285827010673,1779767286848014588,0.0,0.0,-0.42472044,-0.18232197,-0.070664614,-0.008612566,0.23450515,0.0049665174
1779767286848014588,1779767287849174944,0.0,0.0,-0.18870556,-0.040621173,0.06702411,0.13870914,0.30181852,0.007217029
1779767287849174944,1779767288874872834,0.0,0.0,-0.34788767,-0.12698454,-0.025498724,0.035513118,0.26307338,0.004949994
1779767288874872834,1779767289889312539,0.0,0.0,-0.4155761,-0.20840469,-0.06285242,-0.0064276056,0.1679581,0.006603725
1779767289889312539,1779767290893006650,0.0,0.0,-0.5249474,-0.26155695,-0.108194776,-0.046949357,0.13584484,0.0034843483
1779767290893006650,1779767291905080443,0.0,0.0,-0.46394372,-0.17782022,-0.025018059,0.02979514,0.2172364,0.007939051
1779767291905080443,1779767292922997750,0.0,0.0,-0.3409002,-0.075370125,0.0028169062,0.065894246,0.27519408,0.004382078
1779767292922997750,1779767293925031093,0.0,0.0,-0.42478794,-0.15266462,-0.01748001,0.07155274,0.2604746,0.003175364
1779767293925031093,1779767294934821965,0.0,0.0,-0.38016367,-0.16711113,-0.021904891,0.057401635,0.24078669,0.0015174975
1779767294934821965,1779767295954988920,0.0,0.0,-0.49497187,-0.2488486,-0.0707722,-0.01407688,0.20710818,0.0026652864
1779767295954988920,1779767296956880760,0.0,0.0,-0.24857153,-0.074041136,0.04120175,0.107747614,0.23974137,0.0031921521
1779767296956880760,1779767297957081022,0.0,0.0,-0.4385117,-0.19687696,-0.05276503,0.005407768,0.2054146,0.00025122534
1779767297957081022,1779767298966979652,0.0,0.0,-0.5241324,-0.2623313,-0.10604271,-0.04214568,0.11318111,0.0041164807
1779767298966979652,1779767299977097196,1.0443175753125022,0.02748204145562813,-0.443582,-0.16898434,-0.03931926,0.014482222,0.19935235,0.004608508
1779767299977097196,1779767300990956933,0.0,0.0,-0.42284256,-0.16879332,-0.060001265,0.026495444,0.17915398,0.0031646148
1779767300990956933,1779767302013093887,0.0,0.0,-0.41298532,-0.0729601,0.030406557,0.10021967,0.3127372,0.0069994438
1779767302013093887,1779767303023542919,0.0,0.0,-0.29768202,-0.11315909,0.0027971477,0.06256966,0.2502863,0.007196551
1779767303023542919,1779767304029034969,0.0,0.0,-0.26522937,-0.1068582,-0.0040214527,0.06915069,0.25833827,0.0028819875
1779767304029034969,1779767305031294922,0.0,0.0,-0.3864798,-0.16246563,-0.0693445,0.004374936,0.21197881,0.0036237098
1779767305031294922,1779767306057503384,0.0,0.0,-0.3921983,-0.14146061,-0.03009441,0.026911283,0.24599122,0.005943327
1779767306057503384,1779767307068964912,0.0,0.0,-0.29132748,-0.07308635,0.042393,0.091023296,0.29632267,0.0063334974
1779767307068964912,1779767308071153574,0.0,0.0,-0.32983246,-0.10394623,-0.00908796,0.05442393,0.24345389,0.010712667
1779767308071153574,1779767309077149612,0.0,0.0,-0.3927098,-0.10446322,-0.0066518774,0.059629843,0.23422512,0.0055220267
1779767309077149612,1779767310101474780,0.0,0.0,-0.30992997,-0.07888436,-0.0034953675,0.06270573,0.23732926,0.008984702
1779767310101474780,1779767311113181045,0.0,0.0,-0.36866665,-0.11114386,-0.033810552,0.046145648,0.21083905,0.006138419
1779767311113181045,1779767312138981740,0.0,0.0,-0.374327,-0.15586916,-0.04301888,0.034703184,0.17811674,0.0048988536
1779767312138981740,1779767313144982388,0.0,0.0,-0.3632823,-0.11350044,-0.01310442,0.07259707,0.25002617,0.0012936398
1779767313144982388,1779767314156952816,-0.2610691696388616,0.006870241306382235,-0.29310152,-0.07631331,0.016776169,0.093356505,0.24235855,0.006129363
1779767314156952816,1779767315183234729,0.0,0.0,-0.3254027,-0.068966456,0.048665244,0.10536448,0.24541283,0.008503256
1779767315183234729,1779767316207046804,0.0,0.0,-0.3248613,-0.11704377,-0.013917996,0.050384443,0.2668068,0.0041015805
1779767316207046804,1779767317223287617,-0.11748335000126531,0.023016238178043047,-0.33804813,-0.06329604,0.0317869,0.09224721,0.2897058,0.005777647
1779767317223287617,1779767318240964302,0.0,0.0,-0.20900103,-0.020715345,0.04334708,0.105394274,0.2974812,0.0060492307
1779767318240964302,1779767319243325176,0.0,0.0,-0.19250464,0.048759103,0.14314683,0.18985592,0.38651824,0.0076317694
1779767321263398031,1779767322267032220,0.0,0.0,-0.16433814,-0.022814961,0.100457765,0.15585063,0.30367687,0.0037812048
1779767322267032220,1779767323275225899,0.0,0.0,-0.27937332,-0.00087681616,0.10716269,0.15696366,0.32494366,0.0052509606
1779767323275225899,1779767324278995360,0.0,0.0,-0.40635264,-0.12242396,-0.021840926,0.049043946,0.17795171,0.004644375
1779767324278995360,1779767325291310492,-0.4960048766126557,0.013052759911053913,-0.39009708,-0.15777045,-0.025001356,0.037856705,0.19973698,0.005905678
1779767325291310492,1779767326316834976,0.0,0.0,-0.41096464,-0.16360591,-0.020774666,0.03746975,0.20633781,0.0053140502
1779767326316834976,1779767327333177877,0.0,0.0,-0.3135582,-0.055390462,0.015820201,0.0827634,0.27666524,0.009512944
1779767327333177877,1779767328352996566,0.0,0.0,-0.40340382,-0.18893236,-0.05999462,0.007064917,0.17897327,0.0034346986
1779767328352996566,1779767329377821466,0.0,0.0,-0.35286868,-0.11680874,0.010340911,0.067769654,0.2423535,0.0040265056
1779767329377821466,1779767330385139947,0.0,0.0,-0.49093404,-0.24387062,-0.09630244,-0.021171097,0.15718605,0.003923982
1779767330385139947,1779767331385147575,0.0,0.0,-0.47032556,-0.2714573,-0.12182209,-0.052957624,0.1780654,0.005383285
1779767331385147575,1779767332397330870,0.0,0.0,-0.38078904,-0.15882564,-0.04092842,0.041204855,0.23822117,0.0069035576
1779767332397330870,1779767333416933054,0.0,0.0,-0.4623673,-0.21463777,-0.07654271,-0.013126838,0.18579102,0.0013821041
1779767333416933054,1779767334425004847,0.0,0.0,-0.4239251,-0.1797188,-0.07260771,-0.00024209429,0.17414954,0.005265375
1779767334425004847,1779767335431018862,1.2008115934515073,0.031600305090768485,-0.46514565,-0.19647384,-0.078119755,-0.006566825,0.17151903,0.0039665005
1779767335431018862,1779767336455474651,1.2789668053782366,0.032794020650948,-0.35579184,-0.1358129,-0.04319603,0.017083813,0.27149716,0.0057707597
1779767336455474651,1779767337470935884,0.0,0.0,-0.33005404,-0.14395165,-0.004897569,0.056710925,0.23488317,0.005062439
1779767337470935884,1779767338485256408,0.0,0.0,-0.34177306,-0.11740077,0.008524224,0.07369247,0.27532935,0.0007887305
1779767338485256408,1779767339507247975,0.0,0.0,-0.3146389,-0.08125919,0.0419773,0.10818143,0.33458775,0.007431969
1779767339507247975,1779767340525266577,0.0,0.0,-0.3189529,-0.0640805,0.015461189,0.102046125,0.25925615,0.005844315
1779767341535108318,1779767342556976730,0.0,0.0,-0.33354452,-0.07620626,0.028206434,0.085965216,0.2553421,0.0051934333
1779767342556976730,1779767343581514082,0.0,0.0,-0.39661416,-0.19518907,-0.08026958,-0.011885574,0.19052373,0.0031632308
1779767465637028822,1779767466657059854,0.0,0.0,-0.3741484,-0.13197291,-0.024881475,0.04806409,0.25922266,0.0062504937
1779767466657059854,1779767467663042832,0.0,0.0,-0.22105926,0.0034958806,0.111823276,0.16653533,0.34290674,0.006938315
1779767467663042832,1779767468685074860,0.0,0.0,-0.32127306,-0.088858865,0.024613557,0.07726512,0.2563521,0.0026688753
1779767468685074860,1779767469695339493,0.0,0.0,-0.3714584,-0.15395011,-0.024899041,0.05878732,0.22516605,0.0037406364
1779767469695339493,1779767470722869014,0.0,0.0,-0.46227697,-0.1763937,-0.06948069,6.051191e-05,0.17391817,0.004005028
1779767470722869014,1779767471729336286,0.0,0.0,-0.27661487,-0.022644075,0.07389556,0.13754062,0.38264102,0.0068576294
1779767471729336286,1779767472755279506,0.0,0.0,-0.46584862,-0.2499773,-0.06662394,-0.0028221784,0.22128756,0.0024862874
1779767472755279506,1779767473783020145,0.0,0.0,-0.37111336,-0.1317531,-0.05328813,0.019179499,0.16847831,0.004278363
1779767473783020145,1779767474793422651,0.0,0.0,-0.30284363,-0.06312733,0.031688366,0.094836906,0.25211677,0.00944931
1779767474793422651,1779767475795022755,-0.7700459943136114,0.020264368271358683,-0.37600675,-0.15990967,-0.048308518,0.0069306195,0.19485305,0.005839355
1779767475795022755,1779767476795221614,0.0,0.0,-0.3915012,-0.15817666,-0.038857765,0.03405155,0.19911776,0.0021980952
1779767476795221614,1779767477811021739,0.0,0.0,-0.38864723,-0.12680747,0.019245679,0.08442409,0.23393273,0.008115824
1779767477811021739,1779767478813246304,0.0,0.0,-0.2975426,-0.1167684,-0.0009791079,0.06537777,0.27777943,0.0023218356
1779767478813246304,1779767479839275945,0.0,0.0,-0.36532038,-0.15121011,-0.01888858,0.04439442,0.26707676,0.0023509741
1779767479839275945,1779767480849081751,0.0,0.0,-0.43347102,-0.21009746,-0.093492694,-0.03419674,0.1520634,0.0027961563
1779767480849081751,1779767481867135832,0.0,0.0,-0.15368232,-0.00962747,0.07688063,0.13441782,0.29287007,0.0065206513
1779767481867135832,1779767482889049189,0.0,0.0,-0.2626211,-0.01989027,0.087351106,0.15750724,0.31770447,0.005889469
1779767482889049189,1779767483909680775,0.0,0.0,-0.44261473,-0.19445425,-0.09384006,-0.010479944,0.2121651,0.005755154
1779767483909680775,1779767484931045312,0.0,0.0,-0.22287688,-0.048515152,0.03777618,0.11115421,0.25741914,0.00418413
1779767484931045312,1779767485945458319,0.0,0.0,-0.4638751,-0.17939618,-0.033382136,0.031249152,0.25031778,0.0054489817
1779767485945458319,1779767486969122527,0.0,0.0,-0.32597134,-0.11333444,-0.038970742,0.01297045,0.16626534,0.0038283754
1779767486969122527,1779767487989372767,0.0,0.0,-0.411494,-0.21033286,-0.10318489,-0.032962147,0.1603845,0.005255063
1779767487989372767,1779767489013034971,0.0,0.0,-0.334094,-0.11565272,0.016560433,0.07373761,0.2289855,0.008518782
1779767489013034971,1779767490033539091,0.0,0.0,-0.47766995,-0.23404469,-0.102607176,-0.036915764,0.107982405,0.006210644
1779767490033539091,1779767491036946167,0.0,0.0,-0.41449487,-0.18816778,-0.05901348,0.009802695,0.20111415,0.0054892506
1779767491036946167,1779767492038908344,0.0,0.0,-0.2929478,-0.08156823,0.012394187,0.080024734,0.22245292,0.004007713
1779767493043346539,1779767494053162250,0.0,0.0,-0.30387917,-0.080017224,0.008132016,0.07038466,0.24949268,0.008599828
1779767494053162250,1779767495061094323,0.0,0.0,-0.38017574,-0.14498277,-0.07220785,0.0015909687,0.19238041,0.0049624783
1779767495061094323,1779767496064890951,0.0,0.0,-0.27951315,-0.018873673,0.08786336,0.15415679,0.31482735,0.0042777495
1779767496064890951,1779767497071274863,0.0,0.0,-0.3165344,-0.085136496,0.0071947817,0.06678194,0.29264328,0.005060209
1779767497071274863,1779767498073601063,0.0,0.0,-0.32877257,-0.1397607,-0.03604632,0.009474406,0.18599956,0.006129878
1779767498073601063,1779767499075324432,0.0,0.0,-0.40364358,-0.16699055,-0.03741003,0.028823776,0.20040205,0.008942364
1779767499075324432,1779767500091260565,0.0,0.0,-0.3343649,-0.15768296,-0.05440732,-0.0017908632,0.21028277,0.0033526432
1779767500091260565,1779767501116025478,0.0,0.0,-0.36110747,-0.11782977,-0.011022708,0.063689016,0.23494163,0.005277575
1779767501116025478,1779767502127030037,0.0,0.0,-0.46258733,-0.2450093,-0.12581226,-0.05979365,0.1383621,0.006269147
1779767502127030037,1779767503127091018,0.0,0.0,-0.4988478,-0.23095186,-0.0695397,-5.6499553e-05,0.21885934,0.008708844
1779767503127091018,1779767504130976327,0.0,0.0,-0.46519032,-0.18900278,-0.06173143,0.009640662,0.2203694,0.0072719054
1779767504130976327,1779767505153161014,0.0,0.0,-0.36296386,-0.111235656,-0.000757262,0.068107806,0.22665824,0.0037119607
1779767505153161014,1779767506177004898,0.0,0.0,-0.2666483,-0.016722376,0.06624369,0.12710573,0.29198468,0.008776813
1779767506177004898,1779767507195189980,0.0,0.0,-0.35894066,-0.09448209,0.018423077,0.081425026,0.24068294,0.004754533
1779767507195189980,1779767508205581733,0.0,0.0,-0.38629895,-0.13565081,0.00068051403,0.056601286,0.22124024,0.003908811
1779767508205581733,1779767509223051694,0.0,0.0,-0.34821555,-0.097127326,0.008077057,0.07222635,0.23759429,0.00402077
1779767509223051694,1779767510227417054,0.0,0.0,-0.23083067,-0.014033677,0.061657693,0.11260221,0.28089255,0.003957521
1779767510227417054,1779767511235058844,0.0,0.0,-0.42941168,-0.23350689,-0.099102505,-0.037978105,0.17891523,0.004876272
1779767511235058844,1779767512237511015,0.0,0.0,-0.35199657,-0.09963115,0.017582443,0.07710026,0.22910151,0.005170537
1779767512237511015,1779767513261187614,0.0,0.0,-0.43266365,-0.16804008,-0.06264849,-0.005341984,0.17344958,0.00119368
1779767513261187614,1779767514288937172,0.0,0.0,-0.36069694,-0.12152881,-0.021621903,0.05521721,0.20192924,0.0055661607
1779767514288937172,1779767515309013715,0.0,0.0,-0.32221693,-0.08248275,0.010335196,0.07781404,0.24522544,0.007855322
1779767515309013715,1779767516315187178,0.0,0.0,-0.42733112,-0.16045439,-0.064513326,-0.00019665204,0.17810017,0.0047453153
1779767516315187178,1779767517337517360,0.0,0.0,-0.33061025,-0.14111874,-0.05172443,0.024579078,0.19159175,0.005133724
1779767517337517360,1779767518342970739,0.0,0.0,-0.47193497,-0.17244254,-0.060326595,0.0017926828,0.18521267,0.006856449
1779767518342970739,1779767519365062568,0.0,0.0,-0.49411434,-0.2759391,-0.13219613,-0.06767723,0.13363786,0.004225263
1779767519365062568,1779767520369125205,0.7178413599785846,0.018890562104520302,-0.38487986,-0.1293135,-0.036194403,0.0542231,0.24477617,0.005560727
1779767520369125205,1779767521381614708,0.46983189814648124,0.0123639973197654,-0.30780822,-0.09860268,-0.01614672,0.0448159,0.21486883,0.0030156632
1779767521381614708,1779767522403217177,0.0,0.0,-0.45206115,-0.18789248,-0.08890981,-0.017366545,0.16293995,0.0035565598
1779767522403217177,1779767523423087467,-0.5872933218604468,0.015455087417567813,-0.37835705,-0.17547321,-0.05517865,0.00690293,0.16245788,0.005466058
1779767644088319473,1779767645101185057,0.0,0.0,-0.42785683,-0.19068211,-0.06776995,0.0018090121,0.20123494,0.0059105707
1779767645101185057,1779767646113318857,0.46975894198230744,0.012362077420671892,-0.47076255,-0.19160688,-0.08567679,-0.0015547875,0.20494124,0.0028065871
1779767646113318857,1779767647164443231,0.40449696241212346,0.010932350335512386,-0.51027167,-0.2276097,-0.11100459,-0.038457535,0.12397602,0.0020592753
1779767647164443231,1779767648169397895,0.45667045493622727,0.011416761373173046,-0.41633794,-0.17533542,-0.0058311177,0.05578265,0.19318466,0.0068382476
1779767648169397895,1779767649178999875,0.0,0.0,-0.255596,-0.040152263,0.06254687,0.119705826,0.30363253,0.007350416
1779767649178999875,1779767650195039975,-0.0652373596098035,0.001716772621139141,-0.33080584,-0.035286795,0.06277252,0.11275876,0.28540474,0.0039545638
1779767650195039975,1779767651203201365,0.0,0.0,-0.34659076,-0.07677247,0.025877798,0.092347026,0.24594636,0.007930543
1779767651203201365,1779767652205126571,0.0,0.0,-0.40294987,-0.13539499,-0.0073504937,0.07028689,0.25371492,0.00415729
1779767652205126571,1779767653220871282,0.0,0.0,-0.46134222,-0.22145125,-0.096224524,-0.03634097,0.13253783,0.006733679
1779767653220871282,1779767654241473054,0.0,0.0,-0.3558563,-0.13402884,-0.015522961,0.06380157,0.24128968,0.004511193
1779767654241473054,1779767655252950468,-0.6654453789215299,0.017511720498014346,-0.41115993,-0.18001023,-0.07327131,-0.00048558824,0.16200438,0.004619257
1779767655252950468,1779767656266883487,0.0,0.0,-0.34792018,-0.09437928,0.013356405,0.07302931,0.2664926,0.006070622
1779767656266883487,1779767657281204852,0.0,0.0,-0.27110878,-0.060562436,0.061833534,0.11051861,0.31768882,0.008360523
1779767657281204852,1779767658295059114,0.0,0.0,-0.36349112,-0.1286894,-0.052858714,0.011306046,0.19045776,0.004594613
1779767658295059114,1779767659312985124,0.0,0.0,-0.3562156,-0.10312899,0.02190461,0.07732811,0.30510077,0.0071336217
1779767659312985124,1779767660337465463,0.0,0.0,-0.3532618,-0.16835324,-0.04961328,0.0042263158,0.22562432,0.005275298
1779767660337465463,1779767661359025558,0.0,0.0,-0.4084735,-0.20111914,-0.08574836,-0.019879796,0.1667195,0.0049505103
1779767661359025558,1779767662374922952,0.0,0.0,-0.37154028,-0.16993517,-0.06974126,-0.004041864,0.18558349,0.00580149
1779767662374922952,1779767663398973103,0.0,0.0,-0.46190175,-0.21028867,-0.05144963,0.0116132945,0.23994236,0.0015607423
1779767663398973103,1779767664409170874,0.0,0.0,-0.33865184,-0.12169132,-0.0013790603,0.06603571,0.20929903,0.00577147
1779767664409170874,1779767665409290523,0.0,0.0,-0.3624415,-0.17148624,-0.063395575,-0.0027716274,0.18494968,0.00402717
1779767665409290523,1779767666411381749,0.0,0.0,-0.5629876,-0.30739978,-0.17319705,-0.10045289,0.10592313,0.0032875093
1779767666411381749,1779767667431139879,0.0,0.0,-0.50083727,-0.2492499,-0.13092253,-0.06330073,0.17324564,0.005962846
1779767667431139879,1779767668441037637,0.0,0.0,-0.24965492,-0.08909845,-0.0029159554,0.04545937,0.21873958,0.004589405
1779767668441037637,1779767669448868971,0.0,0.0,-0.37577912,-0.15008791,-0.028808918,0.041987635,0.27149683,0.0050177253
1779767669448868971,1779767670451357420,0.0,0.0,-0.4180444,-0.17857511,-0.054932963,0.018167475,0.2041425,0.0023488507
1779767670451357420,1779767671473068930,0.0,0.0,-0.42172447,-0.19520248,-0.07952193,-0.0050979764,0.2098323,0.0048698075
1779767671473068930,1779767672476855461,0.0,0.0,-0.40046203,-0.1556458,-0.058285005,-0.0064503266,0.16973208,0.0027558638
1779767672476855461,1779767673477013721,0.0,0.0,-0.3754242,-0.16237965,-0.0197922,0.050299183,0.2252036,0.005296697
1779767673477013721,1779767674484772562,0.0,0.0,-0.49911636,-0.17787457,-0.05801165,0.0014358165,0.17784543,0.0032037012
1779767674484772562,1779767675488833324,0.0,0.0,-0.24846323,0.0028387643,0.12319499,0.18458387,0.32082972,0.009083208
1779767675488833324,1779767676490890709,0.0,0.0,-0.4467011,-0.21998213,-0.060135726,-0.00862129,0.22256275,0.0018643592
1779767676490890709,1779767677492886845,0.0,0.0,-0.38183796,-0.16168746,-0.043024525,0.013911347,0.26661393,0.005322695
1779767677492886845,1779767678500941064,0.0,0.0,-0.36349997,-0.12237206,-0.033723608,0.06011277,0.21274213,0.0058813207
1779767678500941064,1779767679506916066,0.0,0.0,-0.3324911,-0.12834165,-0.04317858,0.03106827,0.18602522,0.004925179
1779767679506916066,1779767680526886854,0.0,0.0,-0.4378238,-0.18662673,-0.08105395,-0.014730941,0.16234267,0.007076346
1779767680526886854,1779767681534855457,0.0,0.0,-0.27195987,-0.05679978,0.068703644,0.13744591,0.28514698,0.00563474
1779767681534855457,1779767682543032841,0.0,0.0,-0.41238856,-0.18173273,-0.016782701,0.060151637,0.2680401,0.004371453
1779767682543032841,1779767683555219031,0.0,0.0,-0.40090203,-0.13585638,-0.06391378,0.0046300706,0.278444,0.004289926
1779767683555219031,1779767684556827871,-0.7176868043962612,0.018886494852254326,-0.2623761,-0.0836336,0.016450025,0.09055848,0.21303856,0.0027130817
1779767684556827871,1779767685565008293,0.0,0.0,-0.2437801,-0.048647724,0.045889836,0.1044199,0.33159092,0.0031866606
1779767685565008293,1779767686570992214,0.0,0.0,-0.38850737,-0.17598197,-0.019333297,0.031656545,0.21260129,0.0063334424
1779767686570992214,1779767687582943639,0.0,0.0,-0.28186497,-0.06487266,0.021214183,0.076439954,0.21064939,0.0045464532
1779767687582943639,1779767688604820781,0.0,0.0,-0.43286297,-0.14969778,-0.0524753,0.031547,0.20809494,0.0070782946
1779767688604820781,1779767689625041145,0.0,0.0,-0.3585623,-0.0798516,0.008000472,0.08230121,0.22694221,0.0057143522
1779767689625041145,1779767690630813214,0.0,0.0,-0.28875858,-0.0661617,0.043990012,0.1007063,0.33258417,0.0043489602
1779767690630813214,1779767691662679302,0.0,0.0,-0.3707652,-0.081205346,0.0087113585,0.08905144,0.24259152,0.004343527
1779767692683244430,1779767693693754817,0.0,0.0,-0.3881807,-0.116493754,-0.019467385,0.033080745,0.27483556,0.007707275
1779767693693754817,1779767694695095720,0.0,0.0,-0.28946596,-0.025608668,0.059192404,0.11078872,0.31699258,0.005853771
1779767694695095720,1779767695702874214,0.0,0.0,-0.5445411,-0.28999504,-0.11357819,-0.035563648,0.16540456,0.00077108963
1779767695702874214,1779767696728857424,0.0,0.0,-0.2951272,-0.122981496,-0.00511034,0.052482255,0.21419829,0.007853288
1779767696728857424,1779767697753032166,0.0,0.0,-0.3855276,-0.11335497,0.008231533,0.06748114,0.28589752,0.005911485
1779767697753032166,1779767698753407095,0.0,0.0,-0.41274282,-0.17097406,-0.06787978,-0.013030775,0.1647757,0.0025390382
1779767698753407095,1779767699756929743,0.0,0.0,-0.1821459,-0.02708126,0.0843018,0.15138403,0.29464227,0.0065856837
1779767699756929743,1779767700775123213,-0.48283646860310236,0.012706222858433217,-0.5425356,-0.25269562,-0.09936531,-0.041345168,0.14660393,0.004673885
1779767700775123213,1779767701776757708,-0.01304995784733295,0.0003434199432430624,-0.44487754,-0.22693376,-0.095043354,-0.03690923,0.183434,0.0030762213
1779767701776757708,1779767702787068646,0.0,0.0,-0.42574644,-0.202721,-0.09405067,-0.026706653,0.17656395,0.008829162
1779767824138929212,1779767825148996587,0.0,0.0,-0.3461997,-0.15378489,-0.05450639,0.002107326,0.18548496,0.0043439507
1779767825148996587,1779767826173329529,0.0,0.0,-0.44337317,-0.21387842,-0.09547963,-0.025536446,0.14590028,0.0049208775
1779767826173329529,1779767827195877702,0.0,0.0,-0.26125696,-0.08185069,0.009192398,0.0859905,0.23360614,0.0038345158
1779767828215426200,1779767829234997832,0.0,0.0,-0.33764967,-0.13416633,-0.0476647,0.032296915,0.20413919,0.009093354
1779767829234997832,1779767830239110496,0.0,0.0,-0.31450635,-0.07594277,0.041776404,0.08539959,0.29499236,0.0065896558
1779767830239110496,1779767831263120432,0.0,0.0,-0.4365255,-0.14241762,-0.039130956,0.032225788,0.22243497,0.0012993003
1779767831263120432,1779767832283213503,-0.3001047757342692,0.00789749409821788,-0.37030968,-0.14339097,-0.06078503,0.001153832,0.24795419,0.0026923623
1779767832283213503,1779767833300880186,0.0,0.0,-0.43535554,-0.18823552,-0.06310225,-0.005873574,0.17867543,0.0047342135
1779767833300880186,1779767834321373045,-0.10438638097106702,0.0027470100257656173,-0.36430016,-0.14364623,-0.018991735,0.049631614,0.22659293,0.008001864
1779767834321373045,1779767835347219982,0.0,0.0,-0.23359552,-0.042624865,0.038164493,0.10638371,0.24910355,0.005519962
1779767835347219982,1779767836364903747,0.0,0.0,-0.28982842,-0.08818839,-0.012851596,0.04364859,0.21383816,0.00316857
1779767836364903747,1779767837377059847,0.0,0.0,-0.24342756,-0.06565034,0.021542402,0.079074085,0.2627841,0.0043794503
1779767837377059847,1779767838387258297,0.0,0.0,-0.22769406,-0.0049135014,0.10575534,0.17058328,0.34724736,0.004760749
1779767838387258297,1779767839391161369,0.0,0.0,-0.2916929,-0.09837496,0.016912121,0.08078773,0.33831316,0.0075392313
1779767839391161369,1779767840404978929,0.0,0.0,-0.35230246,-0.04917388,0.043218754,0.10455548,0.32368827,0.0033556342
1779767840404978929,1779767841425030756,0.0,0.0,-0.5237458,-0.18542656,-0.035969034,0.031621274,0.1839089,0.005503298
1779767841425030756,1779767842433263143,0.0,0.0,-0.32405046,-0.13046432,-0.01976304,0.038126912,0.2235782,0.0022574293
1779767842433263143,1779767843453465963,0.0,0.0,-0.42737946,-0.18337736,-0.08469255,-0.003041878,0.12473762,0.0035503693
1779767843453465963,1779767844457419247,0.0,0.0,-0.42950976,-0.21121903,-0.10815601,-0.04546819,0.13836843,0.0014906008
1779767844457419247,1779767845465064882,0.0,0.0,-0.3879718,-0.19997242,-0.068017855,0.004639915,0.18970604,0.005212047
1779767845465064882,1779767846475327190,0.0,0.0,-0.38871083,-0.11754179,0.00042507632,0.06448992,0.24689385,0.006711082
1779767846475327190,1779767847501114060,0.0,0.0,-0.381355,-0.15778905,-0.0654838,0.00086011353,0.2153031,0.0033642545
1779767847501114060,1779767848526968919,0.0,0.0,-0.309007,-0.11870724,-0.023900852,0.038574032,0.23448873,0.0054704803
1779767848526968919,1779767849527147897,0.0,0.0,-0.4185124,-0.17314655,-0.06842957,0.003418013,0.2075657,0.009250954
1779767849527147897,1779767850527222686,0.0,0.0,-0.38180438,-0.095000386,0.02182245,0.09770821,0.30647835,0.0052987477
1779767850527222686,1779767851546991761,0.0,0.0,-0.4313064,-0.1372676,-0.04322743,0.029210875,0.20098738,0.0050215498
1779767851546991761,1779767852572927396,0.0,0.0,-0.4102749,-0.1882249,-0.0656407,0.009772929,0.17240529,0.0069602923
1779767852572927396,1779767853585055903,0.0,0.0,-0.41729343,-0.15672708,-0.058129735,0.01593166,0.21065679,0.007614318
1779767853585055903,1779767854611009775,0.0,0.0,-0.40645087,-0.18144305,-0.028012954,0.027782338,0.17031056,0.0072013577
1779767854611009775,1779767855635004226,0.0,0.0,-0.44538137,-0.14838716,-0.05396706,0.0072245714,0.19162591,0.0045424444
1779767855635004226,1779767856643173827,0.0,0.0,-0.5192256,-0.23393632,-0.066836596,-0.00612304,0.22646277,0.005930663
1779767856643173827,1779767857667055029,0.0,0.0,-0.44868618,-0.16225041,-0.055866115,0.019951386,0.19233292,0.004101402
1779767857667055029,1779767858686937382,0.0,0.0,-0.4126067,-0.1758424,-0.064378045,0.00476901,0.15141502,0.0050705974
1779767858686937382,1779767859711035565,0.0,0.0,-0.33379728,-0.06722864,0.04303437,0.10464856,0.27964923,0.004763537
1779767859711035565,1779767860728935268,0.0,0.0,-0.34046713,-0.07973988,0.013492149,0.08150149,0.2193291,0.0037423403
1779767860728935268,1779767861736911286,0.0,0.0,-0.40558463,-0.18188323,-0.037579622,0.009056118,0.231456,0.006610387
1779767861736911286,1779767862755108526,0.0,0.0,-0.30137864,-0.12487742,-0.04077833,0.02834395,0.19441457,0.004072596
1779767862755108526,1779767863776783080,0.0,0.0,-0.26954842,-0.038842835,0.05773748,0.10549535,0.27425027,0.0054135527
1779767863776783080,1779767864779296830,0.0,0.0,-0.45206273,-0.20031786,-0.05634657,0.010360693,0.15460214,0.0050632786
1779767864779296830,1779767865797070973,0.0,0.0,-0.17999591,-0.043565355,0.077295214,0.13736068,0.3038762,0.003506041
1779767865797070973,1779767866818958111,0.0,0.0,-0.28926203,-0.06700686,0.040779125,0.08842749,0.26959082,0.004776498
1779767866818958111,1779767867822924654,0.0,0.0,-0.4275158,-0.15232775,-0.043903768,0.02377768,0.23452242,0.0068614907
1779767867822924654,1779767868849366513,0.0,0.0,-0.4007957,-0.13337882,0.009233315,0.073587894,0.22158444,0.007901706
1779767868849366513,1779767869866902249,0.0,0.0,-0.3418944,-0.111488335,-0.037846,0.0323651,0.21912505,0.0049778214
1779767869866902249,1779767870872925219,0.0,0.0,-0.35737088,-0.15208444,-0.051021546,0.016093625,0.22642145,0.005491757
1779767870872925219,1779767871895367943,0.0,0.0,-0.47529805,-0.19288614,-0.07174249,0.009229816,0.18297867,0.0053043817
1779767871895367943,1779767872897081360,0.0,0.0,-0.37875357,-0.1574954,-0.012100912,0.051927358,0.26977098,-0.0016264992
1779767872897081360,1779767873921135372,0.0,0.0,-0.41578344,-0.13156427,-0.009998135,0.044862606,0.24155527,0.004800329
1779767873921135372,1779767874945394773,0.0,0.0,-0.3039091,-0.08950103,-0.017773192,0.03917556,0.23403607,0.004408017
1779767874945394773,1779767875971087551,0.0,0.0,-0.3635008,-0.14336106,-0.054600988,0.0035440524,0.1916072,0.0024101932
1779767875971087551,1779767876995202298,0.0,0.0,-0.30534413,-0.07238092,0.024841841,0.10150812,0.26475134,0.006088181
1779767876995202298,1779767878019090796,-0.05219359910666136,0.0013735157661524285,-0.44024304,-0.19119231,-0.050331958,-7.264228e-05,0.18608192,0.0047115292
1779767878019090796,1779767879022961374,0.0,0.0,-0.32245755,-0.11252206,-0.0014585842,0.049026776,0.24564877,0.0066721863
1779767879022961374,1779767880042911125,0.0,0.0,-0.25833505,-0.06417649,0.025943698,0.0758356,0.22523797,0.0060386504
1779767880042911125,1779767881058880904,0.0,0.0,-0.26438233,-0.08653803,0.014930882,0.062069565,0.21925431,0.004454941
1779767881058880904,1779767882076873281,0.0,0.0,-0.40722275,-0.13404916,-0.010143326,0.052114796,0.2090846,0.0031454628
1779767882076873281,1779767883086937049,0.0,0.0,-0.41667235,-0.19416377,-0.062259406,0.0012672975,0.19125523,0.0025770525
1779786007365311408,1779786008382410571,0.5737402979138732,0.011952922872963494,-0.38423425,-0.1422425,-0.035928957,0.036985748,0.1698565,0.0073689083
1779786008382410571,1779786009395807646,0.0,0.0,-0.43877903,-0.17992792,-0.071876906,-0.0070829727,0.19184622,0.005371837
1779786009395807646,1779786010414768153,0.0,0.0,-0.36987084,-0.17350957,-0.08130505,-0.019335957,0.17425372,0.00090684433
1779786010414768153,1779786011437236562,0.0,0.0,-0.35503206,-0.11102622,-0.0034407107,0.07321766,0.26011547,0.004773453
1779786011437236562,1779786012460456116,0.46939939703920625,0.012352615711594843,-0.31384438,-0.09543213,-0.0045978785,0.074228704,0.23215783,0.0059293173
1779786012460456116,1779786013469566235,0.0,0.0,-0.4344288,-0.22961009,-0.0484601,0.020319918,0.22640099,0.0013213195
1779786013469566235,1779786014480482039,0.0,0.0,-0.32109988,-0.09413768,-0.016004164,0.052526668,0.22649594,0.005208033
1779786014480482039,1779786015484260400,0.0,0.0,-0.4164206,-0.19369939,-0.063910656,0.004278383,0.17948405,0.0042303046
1779786015484260400,1779786016492191853,0.0,0.0,-0.3087788,-0.080738075,0.007961632,0.09501013,0.22532035,0.0050415327
1779786016492191853,1779786017494398649,0.0,0.0,-0.32700658,-0.090073235,-0.0025139968,0.07059668,0.21975382,0.006823701
1779786017494398649,1779786018512338588,0.0,0.0,-0.33813468,-0.14173195,-0.010177291,0.06330852,0.26179206,0.0006265381
1779786018512338588,1779786019538279160,0.0,0.0,-0.37562972,-0.1764653,0.0048651434,0.06889211,0.24973467,0.00496895
1779786020542624489,1779786021558270086,-0.469399397039199,0.012352615711594843,-0.4110168,-0.17718603,-0.057808746,0.013439102,0.22101076,0.008438778
1779786021558270086,1779786022576435876,0.0,0.0,-0.3910227,-0.18949433,-0.071190275,-0.0040139644,0.15806834,0.004473614
1779786022576435876,1779786023599232252,0.0,0.0,-0.30638993,-0.10606258,-0.0100648515,0.052423887,0.21664765,0.0054299845
1779786023599232252,1779786024602441991,0.0,0.0,-0.31640273,-0.069363765,0.0105597945,0.09961529,0.23937386,0.008406132
1779786024602441991,1779786025622312477,0.0,0.0,-0.44128358,-0.16363591,-0.037190516,0.025276948,0.18375058,0.0033385078
1779786025622312477,1779786026630400788,0.0,0.0,-0.3285535,-0.1334943,-0.009722822,0.065410666,0.24744439,0.003457613
1779786026630400788,1779786027648246954,0.0,0.0,-0.33289942,-0.10958546,0.011378408,0.06513582,0.23545328,0.008821767
1779786027648246954,1779786028670259743,0.0,0.0,-0.3839133,-0.12573022,-0.028094647,0.05452314,0.2484876,0.008936972
1779786028670259743,1779786029680395355,0.0,0.0,-0.43739057,-0.19858807,-0.080116086,-0.013132391,0.1808784,0.005969921
1779786029680395355,1779786030686285390,0.0,0.0,-0.2906635,-0.0148671735,0.06815904,0.12623712,0.33541024,0.0090759555
1779786030686285390,1779786031708350132,0.0,0.0,-0.2586358,-0.041780766,0.085488394,0.15478867,0.29388535,0.0054759374
1779786034741624454,1779786035756413981,0.0,0.0,-0.4324398,-0.20945019,-0.11533497,-0.0494212,0.12979795,0.006435188
1779786035756413981,1779786036762461190,0.0,0.0,-0.33391842,-0.12879509,0.0011415383,0.05323422,0.24270645,0.0032612076
1779786036762461190,1779786037772205977,0.0,0.0,-0.3679258,-0.13840209,-0.037133925,0.02744418,0.22800192,0.006241382
1779786037772205977,1779786038772404957,0.4954764952828507,0.013038855139450783,-0.3143258,-0.12984669,-0.018428046,0.049441844,0.22665507,-0.00014428077
1779786039780625716,1779786040845686806,1.355915411208719,0.06779577056015285,-0.3687445,-0.14944305,-0.01761447,0.036599252,0.2345678,0.0042165946
1779786040845686806,1779786041862046995,0.0,0.0,-0.4056639,-0.17140262,-0.012079614,0.053456414,0.1990629,0.008835864
1779786041862046995,1779786042886808309,0.0,0.0,-0.2713318,-0.0821853,0.008382719,0.07065348,0.22237709,0.002802949
1779786042886808309,1779786043919804308,0.0,0.0,-0.3079792,-0.073990785,0.0065049604,0.09115062,0.23775828,0.0060386616
1779786043919804308,1779786044947371649,0.0,0.0,-0.36625037,-0.14602405,0.0005626628,0.06360096,0.24383382,0.007799361
1779786044947371649,1779786045966332015,0.0,0.0,-0.41219634,-0.16271713,-0.056370083,0.028490145,0.17410703,0.00644488
1779786045966332015,1779786046970672370,0.0,0.0,-0.27245423,-0.08517984,0.018545803,0.08368219,0.2522293,0.0027457804
1779786046970672370,1779786047986842415,0.0,0.0,-0.38199538,-0.17012328,-0.06937791,-0.012206843,0.21042776,0.0062084515
1779786047986842415,1779786049012221644,0.0,0.0,-0.51943845,-0.28017214,-0.122156,-0.064028785,0.13558652,0.002828737
1779786049012221644,1779786050014820830,0.0,0.0,-0.37454757,-0.1408461,-0.05112631,0.0279098,0.23938034,0.006376189
1779786050014820830,1779786051034542362,0.0,0.0,-0.44652653,-0.17353944,-0.059311934,0.019151762,0.17222346,0.0050503276
1779786051034542362,1779786052044447505,0.0,0.0,-0.27558273,-0.055991735,0.06549117,0.12264478,0.32497576,0.0044741407
1779786052044447505,1779786053054552344,0.0,0.0,-0.39042625,-0.14697227,0.0011365694,0.08765222,0.2733264,0.0026115978
1779786053054552344,1779786054068321648,0.0,0.0,-0.23937443,-0.04135247,0.062375788,0.12656711,0.27623472,0.004225569
1779786054068321648,1779786055074374127,0.0,0.0,-0.42755517,-0.1817352,-0.06642332,0.008116714,0.18956393,0.004245242
1779786055074374127,1779786056092288690,0.0,0.0,-0.3115726,-0.047179997,0.06510034,0.112218544,0.30010274,0.00374559
1779786056092288690,1779786057104404557,0.0,0.0,-0.4273618,-0.17539437,-0.06737696,0.0069439397,0.16257866,0.0036614826
1779786057104404557,1779786058110316173,0.0,0.0,-0.43373778,-0.15367141,-0.026559642,0.033928007,0.22733513,0.0053104428
1779786059120318611,1779786060123136019,0.0,0.0,-0.30012825,-0.05034971,0.047230035,0.109471545,0.27116334,0.0065445118
1779786060123136019,1779786061142747177,0.0,0.0,-0.4317089,-0.22975019,-0.06518852,0.010390272,0.20937759,0.0064988546
1779786062168412074,1779786063171693064,0.0,0.0,-0.3805296,-0.15484273,-0.040622737,0.04014536,0.17398016,0.0046725124
1779786184914580221,1779786185918335297,0.0,0.0,-0.19295245,0.008388353,0.10078829,0.1807116,0.3037239,0.0073197098
1779786185918335297,1779786186933015347,0.0,0.0,-0.36638933,-0.12475813,-0.008447779,0.06609426,0.22094129,0.007018115
1779786186933015347,1779786187954600466,0.0,0.0,-0.30732188,-0.03322426,0.05514739,0.124063924,0.34017906,0.0058979816
1779786187954600466,1779786188967066156,0.0,0.0,-0.25557685,-0.03687074,0.046129834,0.1139481,0.27739978,0.009642897
1779786188967066156,1779786189988397356,0.0,0.0,-0.35021037,-0.09838056,-0.004856139,0.06269717,0.2128059,0.006390586
1779786189988397356,1779786190997635268,0.0,0.0,-0.4448986,-0.19120327,-0.07155449,-0.0010443786,0.1519788,0.006754931
1779786190997635268,1779786192010126845,0.0,0.0,-0.3810356,-0.11565207,-0.036855437,0.03491122,0.24808818,0.0033233303
1779786194054186387,1779786195072433217,0.0,0.0,-0.30485818,-0.06362344,0.026268257,0.09439454,0.2557073,0.0087681385
1779786195072433217,1779786196092404221,0.0,0.0,-0.45628572,-0.2013655,-0.045075588,0.012418658,0.17219132,0.0027511844
1779786196092404221,1779786197096624494,0.0,0.0,-0.3397243,-0.09649902,-0.017782522,0.054447792,0.23216474,0.007896327
1779786197096624494,1779786198130823917,-0.013042656007555203,0.0003525042163271091,-0.46900547,-0.21421556,-0.094700925,-0.036283024,0.14751484,0.006766314
1779786198130823917,1779786199149771699,-0.7043286870111448,0.018059709923534957,-0.33726507,-0.053455085,0.04395558,0.10784293,0.26577377,0.0061321524
1779786199149771699,1779786200170348212,0.0,0.0,-0.30398485,-0.03998939,0.045382414,0.11841684,0.28248352,0.007195764
1779786201188335344,1779786202190517999,0.48260093216447003,0.012700024530500429,-0.37226152,-0.13066135,-0.0004193844,0.08028423,0.2957634,0.004486027
1779786202190517999,1779786203208476928,0.0,0.0,-0.29494256,-0.064425915,0.045780968,0.12172313,0.25293297,0.0066101123
1779786204214269177,1779786205222297708,0.0,0.0,-0.30508384,-0.11767777,-0.0010241535,0.057427388,0.23499566,0.0018318343
1779786205222297708,1779786206238691218,0.0,0.0,-0.36711785,-0.13624625,-0.0016335882,0.06276676,0.26934966,0.0074704764
1779786206238691218,1779786207252416373,0.0,0.0,-0.36109704,-0.16462827,-0.051857166,0.012115025,0.23535489,0.0025648177
1779786207252416373,1779786208280262579,0.0,0.0,-0.3208682,-0.065962456,0.031958055,0.085698344,0.30836993,0.0069120824
1779786208280262579,1779786209286449513,0.0,0.0,-0.330451,-0.115147024,-0.03243996,0.02845604,0.25094798,0.003751056
1779786210290623216,1779786211295078373,0.0,0.0,-0.39356118,-0.16048343,-0.06275388,0.018690854,0.16979003,0.00735354
1779786211295078373,1779786212304442399,0.0,0.0,-0.31852493,-0.076618716,0.019114438,0.09050127,0.26159185,0.0075122723
1779786212304442399,1779786213308408026,0.0,0.0,-0.42597994,-0.18769452,-0.083774865,-0.007651514,0.1536534,0.0050153225
1779786213308408026,1779786214312371868,0.0,0.0,-0.33946565,-0.12854446,-0.0019025559,0.08128886,0.27836215,0.0037695863
1779786214312371868,1779786215312546061,0.6782105937786644,0.01833001604819014,-0.40484038,-0.11203031,-0.021215279,0.052832447,0.2326082,0.006153581
1779786215312546061,1779786216334357285,0.0,0.0,-0.4054871,-0.12756015,-0.03750964,0.021042,0.20424677,0.00435903
1779786216334357285,1779786217338292912,0.0,0.0,-0.33579808,-0.09571675,0.0077457577,0.06902398,0.2655441,0.0036909622
1779786217338292912,1779786218344350394,0.0,0.0,-0.32065898,-0.11336871,-0.019237282,0.056650087,0.2878961,0.0035829511
1779786218344350394,1779786219350828644,0.0,0.0,-0.49758458,-0.27340376,-0.13042,-0.06039709,0.14514652,0.0058439076
1779786219350828644,1779786220354329905,0.0,0.0,-0.18240824,-0.03944505,0.06874461,0.13533,0.2919248,0.0065947385
1779786221370332735,1779786222386210980,0.0,0.0,-0.44770768,-0.1810011,-0.06046432,0.0040119346,0.16625392,0.004373953
1779786225653669098,1779786226662152089,0.0,0.0,-0.34973451,-0.081365354,0.012438883,0.091506,0.274194,0.0067429896
1779786226662152089,1779786227687155561,0.0,0.0,-0.309658,-0.08161549,0.006967197,0.09251242,0.23613983,0.004701314
1779786227687155561,1779786228714516227,0.0,0.0,-0.2947207,-0.11630531,-0.026391122,0.032438092,0.20617037,0.0055539445
1779786228714516227,1779786229730666235,0.0,0.0,-0.28909284,-0.089318216,0.015819479,0.06456574,0.22250852,-0.0014375226
1779786229730666235,1779786230752844736,0.0,0.0,-0.51713276,-0.25228614,-0.09925287,-0.044599842,0.13253456,0.0069137933
1779786230752844736,1779786231756554954,0.0,0.0,-0.28108817,-0.043427907,0.06577579,0.1382294,0.30440822,0.0053841094
1779786231756554954,1779786232760737214,0.0,0.0,-0.30501926,-0.09617472,0.023709191,0.08707934,0.22965282,0.0057162046
1779786232760737214,1779786233774483658,0.0,0.0,-0.40635455,-0.22399355,-0.08174104,-0.025612097,0.1577098,0.0046969387
1779786233774483658,1779786234780609102,0.0,0.0,-0.33184606,-0.089495435,-0.0069954004,0.060661346,0.21840078,0.0066905017
1779786234780609102,1779786235796595567,0.0,0.0,-0.3173186,-0.073733926,0.021199485,0.07151689,0.2929169,0.0057848706
1779786237813731563,1779786238819981775,0.0,0.0,-0.30812198,-0.09554853,-0.008698855,0.06624141,0.25963926,0.00987917
1779786239829732487,1779786240832728147,-1.382540472488859,0.05760585302031866,-0.42254034,-0.19934475,-0.09057093,-0.020706177,0.1480573,0.004349022
1779786241914462394,1779786242918297713,0.0,0.0,-0.19730589,-0.0121614,0.08283054,0.17251219,0.29611623,0.005443751
1779786242918297713,1779786243926069528,0.0,0.0,-0.28794912,-0.0070575685,0.09887762,0.1488925,0.31868812,0.0050514345
1779786365584775963,1779786366598733750,0.0,0.0,-0.24113986,-0.041455254,0.036317714,0.096945114,0.2333517,0.0069883876
1779786366598733750,1779786367605758473,0.0,0.0,-0.4241344,-0.17330752,-0.07097375,-0.0002854837,0.17625019,0.0044180066
1779786367605758473,1779786368620243589,0.0,0.0,-0.31120533,-0.06555826,0.033434182,0.102997236,0.26752472,0.007323384
1779786368620243589,1779786369624416910,0.0,0.0,-0.29207218,-0.054568466,0.042424772,0.10169831,0.26791295,0.009405296
1779786369624416910,1779786370630816470,0.0,0.0,-0.3444877,-0.12581632,-0.023883939,0.043636784,0.25076762,0.0073734806
1779786370630816470,1779786371632439124,0.0,0.0,-0.41774487,-0.15862674,-0.032727633,0.030426806,0.2075278,0.007065571
1779786371632439124,1779786372634406004,0.0,0.0,-0.37640265,-0.15296428,-0.016808873,0.0573034,0.21656048,0.0029018477
1779786372634406004,1779786373660436380,0.0,0.0,-0.32502687,-0.1283192,-6.1351704e-05,0.064209476,0.25330538,0.0054071345
1779786373660436380,1779786374662422278,0.0,0.0,-0.46706936,-0.19712767,-0.06201085,0.006874843,0.20270033,0.005008511
1779786374662422278,1779786375664240644,0.0,0.0,-0.47508365,-0.21815483,-0.110139,-0.029582486,0.13798697,0.002656527
1779786375664240644,1779786376672596980,0.0,0.0,-0.31491068,-0.09979261,-0.0003135702,0.060172886,0.30103335,0.0035727639
1779786376672596980,1779786377696638643,-0.5478740856275098,0.014417739095238715,-0.4032633,-0.16780509,-0.030710703,0.026758486,0.18743141,0.005037025
1779786377696638643,1779786378700383189,0.0,0.0,-0.38712803,-0.13029137,0.0049581975,0.06088767,0.31645525,0.0066194106
1779786378700383189,1779786379726492180,-0.09131526595819388,0.0024030333147912215,-0.42839912,-0.2045169,-0.051399663,-0.0034992865,0.20631532,0.0057357396
1779786379726492180,1779786380728421217,0.0,0.0,-0.2963821,-0.064462215,0.015282312,0.08561577,0.25163725,0.005427346
1779786380728421217,1779786381734275065,0.0,0.0,-0.47631854,-0.2044601,-0.0977858,-0.04061786,0.10145015,0.004646153
1779786381734275065,1779786382756388401,0.0,0.0,-0.441473,-0.16617785,0.0013871084,0.0696841,0.23110431,0.004724301
1779786382756388401,1779786383768186058,0.0,0.0,-0.42174086,-0.17094113,-0.064280696,0.002143857,0.20446503,0.008700003
1779786383768186058,1779786384772459756,0.0,0.0,-0.41572666,-0.14630708,-0.027371211,0.02926411,0.22035195,0.0049529364
1779786384772459756,1779786385776639724,0.0,0.0,-0.3685059,-0.10400035,0.00453704,0.060650103,0.26599953,0.006002913
1779786385776639724,1779786386778390291,-0.9262448215180203,0.02437486372414436,-0.3027406,-0.05968506,0.039489105,0.12293486,0.30281222,0.0055986526
1779786386778390291,1779786387782362980,0.0,0.0,-0.35906655,-0.10862296,0.030509619,0.093992114,0.31062797,0.0035072796
1779786388805981542,1779786389828456721,0.0,0.0,-0.3513736,-0.15244484,-0.009750069,0.053126656,0.27119777,0.006476559
1779786389828456721,1779786390848282123,0.0,0.0,-0.29441658,-0.08089847,0.023147788,0.08267077,0.25080463,0.00664896
1779786391868326863,1779786392870915224,0.0,0.0,-0.30308995,-0.076202154,0.022780588,0.10700197,0.2890199,0.00630483
1779786392870915224,1779786393886351952,0.0,0.0,-0.33289886,-0.06967274,0.03690102,0.09981722,0.2607375,0.0082443245
1779786393886351952,1779786394912462125,0.0,0.0,-0.26288423,-0.0072385212,0.101588555,0.15889832,0.366692,0.0063382387
1779786394912462125,1779786395936117916,0.0,0.0,-0.35265067,-0.115023784,-0.011307912,0.054626763,0.22875606,0.0044389614
1779786395936117916,1779786396952726860,0.0,0.0,-0.4240785,-0.20202005,-0.11247027,-0.048278473,0.14943269,0.0055193803
1779786397952739385,1779786398958253129,0.0,0.0,-0.4804005,-0.16089542,-0.046649642,0.014094889,0.18702224,0.0037269373
1779786398958253129,1779786399975757397,0.0,0.0,-0.48482504,-0.2509819,-0.12923412,-0.05341886,0.11226013,0.0015542966
1779786399975757397,1779786400976363238,0.0,0.0,-0.34858087,-0.12746747,-0.003680869,0.061058708,0.25855184,0.0031912213
1779786400976363238,1779786401978489643,0.0,0.0,-0.33360732,-0.078925095,0.009173316,0.07603309,0.25207713,0.0041918657
1779786402996948595,1779786404003879675,0.0,0.0,-0.22892395,-0.01991404,0.064215966,0.13197817,0.2734434,0.0054629687
1779786404003879675,1779786405015113173,0.0,0.0,-0.2416086,-0.0021909324,0.09106939,0.1465541,0.309762,0.010163033
1779786405015113173,1779786406015305281,0.0,0.0,-0.1969937,0.0038600953,0.0752024,0.13806188,0.30284685,0.005707715
1779786407018983626,1779786408024095685,0.0,0.0,-0.40461892,-0.15150768,-0.049520623,0.027021715,0.20142701,0.0056192097
1779786408024095685,1779786409026243382,0.0,0.0,-0.3248369,-0.06479309,0.033989567,0.09614971,0.2787599,0.005783077
1779786409026243382,1779786410031352071,0.0,0.0,-0.33761624,-0.108679876,-0.023723561,0.029186545,0.19070339,0.0041168313
1779786410031352071,1779786411037097430,0.0,0.0,-0.35435086,-0.13453682,-0.04196648,0.019799104,0.2026653,0.0068321014
1779786411037097430,1779786412051541511,0.0,0.0,-0.40081254,-0.20347953,-0.079954006,-0.009468621,0.18920982,0.0052208304
1779786412051541511,1779786413069611288,0.0,0.0,-0.34411845,-0.09915042,0.03272964,0.08908934,0.30684292,0.008026496
1779786414095418793,1779786415114585035,0.0,0.0,-0.44283417,-0.16024284,-0.044658113,0.038948767,0.20087443,0.006196439
1779786415114585035,1779786416120333863,0.0,0.0,-0.3805746,-0.16253148,-0.032390457,0.026625963,0.21692957,0.005133053
1779786416120333863,1779786417122340099,0.0,0.0,-0.21629247,-0.06342791,0.0353662,0.10446634,0.24445668,0.0057633887
1779786417122340099,1779786418148557418,0.0,0.0,-0.37381956,-0.14322641,-0.021287922,0.052583776,0.25655687,0.0019780537
1779786418148557418,1779786419152483287,0.0,0.0,-0.26977268,-0.0625974,0.06120777,0.121238805,0.36433646,0.0018763124
1779786419152483287,1779786420154394602,0.0,0.0,-0.30164182,-0.061347503,0.04597417,0.11541954,0.29903567,0.00419864
1779786420154394602,1779786421187629136,0.37836236943068613,0.010226009984738828,-0.31463498,-0.051004935,0.041997503,0.09104152,0.28866282,0.005679659
1779786421187629136,1779786422188703945,0.6262235006758795,0.016057012837532553,-0.4020661,-0.18657455,-0.017467367,0.04465093,0.18967548,0.006996052
1779786422188703945,1779786423206733749,0.3652789329038894,0.009612603497749797,-0.4738004,-0.22032101,-0.10294676,-0.048679195,0.10620936,0.005877027
1779786423206733749,1779786424216477482,0.0,0.0,-0.47067717,-0.23092617,-0.13018464,-0.05982813,0.1188536,0.0034606177
1779786425230504324,1779786426258198361,0.07826599088194605,0.002059631338930127,-0.25517887,-0.052026406,0.026849745,0.08045772,0.2709867,0.007864545
1779786426258198361,1779786427260423878,0.0,0.0,-0.23674932,-0.018648306,0.06321,0.13281173,0.40186545,0.0045691095
1779786427260423878,1779786428274324109,0.0,0.0,-0.44724268,-0.19137768,-0.0810727,-0.020767901,0.119525805,0.003931581
1779786428274324109,1779786429278275981,0.0,0.0,-0.24702556,-0.033553574,0.089289755,0.13727826,0.3304229,0.0046910127
1779786431376370388,1779786432432044704,0.4826267417878295,0.01378933547968586,-0.33491674,-0.1018654,0.019000996,0.076885514,0.25189182,0.0052791266
1779786432432044704,1779786433453725358,0.7173750857408872,0.016683141528715643,-0.4052072,-0.17157684,-0.015240393,0.044451293,0.18162735,0.0079010725
1779786433453725358,1779786434460210390,0.6781982102094983,0.017847321321402893,-0.46006504,-0.18778858,-0.08249919,-0.022921324,0.13339041,0.0070619616
1779786434460210390,1779786435465833313,0.0,0.0,-0.31501535,-0.07423677,0.037724018,0.08916446,0.33842924,0.004946479
1779786435465833313,1779786436470410096,0.0,0.0,-0.28062686,-0.06389439,0.067132175,0.12897176,0.32813162,0.006743124
1779786436470410096,1779786437483820820,0.0,0.0,-0.4026698,-0.20247963,-0.011835373,0.057741098,0.2716725,0.004373355
1779786437483820820,1779786438490370012,0.0,0.0,-0.19528185,0.053263508,0.1463745,0.191237,0.39406914,0.007677982
1779786438490370012,1779786439514416093,0.0,0.0,-0.24497604,-0.012768082,0.09378655,0.1456718,0.3222715,0.0114619555
1779786440532424919,1779786441536472054,0.0,0.0,-0.2768411,0.0010596815,0.111100145,0.16960727,0.42705545,0.0045178155
1779786441536472054,1779786442563380206,0.0,0.0,-0.3218334,-0.06704066,0.040477194,0.09619858,0.27613515,0.010978547
1779786442563380206,1779786443570433021,0.0,0.0,-0.35306972,-0.14901456,-0.061821964,-0.0025290898,0.216921,0.0032577794
1779786443570433021,1779786444578472285,0.0,0.0,-0.26998335,-0.055404272,0.064567305,0.120521575,0.31856853,0.004296117
1779786444578472285,1779786445584430592,0.0,0.0,-0.35557815,-0.14327967,-0.034682866,0.036756154,0.24913387,0.0010266209
1779786445584430592,1779786446586336820,0.0,0.0,-0.27445436,-0.09251942,0.003259945,0.06869088,0.23571473,0.0056718215
1779786446586336820,1779786447602216463,0.0,0.0,-0.4613303,-0.19144836,-0.07248165,-0.0031517046,0.15847103,0.0026760448
1779786447602216463,1779786448604832628,0.0,0.0,-0.24370754,-0.016122807,0.10470151,0.16632381,0.31593952,0.008564723
1779786448604832628,1779786449606711143,0.0,0.0,-0.30997875,-0.08834414,0.026341483,0.08757002,0.2926059,0.0072717997
1779786449606711143,1779786450612519260,0.0,0.0,-0.41968334,-0.20583361,-0.057457924,0.008373971,0.2202041,0.0030870885
1779786450612519260,1779786451640331353,0.0,0.0,-0.27116594,-0.045881696,0.061575346,0.1372222,0.2698309,0.0063111405
1779786451640331353,1779786452864821580,-0.939055923428567,0.026830169240607153,-0.4795216,-0.19406642,-0.035566866,0.032940544,0.18589655,0.006269248
1779786453872334984,1779786454896635528,0.0,0.0,-0.41990355,-0.18188651,-0.07959555,-0.014096195,0.19374527,0.008599138
1779786454896635528,1779786455904470643,0.0,0.0,-0.30450043,-0.12639368,-0.019961955,0.036863837,0.18071885,0.0013259732
1779786456908931777,1779786457915453792,0.0,0.0,-0.17158842,0.012248366,0.10630384,0.18875882,0.32267836,0.006343391
1779786457915453792,1779786458935162388,0.0,0.0,-0.40726268,-0.15123709,-0.06249695,0.0003948437,0.16714406,0.0069562374
1779786458935162388,1779786459960564996,-0.9000947062254634,0.027275597158110846,-0.3752834,-0.15152606,-0.03554608,0.021575248,0.23123035,0.0061834767
1779786459960564996,1779786460973058801,0.0,0.0,-0.3769117,-0.14823675,-0.028599085,0.028709006,0.19483514,0.0063037314
1779786461984380283,1779786462985430358,-0.09131848233919419,0.0024680670902794927,-0.2918545,-0.08524406,0.042633276,0.12066114,0.28030172,0.006212137
1779786462985430358,1779786464006296400,0.0,0.0,-0.46042943,-0.20013653,-0.07373712,-0.012662945,0.17889574,0.006114437
1779786464006296400,1779786465020559606,-0.43051264931111355,0.011329280245170617,-0.23031043,-0.049723595,0.028966496,0.09138656,0.25217515,0.007188319
1779786465020559606,1779786466028457026,0.0,0.0,-0.3629955,-0.15691443,-0.0638026,0.026630884,0.19601953,0.006707611
1779786466028457026,1779786467032341555,0.0,0.0,-0.2910673,-0.07638026,0.02582517,0.08292189,0.2695868,0.011532323
1779786467032341555,1779786468046277875,0.0,0.0,-0.37739953,-0.11347098,-0.02355805,0.04577124,0.2197411,0.0069558006
1779786468046277875,1779786469060311086,0.0,0.0,-0.41855097,-0.20138983,-0.09208823,-0.026585676,0.15440068,0.0051220404
1779786469060311086,1779786470068518183,0.0,0.0,-0.56401956,-0.31455112,-0.13873453,-0.08045868,0.1599075,0.006674089
1779786470068518183,1779786471072547651,0.0,0.0,-0.30150864,-0.098367006,0.021937689,0.08806484,0.28670564,0.010884239
1779786471072547651,1779786472082321183,0.0,0.0,-0.31541032,-0.110577606,0.028313018,0.09128513,0.25245455,0.008928132
1779786472082321183,1779786473094429910,0.0,0.0,-0.24409202,-0.07952498,0.007027826,0.061148427,0.22990377,0.0032736035
1779786474095122915,1779786475110964196,0.0,0.0,-0.3691385,-0.119454056,-0.01253287,0.050975334,0.24165559,0.008028518
1779786475110964196,1779786476119502309,-1.1220291517541534,0.03300085740467212,-0.34500283,-0.14985745,-0.04046686,0.016497776,0.2305485,0.0039262483
1779786476119502309,1779786477126516184,0.0,0.0,-0.40705016,-0.17144015,-0.007872753,0.05290481,0.18908586,0.008526629
1779786478126854654,1779786479142349255,-0.6784973113886589,0.017855192404837045,-0.3969248,-0.13271822,-0.040431518,0.03685483,0.20337744,0.0062206807
1779786479142349255,1779786480158663429,0.0,0.0,-0.31585693,-0.09053328,0.022835128,0.0723519,0.2576942,0.0029921776
1779786480158663429,1779786481174299460,0.0,0.0,-0.5091646,-0.2563625,-0.14139062,-0.07254323,0.07167498,0.003151617
1779786785742843372,1779786786764774735,-0.9911714023873963,0.02608345795772568,-0.40230063,-0.19881399,-0.075130366,-0.01805345,0.14822796,0.006680174
1779786787768795525,1779786788776737926,0.0,0.0,-0.25227633,0.0005499259,0.09330316,0.14500865,0.3717328,0.0068297726
1779786788776737926,1779786789804573584,0.0,0.0,-0.4347009,-0.21216665,-0.06512124,-0.007146144,0.1528849,0.0052306503
1779786789804573584,1779786790813988034,0.0,0.0,-0.33621547,-0.083795115,0.04209282,0.0993271,0.35847566,-0.00042214754
1779786790813988034,1779786791822661049,0.0,0.0,-0.37118575,-0.17007625,-0.05114031,0.007350284,0.20267084,0.0022306629
1779786791822661049,1779786792840606660,0.0,0.0,-0.20587851,0.026632307,0.111669734,0.16451058,0.3588537,0.007475405
1779786792840606660,1779786793856645544,0.8085945782936507,0.02127880469207205,-0.41795146,-0.19393462,-0.07161752,0.01649759,0.21756555,0.0053543183
1779786793856645544,1779786794878922338,0.5738016512708511,0.015100043454215718,-0.28058872,-0.07239711,0.033181358,0.09252035,0.26995495,0.0072366362
1779786798079466551,1779786799102729295,-0.4694006211297535,0.012035913362259027,-0.3233104,-0.055297736,0.051068436,0.101755604,0.31287843,0.007831306
1779786799102729295,1779786800113410108,0.0,0.0,-0.25216666,0.004624962,0.10115135,0.16603525,0.3736868,0.0039988593
1779786800113410108,1779786801120249513,0.0,0.0,-0.17948973,0.00031603125,0.09998101,0.18224493,0.31250328,0.0067987386
1779786801120249513,1779786802152700366,0.0,0.0,-0.35953987,-0.14925572,-0.06572286,-0.0065591503,0.20463575,0.001991809
1779786804367755542,1779786805389461300,0.0,0.0,-0.31712762,-0.08593449,0.0024639356,0.06673099,0.22453062,0.008065762
1779786805389461300,1779786806400277744,0.0,0.0,-0.27840847,-0.030764638,0.040992644,0.1338913,0.29513836,0.010202764
1779786806400277744,1779786807409312239,0.0,0.0,-0.2853906,-0.10466045,-0.02392987,0.027234884,0.19297872,0.0068132314
1779786807409312239,1779786808416815331,0.0,0.0,-0.44198844,-0.21242473,-0.078075476,-0.0050442764,0.18248786,0.003453938
1779786808416815331,1779786809418776942,0.0,0.0,-0.35879055,-0.11341149,-0.043467727,0.03379625,0.24058555,0.007802924
1779786809418776942,1779786810419218335,0.0,0.0,-0.41864717,-0.18949029,-0.030944517,0.039954003,0.21875885,0.004199828
1779786810419218335,1779786811438637451,0.0,0.0,-0.33371425,-0.12396933,-0.05079781,0.0073585655,0.161583,0.002568463
1779786811438637451,1779786812452564637,0.0,0.0,-0.29550293,-0.054697074,0.0678,0.11978111,0.29514554,0.005898414
1779786812452564637,1779786813477019593,0.0,0.0,-0.32297614,-0.11036017,0.05740308,0.106233016,0.30032247,0.007041097
1779786813477019593,1779786814486604628,0.0,0.0,-0.47796986,-0.26967695,-0.08530024,-0.021059964,0.20261477,0.0059579303
1779786814486604628,1779786815494882653,0.0,0.0,-0.3887889,-0.1575015,-0.0138305165,0.04297857,0.20483924,0.0075126854
1779786816502249649,1779786817531816670,0.0,0.0,-0.32766643,-0.07438152,0.014624193,0.08522937,0.26912594,0.0080090985
1779786817531816670,1779786818585441810,-1.4084461145913347,0.0828497714470068,-0.40898514,-0.1910929,-0.06833815,-0.0016522037,0.19864221,0.007580858
1779786819613429099,1779786820623776406,-1.7739319443610744,0.08447294973142525,-0.29877618,-0.030634375,0.07367271,0.15343376,0.27955362,0.009084457
1779786820623776406,1779786821634688332,0.0,0.0,-0.25198138,-0.04823086,0.05814373,0.13365135,0.26749697,0.00661031
1779786821634688332,1779786822672348207,0.0,0.0,-0.33648583,-0.13831872,0.0023877942,0.067939036,0.2261843,0.008809654
1779786822672348207,1779786823692571319,0.0,0.0,-0.3809019,-0.11865594,-0.021903165,0.075533256,0.21748966,0.0066962163
1779786823692571319,1779786824711807610,0.0,0.0,-0.31778806,-0.08781904,0.007442358,0.07299927,0.22502872,0.0038432726
1779786824711807610,1779786825734838129,0.0,0.0,-0.24929202,-0.07871449,0.008054289,0.06881067,0.22716966,0.0059605734
1779786825734838129,1779786826756650078,0.0,0.0,-0.45828956,-0.22116008,-0.12975018,-0.05926318,0.13757016,0.005055096
1779786826756650078,1779786827760661923,0.0,0.0,-0.48510063,-0.15846762,-0.024220439,0.046701618,0.22576031,0.0025055767
1779786827760661923,1779786828762678252,0.0,0.0,-0.35443467,-0.09323054,0.03495134,0.098020054,0.3265919,0.0035238764
1779786828762678252,1779786829770681757,0.0,0.0,-0.3593212,-0.16695216,-0.015033547,0.059798595,0.26714882,-0.00024944267
1779786829770681757,1779786830780633163,0.0,0.0,-0.28891832,-0.10428743,-0.014045784,0.03908906,0.19233894,0.0051236097
1779786830780633163,1779786831785135442,0.0,0.0,-0.49566236,-0.25880435,-0.09826047,-0.015962873,0.18049723,0.003409416
1779786831785135442,1779786832792843004,0.0,0.0,-0.45769832,-0.22610512,-0.10154504,-0.022827499,0.1516317,0.001736339
1779786832792843004,1779786833806533800,0.0,0.0,-0.50060034,-0.24006145,-0.1336633,-0.057968587,0.12272515,0.0033915062
1779786833806533800,1779786834824642319,0.0,0.0,-0.32535473,-0.042626325,0.049713332,0.11143982,0.32117072,0.009539801
1779786834824642319,1779786835830740196,0.0,0.0,-0.30031103,-0.07311901,0.049369972,0.100296274,0.31276035,0.0066765985
1779786835830740196,1779786836839065702,0.0,0.0,-0.42696637,-0.15289442,-0.016717756,0.05632637,0.1913143,0.006230046
1779786836839065702,1779786837844621693,0.0,0.0,-0.4232136,-0.16434309,-0.07689855,0.0054637073,0.14444454,0.0039545214
1779786837844621693,1779786838844750428,0.0,0.0,-0.4399065,-0.17452544,-0.06516237,-0.0021228157,0.1628277,0.004749523
1779786838844750428,1779786839845517591,0.0,0.0,-0.41526335,-0.19182721,-0.07288618,-0.0050020535,0.17415267,0.003723227
1779786841864853037,1779786842878694057,0.0,0.0,-0.36826771,-0.13268855,-0.027792975,0.054572012,0.22355027,0.005762958
1779786842878694057,1779786843902918333,0.0,0.0,-0.38420463,-0.11881238,-0.030247556,0.056425184,0.2332267,0.0050471635
1779786965082786490,1779786966092712584,0.0,0.0,-0.34314612,-0.083255686,0.017403612,0.09463178,0.25102577,0.0040921955
1779786968136766357,1779786969146564193,0.0,0.0,-0.3091997,-0.09737063,-0.000684783,0.06459056,0.27066147,0.00836283
1779786972377738784,1779786973382885460,0.0,0.0,-0.27146527,-0.0535466,0.037357915,0.08808378,0.29370084,0.0053858785
1779786973382885460,1779786974409002603,0.0,0.0,-0.5188756,-0.19217736,-0.0693508,-0.0050215553,0.14918397,0.0053165937
1779786974409002603,1779786975419356695,0.0,0.0,-0.39278695,-0.16136378,-0.0628593,0.006919446,0.22254466,0.0039323093
1779786975419356695,1779786976421917547,0.0,0.0,-0.28529644,-0.04990021,0.051390238,0.115514874,0.36776876,0.0050229016
1779786977437492195,1779786978453018754,-0.23491135034009214,0.005872783758409383,-0.16875374,-0.020451415,0.087914854,0.16818836,0.30799586,0.0028123476
1779786981512048960,1779786982514956666,0.0,0.0,-0.14731294,-0.004785071,0.09449237,0.17171328,0.31018642,0.0033696461
1779786982514956666,1779786983536035545,0.43064186524309445,0.012304053292666595,-0.33670872,-0.05554711,0.032205492,0.09867749,0.29591426,0.004879089
1779786983536035545,1779786984578039245,0.0,0.0,-0.20974487,0.036257572,0.123534665,0.17114592,0.38235077,0.009305009
1779786984578039245,1779786985595935654,0.0,0.0,-0.3749564,-0.1052269,-0.01175697,0.067782365,0.24871847,0.006794238
1779786985595935654,1779786986608064173,0.0,0.0,-0.27313372,-0.06266514,0.062125996,0.11471149,0.31085554,0.0050379727
1779786986608064173,1779786987614796944,0.0,0.0,-0.36751255,-0.14167713,-0.049751937,0.016669631,0.19818509,0.0061411145
1779786987614796944,1779786988632697992,0.0,0.0,-0.38807878,-0.18210982,-0.047625158,0.01936605,0.26074603,0.0034312594
1779786990817177722,1779786991820800112,0.0,0.0,-0.38375923,-0.14715496,-0.01780739,0.037445232,0.20664652,0.008684634
1779786991820800112,1779786992841094600,0.3392805295713225,0.008928434988768842,-0.21378115,-0.04588446,0.033846453,0.09556004,0.2550251,0.006621999
1779786992841094600,1779786993867314115,0.0,0.0,-0.25975728,-0.05156851,0.07371489,0.12466918,0.31861842,0.005470085
1779786993867314115,1779786994884744363,0.0,0.0,-0.37913677,-0.1775624,-0.012601524,0.04749368,0.2691586,0.006717289
1779786995885042491,1779786996894871450,0.0,0.0,-0.33897713,-0.12500641,-0.028380785,0.037547078,0.24290445,0.0042997287
1779786996894871450,1779786997906830746,0.0,0.0,-0.38564283,-0.1447955,-0.021985814,0.043517414,0.24494775,0.0068842582
1779786997906830746,1779786998926950757,0.0,0.0,-0.27890328,-0.039139193,0.032890134,0.09792089,0.25137427,0.009058509
1779786998926950757,1779786999932795018,0.0,0.0,-0.32241604,-0.102794334,0.0123762945,0.07477961,0.2661236,0.0075202645
1779787000950809386,1779787001959180315,0.0,0.0,-0.31366834,-0.092589706,0.005763048,0.06829485,0.26328072,0.0052823382
1779787001959180315,1779787002984796537,0.1304894463421255,0.0034339327984642563,-0.34760177,-0.14920454,-0.01080947,0.05333838,0.27947405,0.0020034201
1779787002984796537,1779787003990837884,0.0,0.0,-0.39792207,-0.16583331,-0.054513063,0.023448527,0.20024654,0.009936321
1779787003990837884,1779787004991183898,0.2348767125732557,0.006348019258599084,-0.49975687,-0.28459007,-0.1310462,-0.058735367,0.15956183,0.0066265403
1779787004991183898,1779787006001084820,0.0,0.0,-0.3564273,-0.09923645,-0.0008077897,0.06757365,0.20644373,0.005959434
1779787006001084820,1779787007009044813,0.0,0.0,-0.45003015,-0.17443742,-0.04790131,0.011048019,0.23294747,0.0069406163
1779787007009044813,1779787008036780633,0.0,0.0,-0.45216456,-0.19056009,-0.09964044,-0.026002765,0.17191741,0.002482199
1779787009044694751,1779787010056500809,0.0,0.0,-0.38766822,-0.11250799,-0.012238242,0.04710943,0.22249137,0.005712446
1779787010056500809,1779787011056908351,-0.23487671257206544,0.006348019258599084,-0.4223184,-0.20434123,-0.1002456,-0.030642167,0.17258477,0.0064783567
1779787012081543560,1779787013086947926,0.0,0.0,-0.3977837,-0.14947931,-0.07110261,0.0019784174,0.16417491,0.006594176
1779787013086947926,1779787014110867739,1.0177592473196637,0.02678313808723269,-0.41360748,-0.16848347,-0.06709317,-0.002756301,0.18614466,0.0049248026
1779787015123731935,1779787016128782512,0.0,0.0,-0.5247482,-0.29829052,-0.1205693,-0.039229773,0.16705537,0.0025720538
1779787016128782512,1779787017130931367,0.0,0.0,-0.27793258,-0.04957647,0.0568623,0.12443646,0.31757358,0.004655669
1779787017130931367,1779787018151343193,0.23483258720704067,0.006179804926500615,-0.37628755,-0.16283657,-0.022164062,0.052568145,0.21828339,0.0021380896
1779787018151343193,1779787019157142595,0.0,0.0,-0.22795197,-0.033139985,0.09774971,0.14791991,0.3739924,0.0047601215
1779787019157142595,1779787020176782163,0.0,0.0,-0.46437943,-0.25703174,-0.06805444,-0.0069779046,0.21989061,0.004559697
1779787020176782163,1779787021194943489,0.0,0.0,-0.4111801,-0.15792279,0.0013140462,0.07121496,0.25612107,0.007459334
1779787021194943489,1779787022265203784,1.3697468598769464,0.04418538257629089,-0.45716104,-0.22362597,-0.10105544,-0.036536828,0.14923221,0.005103885
1779787022265203784,1779787023274859376,0.0,0.0,-0.41330636,-0.16785862,-0.010626068,0.05424475,0.19559035,0.008563327
1779787023274859376,1779787024292856687,0.0,0.0,-0.26508573,-0.014247429,0.08063639,0.15549965,0.34740418,0.005198928
1779787085605437099,1779787086629049800,0.0,0.0,-0.370364,-0.11856818,-0.015585805,0.050274733,0.27901554,0.004145076
1779787086629049800,1779787087643505495,0.0,0.0,-0.4223417,-0.18138403,-0.056479726,0.010080248,0.18508805,0.0059857327
1779787087643505495,1779787088646810537,0.0,0.0,-0.41250986,-0.17503004,-0.06373255,0.0091396775,0.15163238,0.007445522
1779787088646810537,1779787089652134374,0.0,0.0,-0.31324944,-0.092078365,0.021998575,0.0967214,0.2255096,0.006860141
1779787089652134374,1779787090671326561,0.0,0.0,-0.45909098,-0.24838564,-0.12037204,-0.06064063,0.17265928,0.0046165055
1779787091695921600,1779787092698926336,-0.6903153962592502,0.01770039477587095,-0.28705424,-0.043112494,0.05949144,0.14147934,0.27327693,0.009489065
1779787092698926336,1779787093721159588,0.0,0.0,-0.3681117,-0.11325102,-0.0038815099,0.06269645,0.21803975,0.0020286723
1779787093721159588,1779787094729710000,0.0,0.0,-0.42297083,-0.18269534,-0.081259675,-0.016544478,0.1518581,0.0037959898
1779787094729710000,1779787095734921087,0.0,0.0,-0.27479503,-0.05087568,0.025744667,0.088511586,0.22025836,0.0056076767
1779787096756176681,1779787097774904525,0.0,0.0,-0.43831727,-0.14270021,-0.01958617,0.062339395,0.21789,0.005129851
1779787097774904525,1779787098798615135,0.0,0.0,-0.44113952,-0.2231081,-0.07649678,-0.011753727,0.19613235,0.0037948606
1779787098798615135,1779787099808960586,0.0,0.0,-0.34734756,-0.12444771,-4.0940016e-05,0.05774833,0.20740469,0.005605167
1779787099808960586,1779787100813489848,0.0,0.0,-0.33810598,-0.0782966,0.01428193,0.091131866,0.2363325,0.0056608506
1779787100813489848,1779787101845366543,0.0,0.0,-0.43086648,-0.12314502,-0.015022676,0.061041772,0.21894845,0.006493262
1779787101845366543,1779787102868965788,0.0,0.0,-0.46226063,-0.1708357,-0.049567603,0.028203262,0.17965193,0.008619091
1779787102868965788,1779787103878747792,0.0,0.0,-0.378403,-0.14256708,-0.04691966,0.016116206,0.21731284,0.007788257
1779787103878747792,1779787104902439410,0.0,0.0,-0.49000514,-0.2632854,-0.12169369,-0.058694452,0.12687592,0.0025682058
1779787104902439410,1779787105926569452,0.0,0.0,-0.33314732,-0.05128662,0.033421002,0.10965959,0.2565218,0.0055494034
1779787105926569452,1779787106930748297,0.0,0.0,-0.356658,-0.14654073,-0.013459723,0.08059645,0.24882534,0.002601779
1779787106930748297,1779787107964272632,0.0,0.0,-0.39343303,-0.17107014,-0.043116976,0.028736392,0.18185961,0.0058033457
1779787107964272632,1779787108966579576,0.0,0.0,-0.37021744,-0.1521189,-0.04347671,0.015869632,0.18083015,0.004417278
1779787108966579576,1779787109990937419,0.0,0.0,-0.31061772,-0.09969852,0.011654444,0.07295695,0.24590884,0.0068127057
1779787109990937419,1779787110992684767,0.0,0.0,-0.43271992,-0.21003196,-0.05564807,0.007030159,0.17854634,0.004665464
1779787110992684767,1779787112016668838,0.0,0.0,-0.2695834,-0.08100506,0.013004438,0.06983837,0.22518879,0.003633435
1779787112016668838,1779787113016763613,0.0,0.0,-0.39814723,-0.16488989,-0.06458426,0.0041435026,0.1664405,0.0060865185
1779787113016763613,1779787114028596175,-0.35168843013991374,0.009254958687608306,-0.41213205,-0.22930174,-0.0756466,-0.003879014,0.19653395,0.004488941
1779787114028596175,1779787115032439898,0.0,0.0,-0.28977677,-0.080740005,0.006160644,0.06299485,0.24125355,0.0077898004
1779787115032439898,1779787116034516173,-0.7685473936987108,0.02077155118129781,-0.26720273,-0.05684828,0.047435947,0.11670319,0.25627023,0.0052193725
1779787120081449308,1779787121086927914,0.0,0.0,-0.41762024,-0.15803896,-0.060503535,0.011455786,0.18299142,0.0067045237
1779787121086927914,1779787122111753177,0.0,0.0,-0.29730093,-0.07010631,0.038543496,0.10200684,0.35702643,0.0051607857
1779787122111753177,1779787123126653512,0.0,0.0,-0.37144756,-0.13884652,-0.037223384,0.025936747,0.20691574,0.0050781984
1779787126376428085,1779787127387939323,0.0,0.0,-0.3469883,-0.15594676,-0.035791744,0.024077324,0.21961768,0.001827463
1779787127387939323,1779787128409264443,0.0,0.0,-0.3516817,-0.14839542,-0.05517732,0.0025406603,0.1956248,0.0035565274
1779787128409264443,1779787129417554619,0.0,0.0,-0.31662282,-0.14486742,-0.037840705,0.021919401,0.20352624,0.0035118875
1779787129417554619,1779787130434679113,0.0,0.0,-0.45869458,-0.20095421,-0.091019705,-0.014260282,0.1535697,0.002836684
1779787131475582629,1779787132478518176,0.0,0.0,-0.42931622,-0.17164852,-0.059440445,0.012370323,0.1528905,0.007834041
1779787132478518176,1779787133480700794,0.0,0.0,-0.43636897,-0.18461542,-0.09287136,-0.030137217,0.16647638,0.0061147436
1779787133480700794,1779787134496781606,0.0,0.0,-0.44612172,-0.20832393,-0.11174749,-0.048708025,0.1488272,0.005693999
1779787136635008715,1779787137656742855,0.0,0.0,-0.3553912,-0.115275465,-0.021382421,0.051178563,0.2523013,0.003935476
1779787138670585307,1779787139678843911,0.0,0.0,-0.30115184,-0.117690854,0.020705897,0.100190945,0.32921532,0.0019505684
1779787139678843911,1779787140702978517,0.0,0.0,-0.36530244,-0.15346223,-0.023997987,0.04404133,0.20435147,0.004696841
1779787140702978517,1779787141708665725,0.0,0.0,-0.32033315,-0.087194465,0.011631747,0.068611264,0.2700904,0.0071151285
1779787141708665725,1779787142718404545,0.0,0.0,-0.5332872,-0.31026223,-0.12624553,-0.049723994,0.18276952,0.0044638035
1779787142718404545,1779787143742731965,0.0,0.0,-0.32127956,-0.091054,-0.022259984,0.04588641,0.20884484,0.0076570096
1779787143742731965,1779787144767196546,0.0,0.0,-0.25898364,-0.0072601694,0.078635804,0.13733725,0.3354044,0.006868411
1779787147795805453,1779787148804525257,0.0,0.0,-0.3903003,-0.14646964,-0.03168113,0.060171697,0.18312626,0.0038742572
1779787148804525257,1779787149809429292,0.0,0.0,-0.34335506,-0.13916586,-0.01817438,0.052179135,0.22045594,0.0059328857
1779787149809429292,1779787150815175278,0.0,0.0,-0.37531647,-0.13098617,-0.055999525,0.018602699,0.20353334,0.005932266
1779787150815175278,1779787151816062958,0.0,0.0,-0.3432737,-0.13756317,-0.046746917,0.007715478,0.20904914,0.0037288268
1779787151816062958,1779787152824780611,0.0,0.0,-0.37576345,-0.13294375,-0.036488168,0.03541864,0.20321387,0.0047438457
1779787152824780611,1779787153834625485,0.0,0.0,-0.32041857,-0.081306405,0.020001238,0.0875765,0.27839988,0.0026407745
1779787153834625485,1779787154840531602,0.0,0.0,-0.36524028,-0.15811342,-0.028859328,0.043923106,0.20716557,0.005400169
1779787154840531602,1779787155856543251,0.0,0.0,-0.3080048,-0.06163679,0.047793515,0.11580559,0.30680758,0.008062915
1779787155856543251,1779787156868762582,0.0,0.0,-0.21164894,-0.03174321,0.063473746,0.13022725,0.3010419,0.009058861
1779787156868762582,1779787157880782711,-0.9641222749019537,0.02537163881281177,-0.4542659,-0.19184333,-0.06855477,0.029709201,0.20557985,0.0035381194
1779787157880782711,1779787158882684377,0.0,0.0,-0.46975568,-0.2412054,-0.11768945,-0.05378487,0.10863534,0.004905233
1779787158882684377,1779787159900628726,0.0,0.0,-0.35851693,-0.18202129,-0.038218077,0.025958,0.24254431,0.004723907
1779787159900628726,1779787160904915664,0.0,0.0,-0.24914446,-0.03211377,0.069014534,0.12715918,0.32865822,0.011980849
1779787160904915664,1779787161928812639,0.0,0.0,-0.5910885,-0.32636443,-0.18637234,-0.10689641,0.09241437,0.0027129422
1779787161928812639,1779787162934550668,0.0,0.0,-0.22492062,0.0024854206,0.10030931,0.14669617,0.335418,0.005798123
1779787162934550668,1779787163942838108,0.0,0.0,-0.28467935,-0.088373676,0.044329196,0.09617544,0.26770103,0.009931448
1779787163942838108,1779787164946497768,0.0,0.0,-0.27430028,-0.10876722,0.0017380262,0.07850454,0.26245406,0.002002236
1779787165958723071,1779787166962682992,0.0,0.0,-0.49342477,-0.23230273,-0.074550115,0.010890464,0.18531518,0.0023103838
1779787166962682992,1779787167986425403,0.5211587183542825,0.013714703114462316,-0.41692033,-0.15953776,0.0021739497,0.094292715,0.2559456,0.0032508601
1779787167986425403,1779787168988219982,1.0161813866467044,0.027464361801244685,-0.4155082,-0.1911872,-0.08710379,-0.015962733,0.16802053,0.0065740515
1779787168988219982,1779787170006645131,0.0,0.0,-0.30386534,-0.08281328,0.046860453,0.09509467,0.26948804,0.0087795425
1779787170006645131,1779787171010900618,0.0,0.0,-0.2616207,-0.021187006,0.07411421,0.15165064,0.34915724,0.0046493025
1779787171010900618,1779787172028860829,0.0,0.0,-0.40099806,-0.17939325,-0.07811826,-0.011182946,0.19096546,0.002403687
1779787172028860829,1779787173046631083,-0.9510384565436237,0.025027327803634217,-0.35355356,-0.1316552,0.0015176032,0.06357168,0.2363224,0.008433562
1779787173046631083,1779787174073114210,0.0,0.0,-0.3715464,-0.102193,0.010381455,0.0633256,0.20790105,0.0092094755
1779787174073114210,1779787175076790572,0.0,0.0,-0.30995646,-0.09047778,0.05170894,0.10076903,0.32015693,0.006312857
1779787175076790572,1779787176076923123,-0.3517768640619311,0.009507482812563393,-0.36554447,-0.15881397,-0.065217234,0.009671361,0.17556292,0.008434507
1779787176076923123,1779787177088862152,0.0,0.0,-0.40370452,-0.142585,-0.051280178,0.031924255,0.18767798,0.0038984937
1779787178100456030,1779787179101058050,0.0,0.0,-0.23430452,-0.019840535,0.07102743,0.12676974,0.3436748,0.0058865934
1779787179101058050,1779787180103006330,0.0,0.0,-0.27489495,-0.06847993,0.055928305,0.11127839,0.36459905,0.0031085042
1779787180103006330,1779787181108421384,0.0,0.0,-0.31757557,-0.116518125,-0.018356103,0.048561342,0.24155493,0.0056803236
1779787181108421384,1779787182110713288,0.0,0.0,-0.39412543,-0.13336661,-0.01242309,0.056540236,0.219812,0.0030017283
1779787182110713288,1779787183118545715,0.0,0.0,-0.3196633,-0.06806913,0.057302095,0.10645435,0.30122426,0.0044573764
1779787184141052521,1779787185146579887,0.0,0.0,-0.29367632,-0.06919315,0.041559972,0.106378675,0.3477247,0.0094259335
1779787185146579887,1779787186152771467,0.0,0.0,-0.29683053,-0.10785115,-0.02452694,0.03925632,0.21069777,0.0066116573
1779787186152771467,1779787187160471504,0.0,0.0,-0.42115864,-0.18539248,-0.079140596,-0.00810421,0.15805514,0.004273281
1779787187160471504,1779787188180877834,1.5503310443801877,0.04079818537835865,-0.26308244,-0.022687487,0.07599449,0.13372329,0.35692152,0.009093215
1779787188180877834,1779787189202946497,0.0,0.0,-0.33664286,-0.109766126,0.013676625,0.06744241,0.27739143,0.0056876936
1779787191232619107,1779787192260312098,-0.729537610267688,0.01971723270997159,-0.37635666,-0.07177398,0.051932678,0.106649674,0.316487,0.006459188
1779787192260312098,1779787193260902617,0.0,0.0,-0.37183872,-0.15583141,-0.00367583,0.0607289,0.20219272,0.0062301653
1779787193260902617,1779787194288653164,-0.05211186593649544,0.0013713648929886426,-0.4896196,-0.23968673,-0.13518855,-0.06618995,0.114962175,0.0039788308
1779787194288653164,1779787195290707022,0.0,0.0,-0.3302523,-0.09847721,-0.0055028046,0.07207001,0.32635108,0.0055777277
1779787196312857990,1779787197319361324,-0.052116075528903225,0.0014085425822704441,-0.25823072,-0.038108412,0.052980065,0.107880555,0.33639544,0.005886837
1779787198345099527,1779787199367780219,0.0,0.0,-0.31242323,-0.103969604,-0.008480579,0.049229305,0.25828692,0.004083344
1779787199367780219,1779787200384456857,0.0,0.0,-0.28397343,-0.08310902,-0.0058080703,0.057910223,0.20487885,0.006896082
1779787325620798047,1779787326624889122,0.0,0.0,-0.33518413,-0.09545289,0.0031274671,0.058052406,0.27876318,0.008100249
1779787326624889122,1779787327650656707,0.0,0.0,-0.31797913,-0.102001406,-0.007729475,0.070842974,0.2260446,0.005960067
1779787327650656707,1779787328652749213,0.0,0.0,-0.3133304,-0.07740457,0.039791595,0.09058677,0.29282323,0.0061433245
1779787328652749213,1779787329656635092,0.0,0.0,-0.35354337,-0.1316045,-0.030055244,0.038942937,0.21138214,0.006231728
1779787329656635092,1779787330679135191,0.0,0.0,-0.43768314,-0.18499729,-0.023140555,0.027838837,0.2781709,0.0069589885
1779787330679135191,1779787331704691581,0.0,0.0,-0.37022388,-0.18323009,-0.0650713,-0.005690009,0.15998593,0.005169365
1779787331704691581,1779787332724827490,0.0,0.0,-0.4046517,-0.1912635,-0.05675884,-0.0023659363,0.22277811,-5.580729e-05
1779787332724827490,1779787333732524457,0.0,0.0,-0.51957303,-0.28024343,-0.11281449,-0.050869938,0.17161733,0.0055157817
1779787333732524457,1779787334740629389,0.0,0.0,-0.25388068,-0.032773986,0.058453523,0.11140126,0.2548875,0.0037792549
1779787334740629389,1779787335750603511,0.0,0.0,-0.33184558,-0.07646316,0.01858805,0.08197525,0.28145018,0.0069323657
1779787335750603511,1779787336767238116,0.0,0.0,-0.3665919,-0.14137863,-0.028731493,0.047324535,0.21019101,0.0015046663
1779787336767238116,1779787337774733251,0.0,0.0,-0.4243829,-0.21201035,-0.102653064,-0.030855568,0.17058863,0.0052501988
1779787337774733251,1779787338786700508,0.0,0.0,-0.42297846,-0.18846676,-0.056460876,0.003747306,0.20393203,0.0020842855
1779787338786700508,1779787339796760294,0.0,0.0,-0.35567555,-0.14938048,-0.022109801,0.045024034,0.21604982,0.0028704545
1779787339796760294,1779787340820828980,0.0,0.0,-0.41375646,-0.2055143,-0.07871113,-0.012086752,0.21674764,0.001973247
1779787340820828980,1779787341842785907,0.0,0.0,-0.41874543,-0.10346722,0.0039262758,0.08280912,0.24922425,0.0054447525
1779787341842785907,1779787342847140593,-0.742928494125109,0.02007914849019929,-0.52955806,-0.29340678,-0.13122751,-0.062247485,0.14096685,0.0032797814
1779787342847140593,1779787343854895473,0.0,0.0,-0.4083877,-0.18641838,-0.07459905,-0.008456364,0.18794453,0.006748015
1779787343854895473,1779787344858855234,0.0,0.0,-0.48793775,-0.19633128,-0.083472796,-0.024276473,0.15733856,0.0049491585
1779787345873671639,1779787346879430020,0.0,0.0,-0.31128514,-0.05980991,0.0250311,0.08234782,0.27696797,0.0040166555
1779787346879430020,1779787347881178194,0.0,0.0,-0.36779517,-0.10350574,-0.022995692,0.05096871,0.24267897,0.0057444004
1779787347881178194,1779787348887003415,0.0,0.0,-0.36332932,-0.102835275,-0.021294687,0.049912877,0.28519848,0.0033266416
1779787348887003415,1779787349895641795,0.0,0.0,-0.39465272,-0.15807618,-0.059656717,0.0106736105,0.22927901,0.0025906737
1779787349895641795,1779787350920219971,0.0,0.0,-0.26487428,-0.091131024,-0.015425871,0.04066876,0.21289353,0.005024532
1779787350920219971,1779787351943630707,0.0,0.0,-0.43821368,-0.21225928,-0.08248993,-0.013178626,0.21593873,0.0071553877
1779787351943630707,1779787352962634914,0.0,0.0,-0.41083577,-0.17741494,-0.05072946,0.014217406,0.2549345,0.0053150943
1779787352962634914,1779787353966966404,0.0,0.0,-0.358001,-0.16063449,-0.028288757,0.050104372,0.23627865,0.0025684806
1779787353966966404,1779787354980622248,0.0,0.0,-0.38066426,-0.15281782,-0.032279138,0.03676677,0.22632371,0.0048296833
1779787354980622248,1779787355989010300,0.0,0.0,-0.3407732,-0.10724056,-0.033352606,0.042228006,0.28119656,0.0035135564
1779787355989010300,1779787357010755489,0.0,0.0,-0.34095863,-0.118318185,-0.024438296,0.05006546,0.23657759,0.009035116
1779787357010755489,1779787358022840446,0.0,0.0,-0.46411756,-0.18841402,-0.054926615,0.0066168397,0.15476549,0.0050858464
1779787359038846928,1779787360048810110,0.0,0.0,-0.38995993,-0.17859714,-0.056611784,-0.00480967,0.1868479,0.0030897837
1779787364621638274,1779787365643533688,0.0,0.0,-0.2507367,-0.09959705,0.018993344,0.0880292,0.23240468,0.005015483
1779787365643533688,1779787366650584214,0.0,0.0,-0.3241549,-0.078956515,0.028340708,0.10056025,0.3240012,0.009201189
1779787366650584214,1779787367669084731,0.0,0.0,-0.385283,-0.15811451,-0.015119416,0.03600083,0.18142013,0.0051022796
1779787367669084731,1779787368680834584,0.0,0.0,-0.29819545,-0.07081342,0.03490261,0.101715475,0.26955646,0.008339899
1779787368680834584,1779787369692647148,0.0,0.0,-0.27034378,-0.021646326,0.06631844,0.14405935,0.35537034,0.004711795
1779787369692647148,1779787370699608043,0.0,0.0,-0.33883736,-0.09975311,0.013554295,0.06586399,0.29475227,0.0070956075
1779787370699608043,1779787371704914613,0.0,0.0,-0.2963501,-0.10101804,0.00817137,0.063814074,0.27677536,0.005317244
1779787372708385312,1779787373722714981,0.0,0.0,-0.49118677,-0.23891906,-0.08378935,-0.014668702,0.14321591,0.0056027435
1779787373722714981,1779787374738679644,-0.2737376133911508,0.007203621405113986,-0.24867778,-0.03948234,0.039156638,0.11856018,0.30389518,0.008354331
1779787374738679644,1779787375742780707,-0.5605337325459575,0.015149560338704453,-0.4000248,-0.16611506,-0.046231892,0.02603589,0.27611583,0.0046767136
1779787375742780707,1779787376760125261,0.0,0.0,-0.2548939,-0.02701999,0.048804067,0.11306018,0.29271135,0.00932257
1779787376760125261,1779787377768623434,0.0,0.0,-0.35910457,-0.1449755,-0.0049092094,0.06678702,0.23637937,0.002817149
1779787377768623434,1779787378775111836,0.0,0.0,-0.46834177,-0.19984272,-0.0855658,-0.02427008,0.14405608,0.0073587256
1779787378775111836,1779787379778801249,0.0,0.0,-0.3969856,-0.1439492,-0.0018950911,0.063615695,0.3027115,0.0032901005
1779787379778801249,1779787380785042006,0.0,0.0,-0.36683115,-0.1466877,-0.014175929,0.059565064,0.25048587,0.00522198
1779787381790024985,1779787382792750709,0.0,0.0,-0.34979504,-0.09201293,0.012441472,0.08887384,0.2702221,0.0042656003
1779787504617183295,1779787505626696798,0.0,0.0,-0.28411618,-0.03255298,0.052990444,0.10364967,0.3083709,0.005072909
1779787505626696798,1779787506642746567,-0.26099796488329086,0.006868367497204238,-0.3507667,-0.12778625,-0.030811222,0.027443923,0.22884248,0.0051944368
1779787506642746567,1779787507646963143,0.0,0.0,-0.2483565,-0.0138781285,0.10451095,0.16830294,0.2993429,0.008329307
1779787507646963143,1779787508671142356,0.0,0.0,-0.32296968,-0.14272784,0.040915802,0.09649083,0.29232714,0.0047567547
1779787508671142356,1779787509695010796,0.0,0.0,-0.31674793,-0.12697552,-0.034352288,0.016485553,0.17792964,0.0045954664
1779787511724281336,1779787512743197156,0.0,0.0,-0.30918974,-0.099188186,-0.0046242853,0.051610664,0.27730092,0.005039576
1779787513750827208,1779787514759268244,0.0,0.0,-0.37152585,-0.17204924,-0.052485146,0.022518734,0.21192959,0.0025551445
1779787514759268244,1779787515766964676,0.0,0.0,-0.4107605,-0.15113899,-0.061491318,0.01689388,0.20626578,0.0073818006
1779787515766964676,1779787516785069438,0.0,0.0,-0.47913006,-0.18742995,-0.029914157,0.026507901,0.20827512,0.006323547
1779787516785069438,1779787517793135119,0.0,0.0,-0.37673166,-0.113304324,0.018973306,0.0797345,0.30675605,0.005040254
1779787517793135119,1779787518803164883,0.0,0.0,-0.32059112,-0.1624112,-0.022811636,0.032612678,0.2541238,0.005042505
1779787518803164883,1779787519807148550,0.0,0.0,-0.33816752,-0.13479483,-0.0072926646,0.047223594,0.2723902,0.006384775
1779787519807148550,1779787520826837022,-0.07830071782075741,0.0020605452058070363,-0.48144594,-0.2205161,-0.10390308,-0.043181382,0.1043326,0.006175473
1779787520826837022,1779787521836887977,0.0,0.0,-0.4077705,-0.13660012,-0.043104492,0.022629727,0.23881629,0.0055806977
1779787521836887977,1779787522850989153,0.0,0.0,-0.32770684,-0.115476996,-0.00942824,0.058629926,0.30773777,0.0072428295
1779787522850989153,1779787523863107701,0.0,0.0,-0.33113682,-0.13574623,-0.040950794,0.01791591,0.18135227,0.0033053623
1779787523863107701,1779787524878604439,0.0,0.0,-0.48771656,-0.25277868,-0.058852192,0.0065650055,0.22212434,0.0010145996
1779787524878604439,1779787525881264321,0.0,0.0,-0.31378037,-0.056732085,0.035202533,0.08958343,0.29381365,0.007817322
1779787525881264321,1779787526896982776,0.0,0.0,-0.29332027,-0.08976869,-0.007698379,0.07447987,0.24725175,0.009276318
1779787526896982776,1779787527900748711,0.0,0.0,-0.4113892,-0.12312377,-0.0424418,0.024326114,0.2733542,0.0063600526
1779787527900748711,1779787528907865051,1.1483490863318169,0.030219712798584236,-0.50472254,-0.21294282,-0.11864493,-0.04958426,0.12022554,0.0044513345
1779787528907865051,1779787529932738405,0.0,0.0,-0.4376551,-0.23998906,-0.10142048,-0.032145914,0.12505773,0.0045280964
1779787529932738405,1779787530936878594,0.0,0.0,-0.26572767,0.0021045033,0.10723746,0.18015501,0.3229506,0.005606212
1779787530936878594,1779787531953111005,0.0,0.0,-0.33959112,-0.12756065,-0.006154369,0.05431492,0.28080642,0.0047230837
1779787531953111005,1779787532978801618,0.0,0.0,-0.2709033,-0.026938273,0.0978928,0.14390896,0.3190049,0.005000179
1779787533982507471,1779787534986898234,0.0,0.0,-0.22281966,-0.05976288,0.020994669,0.088493764,0.24337308,0.005439788
1779787534986898234,1779787535992540891,0.6915051852606947,0.019757291007290893,-0.44849774,-0.17316338,-0.03583117,0.022171618,0.1866066,0.008644695
1779787535992540891,1779787536996996744,0.3392114768611607,0.00827345065519511,-0.36485764,-0.17558397,-0.004827516,0.05804571,0.23144844,0.007747443
1779787536996996744,1779787538001126760,0.03913904537228207,0.0010578120371232326,-0.38486543,-0.18601048,-0.04956954,0.018019345,0.24377602,0.0045746784
1779787538001126760,1779787539017156403,0.8479750361226659,0.022315132529184357,-0.31676856,-0.11689158,-0.017282378,0.04439913,0.22084984,0.0019897146
1779787539017156403,1779787540028740045,0.0,0.0,-0.46813887,-0.23352744,-0.10079763,-0.03891051,0.14657868,0.0037096133
1779787541036938727,1779787542052762241,-0.8871140814955931,0.023345107407435922,-0.39330316,-0.11332679,-0.016052732,0.07599838,0.2270872,0.005436143
1779787542052762241,1779787543052928657,0.0,0.0,-0.35595357,-0.082814254,0.03439036,0.10692015,0.31826708,0.0022978073
1779787543052928657,1779787544059165936,0.0,0.0,-0.41626006,-0.17130163,-0.0509713,0.004212786,0.23692068,0.0080209235
1779787544059165936,1779787545073022193,0.0,0.0,-0.32121107,-0.12765631,0.022408208,0.07566774,0.25752792,0.007624612
1779787545073022193,1779787546098980242,0.0,0.0,-0.4971188,-0.23764004,-0.13659863,-0.0651514,0.103439435,0.0031554126
1779787546098980242,1779787547108787360,0.0,0.0,-0.5275951,-0.25450462,-0.12821838,-0.05565318,0.08988276,0.004900162
1779787547108787360,1779787548132837173,0.0,0.0,-0.40434775,-0.16394992,-0.06280236,0.008327922,0.194519,0.008038451
1779787548132837173,1779787549151180085,0.0,0.0,-0.57054496,-0.27841458,-0.15341924,-0.07690313,0.07415476,0.0035960316
1779787549151180085,1779787550153099287,0.0,0.0,-0.33204392,-0.12029112,0.012060602,0.06673031,0.27775207,0.003366663
1779787550153099287,1779787551158819829,0.0,0.0,-0.32267112,-0.13564627,-0.012819404,0.0454119,0.22728331,0.0023511332
1779787551158819829,1779787552167235374,0.0,0.0,-0.3456584,-0.096416555,0.0037581301,0.053664777,0.27498883,0.008790512
1779787552167235374,1779787553191171165,0.0,0.0,-0.3581707,-0.12807901,-0.036613718,0.043321256,0.2406768,0.010107791
1779787553191171165,1779787554218833699,0.0,0.0,-0.33042836,-0.09678891,0.010904694,0.07556636,0.284668,0.008844374
1779787554218833699,1779787555220774359,0.0,0.0,-0.35631618,-0.1443335,-0.041250646,0.032696493,0.23261131,0.005768745
1779787555220774359,1779787556230892766,0.0,0.0,-0.44952422,-0.2068516,-0.056878302,0.0070442487,0.15714495,0.005657866
1779787556230892766,1779787557233072243,0.0,0.0,-0.46925166,-0.21340472,-0.11742362,-0.052114423,0.17660552,0.0066897026
1779787557233072243,1779787558240986481,0.0,0.0,-0.5089365,-0.23771928,-0.084390834,-0.025401425,0.12955272,0.005718232
1779787558240986481,1779787559244893505,0.0,0.0,-0.41149026,-0.151682,-0.023639185,0.027283965,0.2302974,0.0061100717
1779787559244893505,1779787560266973873,0.0,0.0,-0.31364703,-0.041098714,0.06319715,0.1324238,0.2956595,0.0043683923
1779787560266973873,1779787561266975552,0.0,0.0,-0.3236076,-0.10927732,-0.029674117,0.020382343,0.1940747,0.0048003886
1779787561266975552,1779787562280912472,0.0,0.0,-0.22319211,-0.06745235,0.04831062,0.104742475,0.27107412,0.0071752667
1779787562280912472,1779787563300981413,0.0,0.0,-0.34189194,-0.14494993,0.011575784,0.06910303,0.30065855,0.006737762
1779787684538937610,1779787685543022060,0.0,0.0,-0.4410769,-0.1859107,-0.07550953,-0.0050882255,0.15622826,0.004763667
1779787685543022060,1779787686562988018,0.0,0.0,-0.41372135,-0.17236061,-0.04597284,0.01069927,0.18028532,0.0074278875
1779787686562988018,1779787687576830059,0.11734105176678981,0.003087922415078101,-0.3913169,-0.13670938,-0.028117742,0.03151952,0.22975704,0.00515809
1779787687576830059,1779787688594954152,-0.5606418960034512,0.014753734105298871,-0.4511896,-0.1862497,-0.064338855,-0.0014121622,0.1953707,0.007535151
1779787689615320783,1779787690616956183,0.0,0.0,-0.3496493,-0.07003584,0.040589284,0.09165242,0.30814317,0.008503807
1779787690616956183,1779787691627005321,0.0,0.0,-0.25906143,-0.023877267,0.07314161,0.13208285,0.29417554,0.009480679
1779787691627005321,1779787692634882521,0.0,0.0,-0.3597715,-0.16884033,-0.019663595,0.04928695,0.25226274,0.0023423138
1779787693640786893,1779787694653298410,0.0,0.0,-0.43267462,-0.18858312,-0.070458725,0.0019628345,0.17007896,0.004003649
1779787694653298410,1779787695666854556,-1.0952981079891921,0.028823634421003497,-0.28812957,-0.10079068,-0.000483792,0.07071728,0.19611634,0.0032155146
1779787695666854556,1779787696671293096,0.0,0.0,-0.29487854,-0.08197073,0.06581657,0.11862508,0.31748495,0.006495264
1779787696671293096,1779787697677245175,0.0,0.0,-0.25560358,-0.053206343,0.06849304,0.123401135,0.3649812,0.003139667
1779787697677245175,1779787698686718884,0.0,0.0,-0.36792165,-0.16262168,-0.071649715,-0.012468252,0.15283176,0.0037622745
1779787698686718884,1779787699690908098,0.0,0.0,-0.29662374,-0.08259129,0.03148609,0.10681227,0.26901057,0.007442176
1779787700694955158,1779787701707697106,0.0,0.0,-0.29802507,-0.068930484,0.016158242,0.1095782,0.25140762,0.0059209727
1779787701707697106,1779787702731154218,0.0,0.0,-0.3812617,-0.15551458,-0.032501426,0.037311587,0.24797286,0.0038145555
1779787703757488808,1779787704758820028,0.0,0.0,-0.41139728,-0.17045395,-0.07066216,-0.016144175,0.21631253,0.0076696705
1779787704758820028,1779787705775293532,0.0,0.0,-0.2837875,-0.08390718,0.050481,0.11757219,0.27296522,0.007468811
1779787705775293532,1779787706782841305,0.0,0.0,-0.3464549,-0.12595677,-0.045822397,0.038980935,0.21593331,0.00724858
1779787706782841305,1779787707785033100,0.0,0.0,-0.34648103,-0.105329186,-0.0015282172,0.066154465,0.2494121,0.006176362
1779787707785033100,1779787708800772992,0.0,0.0,-0.37695935,-0.1332189,-0.020111484,0.045129262,0.23186308,0.00970516
1779787708800772992,1779787709813233213,0.0,0.0,-0.3768597,-0.14055605,-0.03730377,0.027758567,0.2084238,0.006985101
1779787709813233213,1779787710814919961,0.0,0.0,-0.28847566,-0.121895544,-0.0156075,0.031361755,0.20917805,0.003815219
1779787710814919961,1779787711826985345,0.0,0.0,-0.3623558,-0.12039966,-0.035624743,0.028575478,0.23302576,0.0032918227
1779787711826985345,1779787712829177244,0.0,0.0,-0.31458667,-0.044042733,0.03320963,0.09476333,0.3134702,0.004759917
1779787712829177244,1779787713855230380,0.0,0.0,-0.3990395,-0.17613682,-0.07618776,0.0063699395,0.20674422,0.0032880278
1779787713855230380,1779787714860819421,-0.9389224437393412,0.024708485361594958,-0.4340498,-0.2047194,-0.0596782,0.0005693345,0.20833783,0.0045750313
1779787715882698361,1779787716908905466,0.0,0.0,-0.24321042,-0.0063306326,0.10609898,0.1698601,0.30056232,0.0073992037
1779787716908905466,1779787717910757739,0.0,0.0,-0.20564653,-0.020625778,0.08876138,0.15291226,0.29110193,0.006533111
1779787717910757739,1779787718912729843,0.0,0.0,-0.31908223,-0.12158893,-0.012376598,0.04884244,0.20713282,0.0062223305
1779787718912729843,1779787719921138007,0.0,0.0,-0.35170317,-0.098863415,-0.0010419992,0.06290096,0.20856853,0.0055798003
1779787719921138007,1779787720929236688,0.0,0.0,-0.4147175,-0.21211381,-0.08202921,-0.027986057,0.21189778,0.0039633033
1779787720929236688,1779787721955307330,0.0,0.0,-0.39867964,-0.124386586,-0.05195015,0.012992518,0.25739765,0.0032767372
1779787721955307330,1779787722958988710,0.0,0.0,-0.52882105,-0.29401687,-0.111967795,-0.049577635,0.14145981,0.004487807
1779787722958988710,1779787723970694614,0.0,0.0,-0.31934434,-0.062852256,0.04538503,0.10378343,0.3403043,0.01181566
1779787723970694614,1779787724981475018,0.0,0.0,-0.32169506,-0.12752487,-0.041541565,0.030577783,0.18246417,0.0046611824
1779787726006919806,1779787727012952582,0.0,0.0,-0.30200645,-0.04665949,0.047982536,0.12101225,0.30474165,0.0043347366
1779787727012952582,1779787728013333107,0.0,0.0,-0.31027925,-0.07047545,0.028024595,0.095986046,0.27278015,0.008552788
1779787728013333107,1779787729038841126,0.0,0.0,-0.3083885,-0.08934693,0.018508736,0.07943695,0.26916358,0.0062442184
1779787729038841126,1779787730053478509,0.0,0.0,-0.29473272,-0.07966033,0.013083566,0.07903679,0.3098562,0.00375834
1779787730053478509,1779787731067545885,0.0,0.0,-0.33847246,-0.1027641,-0.012285223,0.05632371,0.20314276,0.005858957
1779787731067545885,1779787732087319822,0.0,0.0,-0.38256586,-0.15590198,-0.056226525,0.014591767,0.25972265,0.0039025089
1779787735377400478,1779787736387118618,0.0,0.0,-0.29087198,-0.07539723,0.037322223,0.10427093,0.30450502,0.006796926
1779787736387118618,1779787737449415207,0.0,0.0,-0.33716005,-0.09441348,0.0120999785,0.06269694,0.30411655,0.0047109034
1779787737449415207,1779787738457204834,0.0,0.0,-0.34189838,-0.10315202,-0.019831413,0.0627306,0.20995164,0.0069580167
1779787738457204834,1779787739476408759,0.3781867121276481,0.009952281898244719,-0.25687453,-0.032495525,0.07111798,0.12886314,0.36229578,0.0038655968
1779787739476408759,1779787740481120244,0.5346533621842577,0.01485148228249263,-0.4647628,-0.20248178,-0.08915697,-0.029719325,0.14928003,0.0058445567
1779787740481120244,1779787741508383871,1.004027847621292,0.025100696190882843,-0.28972417,-0.07657012,0.04162811,0.1162936,0.2717987,0.0073484876
1779787741508383871,1779787742508959626,0.0,0.0,-0.32143107,-0.063854806,0.021291817,0.08325779,0.3095722,0.0038646874
1779787742508959626,1779787743521180033,0.0,0.0,-0.3247499,-0.10816049,-0.026736045,0.057916217,0.24175587,0.008303911
1779787866429743634,1779787867472666160,1.2119269261992487,0.035644909593891744,-0.2681471,0.0046847975,0.10278332,0.1609125,0.32850823,0.0067293122
1779787867472666160,1779787868515293895,0.8599880779678604,0.016226190150508236,-0.39462647,-0.1476704,-0.0024481895,0.060905073,0.19551295,0.0071531227
1779787868515293895,1779787869538959419,0.1824122059863158,0.0033165855632753187,-0.393455,-0.15107761,-0.0009804609,0.06559038,0.2083186,0.007531544
1779787869538959419,1779787870547071421,0.0,0.0,-0.3751466,-0.129655,-0.001957306,0.05731973,0.2549036,0.0017901644
1779787870547071421,1779787871563057341,0.0,0.0,-0.3627084,-0.15542331,-0.04570205,0.017417515,0.19580695,0.0014521272
1779787871563057341,1779787872570864146,0.026058614946107877,0.0007042868904288507,-0.34810358,-0.11756393,-0.016148444,0.04882469,0.22228536,0.0071077
1779787872570864146,1779787873594935668,0.0,0.0,-0.3602042,-0.12965263,-0.044382684,0.026438339,0.21921188,0.0027740325
1779787874597596218,1779787875613593124,0.0,0.0,-0.38094053,-0.15293956,-0.06268544,-0.006247913,0.18809353,0.0026611262
1779787875613593124,1779787876615107109,0.0,0.0,-0.2615243,-0.047813226,0.08467601,0.1315312,0.35360578,0.0043832753
1779787876615107109,1779787877634809017,0.0,0.0,-0.51251274,-0.23961699,-0.09358528,-0.034701455,0.13192557,0.0029867275
1779787877634809017,1779787878636846290,0.0,0.0,-0.36243823,-0.11517399,-0.01113853,0.04218653,0.22224271,0.003383825
1779787878636846290,1779787879643016255,-0.7557274042716959,0.019887563270122664,-0.31604084,-0.06840593,0.022537116,0.09065988,0.26662338,0.00807475
1779787879643016255,1779787880667559771,0.0,0.0,-0.35312784,-0.16715667,-0.04672842,0.007474807,0.24471806,0.005796908
1779787880667559771,1779787881692938703,-0.18242551664484558,0.004800671490743836,-0.43054107,-0.1715541,-0.06590909,-0.0050259875,0.1855619,0.0030402406
1779787881692938703,1779787882714817871,0.0,0.0,-0.2995484,-0.08794134,0.019609287,0.07052294,0.28422195,0.0071864007
1779787882714817871,1779787883737155246,0.0,0.0,-0.24684231,-0.0156811,0.06062192,0.12715414,0.3075204,0.008579291
1779787883737155246,1779787884744955015,0.0,0.0,-0.35564217,-0.1389809,-0.042226627,0.018175617,0.22027965,0.0059194798
1779787885760751394,1779787886769657406,-0.5213040683099985,0.013718528113259548,-0.39736733,-0.18052241,-0.08976769,-0.012571197,0.14840883,0.006510434
1779787886769657406,1779787887781011095,0.0,0.0,-0.4281314,-0.19807297,-0.1017626,-0.037766475,0.12131714,0.005519076
1779787887781011095,1779787888789525593,0.0,0.0,-0.3404809,-0.137614,-0.01791542,0.056857377,0.24976,0.0037183843
1779787888789525593,1779787889806830626,0.0,0.0,-0.43966717,-0.20318007,-0.09969936,-0.01996935,0.16116971,0.0021929038
1779787889806830626,1779787890814949775,0.0,0.0,-0.45714158,-0.20789012,-0.05839861,0.022030953,0.23384054,0.0079490235
1779787890814949775,1779787891835496400,0.0,0.0,-0.39130494,-0.13815083,-0.027283406,0.034403376,0.24552411,0.00408285
1779787891835496400,1779787892841262610,0.0,0.0,-0.32557392,-0.14025427,-0.038475845,0.03529279,0.21615808,0.0064214263
1779787892841262610,1779787893848906870,1.2250214556984211,0.032237406728647125,-0.34162715,-0.12596533,0.00037811778,0.07283749,0.2724094,0.0022395437
1779787893848906870,1779787894873043814,0.0,0.0,-0.28272247,-0.06173752,0.0783646,0.12912028,0.2752753,0.007962081
1779787894873043814,1779787895884927962,0.0,0.0,-0.4402526,-0.140802,-0.045667548,0.028481048,0.18408945,0.005113222
1779787895884927962,1779787896889150670,0.0,0.0,-0.50816476,-0.20491672,-0.084940664,-0.022300575,0.2043002,0.0045181816
1779787896889150670,1779787897911348024,0.0,0.0,-0.43143016,-0.16971423,-0.07527374,-0.006260253,0.17404172,0.0047398424
1779787897911348024,1779787898928824342,0.0,0.0,-0.30090168,-0.05826184,0.029630307,0.08395274,0.3149859,0.0051724515
1779787898928824342,1779787899937014311,0.0,0.0,-0.280891,-0.028617444,0.07790882,0.13361907,0.34908825,0.008531181
1779787899937014311,1779787900950905223,0.24759248883870588,0.0066916888875702225,-0.4672172,-0.2566283,-0.0977895,-0.031640824,0.14305799,0.003911207
1779787900950905223,1779787901954899313,0.23455565062041428,0.006339341908589379,-0.35061067,-0.0710679,0.017610878,0.083151296,0.28881663,0.008394479
1779787901954899313,1779787902956759910,0.0,0.0,-0.40607947,-0.1263082,-0.016499573,0.044695158,0.24440205,0.008241582
1779787903981045230,1779787904987777746,0.0,0.0,-0.49228907,-0.269085,-0.1121413,-0.040672634,0.18970571,0.004540895
1779787904987777746,1779787905988800236,0.0,0.0,-0.4068627,-0.1902298,-0.08908239,-0.028635126,0.15895097,0.0022280603
1779787906999346486,1779787908045575763,-0.5733956164188059,0.015497178821892181,-0.27742335,-0.076973945,0.015214196,0.08847786,0.26564872,0.0071405494
1779787908045575763,1779787909055177078,-0.5734284965553711,0.014703294783639619,-0.44753873,-0.18576574,-0.052598983,0.009803582,0.19322781,0.0067586955
1779787909055177078,1779787910065021112,0.0,0.0,-0.28820863,-0.07543248,0.018894808,0.085032925,0.26607653,0.008462015
1779787912102633156,1779787913121208882,0.0,0.0,-0.4601549,-0.19153972,-0.0941546,-0.032044485,0.15304963,0.0052693863
1779787913121208882,1779787914123167952,0.0,0.0,-0.37976167,-0.114080526,-0.029736027,0.03881972,0.28699532,0.0073485062
1779787914123167952,1779787915128818497,0.0,0.0,-0.50883895,-0.27247944,-0.11031638,-0.04550589,0.1755673,0.005345356
1779787915128818497,1779787916133057794,0.0,0.0,-0.36093336,-0.1424447,-0.047019105,0.023712456,0.20739773,0.008766598
1779787916133057794,1779787917153246153,-0.7429468926746219,0.019551234017487366,-0.3399524,-0.1053851,-0.0008832546,0.06921179,0.258223,0.0028915743
1779787917153246153,1779787918174894327,0.0,0.0,-0.34549102,-0.10710155,0.016494324,0.067500964,0.24411787,0.0060359254
1779787919193567608,1779787920196779955,0.0,0.0,-0.351248,-0.17118527,-0.041343164,0.02305324,0.22127019,0.0013044126
1779787920196779955,1779787921198753897,0.0,0.0,-0.4012386,-0.12909476,-0.0003011599,0.053912796,0.21543849,0.0031116314
1779787921198753897,1779787922199050781,0.0,0.0,-0.28016102,-0.031788066,0.06688992,0.13830824,0.4046346,0.0072544217
1779787922199050781,1779787923215112317,0.0,0.0,-0.3503536,-0.15182738,-0.049887147,0.0101005435,0.1992086,0.004302352
1779788225113975169,1779788226124452777,0.0,0.0,-0.41773862,-0.1678495,-0.043464743,0.018642707,0.22718932,0.008342803
1779788226124452777,1779788227134306054,-0.7562437377170619,0.021006770492487052,-0.32887265,-0.14608794,-0.04257596,0.015441874,0.19667056,0.0035368174
1779788229380360228,1779788230386583230,0.0,0.0,-0.37372312,-0.1522259,-0.004374913,0.05504391,0.24960028,0.006479074
1779788230386583230,1779788231392394000,0.0,0.0,-0.36719784,-0.12792659,-0.05435033,0.019113226,0.20790046,0.004200442
1779788231392394000,1779788232404412076,0.0,0.0,-0.3777272,-0.13066073,-0.0032408861,0.052177664,0.25522026,0.004909035
1779788232404412076,1779788233426562960,0.0,0.0,-0.41965616,-0.18441416,-0.05934604,0.0035494876,0.16423692,0.004577772
1779788233426562960,1779788234432677972,0.0,0.0,-0.29975188,-0.05061471,0.050570834,0.11207444,0.31478393,0.009079589
1779788234432677972,1779788235452692542,0.0,0.0,-0.3376188,-0.12251016,-0.030631062,0.046056326,0.19673495,0.004996326
1779788235452692542,1779788236458515832,0.0,0.0,-0.26279533,-0.086338826,-0.007610994,0.06496723,0.24824443,0.0052843457
1779788237461109243,1779788238470327827,0.0,0.0,-0.4579579,-0.18600334,-0.07408864,-0.0049937023,0.15588713,0.00433888
1779788238470327827,1779788239484259398,0.6520158702968331,0.01715831237653357,-0.35422876,-0.09418214,-0.0020879875,0.055569854,0.257971,0.007101795
1779788239484259398,1779788240506539783,0.0,0.0,-0.2959552,-0.07488864,0.015219281,0.07004697,0.19993924,0.0048935446
1779788240506539783,1779788241526510153,0.0,0.0,-0.28980428,-0.0075021936,0.10097923,0.1506292,0.32853293,0.005209041
1779788241526510153,1779788242540660772,0.0,0.0,-0.44391528,-0.20891123,-0.08050855,-0.019829664,0.17785951,0.004907602
1779788242540660772,1779788243546259848,0.0,0.0,-0.3100279,-0.105537176,-0.02776027,0.03809586,0.23124868,0.004202002
1779788243546259848,1779788244554454764,0.0,0.0,-0.38507983,-0.15847701,-0.020711705,0.042887732,0.2559843,0.0049674516
1779788244554454764,1779788245556801304,0.0,0.0,-0.34032956,-0.097606264,-0.019027893,0.06459737,0.27162293,0.008506457
1779788245556801304,1779788246564685739,0.0,0.0,-0.4338791,-0.23346567,-0.10937,-0.04693382,0.12302258,0.008267974
1779788246564685739,1779788247572260552,0.0,0.0,-0.44192943,-0.19556583,-0.10404208,-0.020157743,0.12664297,0.004418341
1779788247572260552,1779788248576326046,0.0,0.0,-0.38411117,-0.1623995,-0.07423048,-0.0067467745,0.19841123,0.0036755602
1779788248576326046,1779788249582390487,0.0,0.0,-0.32064602,-0.13118772,-0.03058471,0.04065495,0.25102186,0.0044295997
1779788249582390487,1779788250596657258,0.0,0.0,-0.26618007,-0.057430048,0.050547738,0.10973349,0.31350276,0.007466512
1779788250596657258,1779788251608347044,0.0,0.0,-0.4108984,-0.15973653,-0.045758948,0.017416513,0.23414381,0.0063211736
1779788251608347044,1779788252614361993,0.0,0.0,-0.3774884,-0.13390645,-0.02852075,0.033202607,0.2535095,0.002227018
1779788252614361993,1779788253626500482,0.0,0.0,-0.48412797,-0.24488603,-0.06728476,0.007468905,0.19259652,0.0027802598
1779788253626500482,1779788254634464034,0.0,0.0,-0.26184323,-0.025216646,0.079595834,0.13273,0.3469359,0.009306858
1779788254634464034,1779788255640633040,0.0,0.0,-0.4482577,-0.22953755,-0.047998726,0.014462346,0.23482414,0.0041618585
1779788255640633040,1779788256668359612,0.0,0.0,-0.396922,-0.17009993,-0.05860963,0.028388156,0.18415706,0.0036797812
1779788256668359612,1779788257676332915,0.0,0.0,-0.15269162,0.020711204,0.099086955,0.16345721,0.35325918,0.008983192
1779788257676332915,1779788258682290117,0.0,0.0,-0.3078253,-0.08241192,0.045674525,0.11905445,0.30453834,0.0039544734
1779788259692693712,1779788260698259350,0.0,0.0,-0.35980767,-0.13922398,-0.018674713,0.048161227,0.23055167,0.00504482
1779788260698259350,1779788261718581053,0.0,0.0,-0.2769562,-0.009674161,0.09504606,0.15373589,0.3229308,0.006901032
1779788261718581053,1779788262728350949,0.0,0.0,-0.26169953,-0.0283506,0.07836133,0.14926104,0.3157995,0.005583553
1779788262728350949,1779788263746206908,0.0,0.0,-0.24850146,0.013921845,0.101186335,0.17844458,0.38997003,0.005696763
1779788263746206908,1779788264754666113,0.0,0.0,-0.42826256,-0.19613537,-0.09234975,-0.03707311,0.19317257,0.0058164
1779788264754666113,1779788265770697532,0.0,0.0,-0.4206185,-0.1819971,-0.067416914,-0.0031081752,0.18186535,0.009854192
1779788265770697532,1779788266794646934,0.0,0.0,-0.3457699,-0.15503079,-0.042088926,0.017839,0.23564407,0.0050900937
1779788266794646934,1779788267808418669,0.0,0.0,-0.38780883,-0.121564694,-0.017457101,0.03756007,0.20572747,0.0017985995
1779788268826609015,1779788269836337453,0.0,0.0,-0.42581484,-0.17144735,-0.07571283,-0.0066881753,0.21725917,0.0049909614
1779788269836337453,1779788270846702971,0.0,0.0,-0.2464922,-0.029756043,0.10961634,0.15951103,0.29240888,0.010467368
1779788270846702971,1779788271852438631,0.0,0.0,-0.32107747,-0.13199784,-0.04223295,0.023537897,0.18222317,0.0066571995
1779788272877065803,1779788273898966994,0.0,0.0,-0.3517863,-0.11187152,-0.022260498,0.046939466,0.23120093,0.004760254
1779788274908509518,1779788275926711725,0.0,0.0,-0.40760583,-0.16464853,-0.069624715,-0.005197119,0.21573153,0.0019555378
1779788276947677001,1779788277960497297,-0.652136628071409,0.023290593859875183,-0.3743391,-0.14885883,-0.00060143333,0.06709789,0.20653044,0.00839407
1779788277960497297,1779788278979366635,0.0,0.0,-0.20179527,-0.0071786973,0.084846325,0.17046681,0.30820596,0.0065668696
1779788278979366635,1779788279991915608,0.0,0.0,-0.31986645,-0.09103146,0.0019048421,0.057437815,0.23403284,0.0097464
1779788279991915608,1779788280992071410,0.0,0.0,-0.3975396,-0.14327197,-0.040077545,0.03480419,0.2119628,0.008109112
1779788280992071410,1779788281999697168,0.0,0.0,-0.3464059,-0.15414165,-0.03663721,0.023106428,0.22337483,0.0015754779
1779788587002411100,1779788588202977307,0.0,0.0,-0.2680005,-0.058147043,0.050503463,0.12904489,0.27730432,0.0058436417
1779788588202977307,1779788589374861344,0.0,0.0,-0.38580856,-0.13788642,-0.032198306,0.052828927,0.20541243,0.0062556206
1779788589374861344,1779788590394895687,0.0,0.0,-0.39191267,-0.11154608,-0.0041106576,0.08040889,0.23988484,0.0061613275
1779788590394895687,1779788591403944593,0.0,0.0,-0.3950312,-0.18891296,-0.089851625,-0.020949857,0.18619612,0.005437033
1779788591403944593,1779788592404461164,0.0,0.0,-0.39348084,-0.13308978,-0.0050173327,0.052488457,0.31633702,0.0035405026
1779788592404461164,1779788593410577087,0.0,0.0,-0.34223622,-0.1436224,-0.037379984,0.023820324,0.18896903,0.0018461787
1779788593410577087,1779788594422532453,0.0,0.0,-0.3767268,-0.14636087,-0.036786646,0.043221038,0.19288854,0.0033863476
1779788594422532453,1779788595437631933,0.0,0.0,-0.3336186,-0.11842274,-0.02969707,0.047162876,0.17631663,0.0032541936
1779788595437631933,1779788596461016786,0.0,0.0,-0.26365238,-0.008480391,0.08262129,0.1639722,0.29787287,0.008919407
1779788596461016786,1779788597466866134,0.0,0.0,-0.461438,-0.23447898,-0.10887209,-0.036800385,0.15264547,0.0042941254
1779788597466866134,1779788598480385837,0.0,0.0,-0.4148655,-0.18158126,-0.087473534,-0.026863998,0.15527686,0.0014598257
1779788598480385837,1779788599508623570,0.0,0.0,-0.33668822,-0.056375124,0.046795767,0.107418805,0.31419706,0.00286375
1779788599508623570,1779788600524492996,0.0,0.0,-0.5198834,-0.26311022,-0.1441382,-0.07819916,0.16858292,0.0058800853
1779788600524492996,1779788601548357105,0.0,0.0,-0.35593516,-0.10433529,0.0068855505,0.07275327,0.22155756,0.0062021143
1779788601548357105,1779788602556858577,0.0,0.0,-0.34099516,-0.13265386,-0.0067746043,0.06842588,0.26906872,0.004351165
1779788602556858577,1779788603584359713,0.0,0.0,-0.32639465,-0.09661683,0.0042811823,0.0605626,0.24319792,0.0045675593
1779788603584359713,1779788604590913778,0.0,0.0,-0.44283193,-0.19318229,-0.076793276,-0.012171991,0.15640122,0.0051527964
1779788604590913778,1779788605596463744,0.0,0.0,-0.25952074,-0.0580727,0.061387092,0.12094761,0.29694462,0.0067697037
1779788605596463744,1779788606612373365,-0.5217719114406898,0.013730839774657517,-0.33596325,-0.12439749,-0.003435812,0.054524284,0.2343856,0.008151465
1779788606612373365,1779788607632483364,0.0,0.0,-0.3274284,-0.10579714,-0.0070776073,0.05467904,0.22332692,0.0046603773
1779788607632483364,1779788608653008485,0.0,0.0,-0.50404006,-0.24949408,-0.11154318,-0.039805125,0.16663621,0.0046280343
1779788608653008485,1779788609654466287,0.0,0.0,-0.39554003,-0.14615464,-0.063857235,0.015551607,0.20553978,0.005951934
1779788609654466287,1779788610658575414,0.0,0.0,-0.4437315,-0.16389704,-0.021610029,0.03562523,0.19615021,0.0034649957
1779788610658575414,1779788611668461848,0.0,0.0,-0.40654993,-0.15395944,-0.04021245,0.030566491,0.19360498,0.0049801306
1779788611668461848,1779788612690540680,0.0,0.0,-0.44312525,-0.12685162,-0.0046346895,0.065854825,0.25349125,0.0046163388
1779788612690540680,1779788613694607214,0.0,0.0,-0.3118481,-0.109663695,-0.022298194,0.03923556,0.21467386,0.0044450173
1779788613694607214,1779788614708467029,0.0,0.0,-0.28029278,-0.066329986,0.05504048,0.11375042,0.36358085,0.0021655003
1779788614708467029,1779788615716835455,0.0,0.0,-0.4502003,-0.20410088,-0.10449327,-0.043048415,0.15678817,0.005728934
1779788616730311954,1779788617732639734,0.0,0.0,-0.3880888,-0.13690694,0.001942003,0.05741843,0.262874,0.0050525884
1779788618740775076,1779788619764492006,0.0,0.0,-0.5046514,-0.24428338,-0.09036019,-0.011097893,0.15810044,0.0018648098
1779788619764492006,1779788620784498370,0.0,0.0,-0.41102353,-0.1665109,-0.038687125,0.031094769,0.2044752,0.00287747
1779788620784498370,1779788621792528068,0.0,0.0,-0.3106323,-0.07947397,0.042081855,0.09698909,0.28699023,0.008409822
1779788621792528068,1779788622800281304,0.0,0.0,-0.34279218,-0.06732944,0.029626202,0.08511797,0.31885892,0.0051510516
1779788623810520816,1779788624822627449,0.0,0.0,-0.37558517,-0.1255728,-0.0028223416,0.061100163,0.27529782,0.0018749589
1779788624822627449,1779788625842394326,0.0,0.0,-0.36868873,-0.12814689,-0.05300521,0.021757694,0.18785912,0.0045320126
1779788625842394326,1779788626866596211,0.0,0.0,-0.5077376,-0.23959853,-0.10534013,-0.04528283,0.16993237,0.005985434
1779788627868073616,1779788628870709255,0.0,0.0,-0.4102614,-0.1500598,-0.061473917,0.00692845,0.17075406,0.006816084
1779788628870709255,1779788629886256730,0.0,0.0,-0.45742399,-0.19875568,-0.050458252,0.018091567,0.23339336,0.007209901
1779788629886256730,1779788630888758633,0.0,0.0,-0.41962525,-0.13109182,-0.015004201,0.06345091,0.23388071,0.006096632
1779788630888758633,1779788631912531969,0.0,0.0,-0.43590903,-0.19206956,-0.09806097,-0.033486832,0.13826206,0.0056363484
1779788631912531969,1779788632914614921,0.0,0.0,-0.2856731,-0.012258187,0.09482468,0.1456897,0.3183526,0.0052229213
1779788632914614921,1779788633928466317,0.0,0.0,-0.41436613,-0.1457588,-0.06348331,0.016409645,0.21113123,0.0015708349
1779788633928466317,1779788634932578203,0.0,0.0,-0.3228326,-0.11126255,-0.0066209454,0.0682317,0.22168666,0.0028115483
1779788634932578203,1779788635960185901,0.0,0.0,-0.2763334,-0.0045800097,0.08906924,0.16997539,0.37893328,0.0015997051
1779788635960185901,1779788636962679604,0.0,0.0,-0.25981596,-0.023525113,0.06053724,0.117525,0.3485354,0.006148593
1779788636962679604,1779788637964545688,0.0,0.0,-0.37576714,-0.14490862,-0.011306256,0.05262936,0.26656848,0.0030088746
1779788637964545688,1779788638972718263,0.0,0.0,-0.36895397,-0.17033994,-0.056337986,0.015005087,0.19939892,0.0037411805
1779788638972718263,1779788639982584636,0.0,0.0,-0.37978286,-0.14429018,-0.001857627,0.074489415,0.2578521,0.0033506071
1779788639982584636,1779788641006307169,0.0,0.0,-0.4622678,-0.18285508,-0.04459247,0.026287502,0.2671861,0.009426255
1779788642012375632,1779788643020494884,0.0,0.0,-0.49040338,-0.25217924,-0.11797025,-0.06657229,0.10648617,0.006538527
1779788764500549636,1779788765502400866,0.0,0.0,-0.38639536,-0.14322537,-0.039396543,0.042360995,0.2016852,0.003618322
1779788765502400866,1779788766518614346,0.0,0.0,-0.34221095,-0.11883713,0.010316347,0.07224849,0.25025082,0.010118339
1779788766518614346,1779788767532050051,0.0,0.0,-0.44775093,-0.1954603,-0.045719337,0.011279149,0.19811128,0.000507619
1779788767532050051,1779788768554491017,0.0,0.0,-0.35315645,-0.14658345,-0.022681305,0.048407335,0.24100946,0.0069122515
1779788768554491017,1779788769558374160,0.0,0.0,-0.452882,-0.16949934,-0.057260267,0.0031433066,0.17789312,0.007991653
1779788769558374160,1779788770566592358,0.0,0.0,-0.3783679,-0.077504486,0.034124423,0.09162151,0.30209956,0.0062821046
1779788770566592358,1779788771575493376,0.0,0.0,-0.33908388,-0.11786495,-0.018365573,0.047272608,0.22130775,0.0058394736
1779788772579838012,1779788773585094324,0.0,0.0,-0.4935504,-0.22835197,-0.11854642,-0.05500523,0.12972815,0.0069148857
1779788773585094324,1779788774593920085,0.0,0.0,-0.3325848,-0.10308574,-0.017215427,0.06886372,0.21636958,0.0070601455
1779788774593920085,1779788775606386354,0.0,0.0,-0.31765753,-0.14649455,-0.03928529,0.020988604,0.20914483,0.0038125203
1779788775606386354,1779788776610493806,0.0,0.0,-0.34432268,-0.11421261,-0.013278935,0.049472474,0.28846437,0.0050522434
1779788776610493806,1779788777624604934,0.0,0.0,-0.39599085,-0.13207638,-0.033118304,0.025935767,0.23335183,0.006212642
1779788777624604934,1779788778638237653,0.0,0.0,-0.4057914,-0.16900915,-0.05338447,0.009171543,0.22337702,0.0059846207
1779788778638237653,1779788779646682258,0.0,0.0,-0.33749342,-0.14636086,-0.019383943,0.043201048,0.2165176,0.010280965
1779788779646682258,1779788780652500764,0.0,0.0,-0.49698225,-0.23360123,-0.11778496,-0.039142106,0.12825575,0.0021941885
1779788781666828717,1779788782676359373,0.0,0.0,-0.29681024,-0.010006369,0.08440247,0.13566865,0.31231907,0.0043133544
1779788783684608750,1779788784690453177,0.0,0.0,-0.27866256,-0.06775584,0.046118237,0.1011042,0.30664742,0.0049765403
1779788784690453177,1779788785694720154,0.0,0.0,-0.3563942,-0.12507461,-0.04916891,0.03343866,0.20222233,0.006720804
1779788785694720154,1779788786700919243,0.6913310996103309,0.01819292367422065,-0.32885963,-0.09434824,-0.027800277,0.037623126,0.21316008,0.008772696
1779788786700919243,1779788787725760844,0.0,0.0,-0.31249455,-0.08349309,0.042439748,0.102790184,0.3149698,0.0075864177
1779788788740927762,1779788789768545199,0.0,0.0,-0.49303433,-0.22464496,-0.088232286,-0.011294592,0.18151525,0.007576955
1779788789768545199,1779788790780457449,0.0,0.0,-0.35189873,-0.10190637,-0.019015506,0.04277441,0.27594233,0.004460265
1779788790780457449,1779788791803286689,0.0,0.0,-0.39703044,-0.1478318,-0.040478036,0.03840304,0.26257256,0.0035475658
1779788791803286689,1779788792805486938,0.0,0.0,-0.27934778,-0.06799826,0.007832606,0.07131158,0.21682431,0.0052259527
1779788792805486938,1779788793818005345,0.0,0.0,-0.5265216,-0.27938202,-0.13360521,-0.057769276,0.1380424,0.0037083728
1779788793818005345,1779788794830598587,0.0,0.0,-0.43920144,-0.19747996,-0.056269683,0.03962807,0.23395513,0.007429661
1779788794830598587,1779788795842406619,0.0,0.0,-0.3157028,-0.11026021,-0.03438306,0.028253859,0.21434937,0.004413245
1779788795842406619,1779788796864471512,0.0,0.0,-0.31484333,-0.10099577,0.0030421114,0.066686735,0.283386,0.0068857856
1779788796864471512,1779788797886484918,0.6260699439536602,0.01647552484054939,-0.26047647,-0.05259579,0.06541792,0.114149466,0.32900515,0.008957245
1779788797886484918,1779788798904587531,0.0,0.0,-0.4058338,-0.12300049,-0.020519625,0.045735992,0.21320678,0.001545634
1779788798904587531,1779788799918313676,0.0,0.0,-0.4483846,-0.20811716,-0.034256037,0.03127234,0.20687407,0.005708897
1779788799918313676,1779788800938576240,0.0,0.0,-0.28041795,-0.03255333,0.05245538,0.106319636,0.30970272,0.007970869
1779788801944582068,1779788802946540239,0.0,0.0,-0.334386,-0.090851285,-0.014847859,0.07326098,0.27788273,0.006706357
1779788802946540239,1779788803956496604,0.0,0.0,-0.4014673,-0.16712764,-0.039334513,0.028853543,0.21862705,0.00093161775
1779788803956496604,1779788804980329956,0.0,0.0,-0.34219745,-0.0720432,0.0053613223,0.069523424,0.25160608,0.009027228
1779788804980329956,1779788806004468472,0.0,0.0,-0.37922075,-0.14327712,-0.046467524,0.01670054,0.197046,0.007884679
1779788807009207740,1779788808010527897,0.0,0.0,-0.4049368,-0.13911892,-0.0452766,0.013362494,0.23213129,0.0060798516
1779788808010527897,1779788809036471598,0.0,0.0,-0.3170404,-0.10231925,0.03192766,0.087766804,0.26528853,0.010447873
1779788809036471598,1779788810048552251,0.0,0.0,-0.31290233,-0.13690895,-0.030430725,0.031239238,0.2578119,0.0013106865
1779788810048552251,1779788811050690540,0.0,0.0,-0.45976886,-0.21041736,-0.099935204,-0.0454813,0.19359317,0.0064431923
1779788811050690540,1779788812064523048,0.0,0.0,-0.23568478,-0.04758809,0.03591883,0.101265185,0.28268075,0.0072070393
1779788812064523048,1779788813080392035,0.0,0.0,-0.3605462,-0.12646805,-0.0013362308,0.049366638,0.27011076,0.007232207
1779788813080392035,1779788814096383084,0.0,0.0,-0.36350262,-0.1382112,-0.06154574,0.0056169233,0.2062655,0.006040543
1779788814096383084,1779788815106381634,0.0,0.0,-0.27534732,-0.060834344,0.023109064,0.08582168,0.25382423,0.0066328812
1779788815106381634,1779788816132247409,0.0,0.0,-0.28065205,-0.021826627,0.087034695,0.1505965,0.28221425,0.00702346
1779788816132247409,1779788817140486569,0.0,0.0,-0.34501728,-0.07390046,0.05959252,0.120275654,0.28718817,0.00947895
1779788817140486569,1779788818147562147,-0.4825921197555062,0.013043030263285241,-0.45112944,-0.16103023,-0.07575993,-0.014020567,0.19850942,0.005960587
1779788818147562147,1779788819156482935,-0.4695714444025326,0.01235714327401339,-0.3335327,-0.11163145,0.030323582,0.07925866,0.25377434,0.0083603375
1779788819156482935,1779788820166977343,-0.3652374794065786,0.009611512615978916,-0.39730534,-0.21151376,-0.081398055,-0.028954504,0.17613299,0.002694097
1779788820166977343,1779788821172693782,0.0,0.0,-0.4931053,-0.25532344,-0.15517458,-0.064381175,0.096180014,0.0011852757
1779788821172693782,1779788822176336654,0.0,0.0,-0.29420105,-0.12313225,0.009348833,0.06798322,0.29069,0.0019976613
1779788824366598104,1779788825378379328,0.0,0.0,-0.46728596,-0.24452645,-0.08218149,-0.024599,0.1593752,0.004538181
1779788825378379328,1779788826388711133,0.0,0.0,-0.22583048,0.0009078186,0.10659411,0.17005394,0.3189278,0.009226143
1779788826388711133,1779788827404354904,0.0,0.0,-0.31622747,-0.13418756,-0.002042312,0.057027902,0.28553578,0.0022020233
1779788827404354904,1779788828410331499,0.0,0.0,-0.44166222,-0.17437805,-0.056273997,0.018989261,0.29129648,0.005364002
1779788831608423595,1779788832626320750,-0.05218113899641767,0.0013731878679759816,-0.44339398,-0.22050759,-0.073561,-0.02008566,0.15579478,0.0045208037
1779788832626320750,1779788833650177806,0.0,0.0,-0.41797897,-0.22032638,-0.08989837,-0.026959151,0.19866069,0.0045957025
1779788833650177806,1779788834654287696,-0.3783214010360714,0.01050892780697489,-0.31771934,-0.13199686,-0.020971412,0.030085523,0.23391119,0.0043040845
1779788834654287696,1779788835654360859,0.0,0.0,-0.3068168,-0.06875861,0.02090796,0.08681107,0.24787465,0.007976225
1779788835654360859,1779788836681272512,0.0,0.0,-0.32245237,-0.030440848,0.074074954,0.14279297,0.3784814,0.0028448368
1779788836681272512,1779788837704275454,0.0,0.0,-0.37632614,-0.16105333,-0.06844048,0.011450211,0.19736095,0.008414171
1779788838716605051,1779788839728409148,0.0,0.0,-0.38620958,-0.14833543,-0.037486732,0.027734702,0.24698278,0.0099627655
1779788839728409148,1779788840732392214,0.0,0.0,-0.37850818,-0.15091978,-0.0011367095,0.062257096,0.2880785,-0.00071507524
1779788842755813159,1779788843760581513,0.0,0.0,-0.2745045,-0.051548053,0.06189111,0.11501725,0.3004025,0.00344139
1779788843760581513,1779788844764464265,0.0,0.0,-0.36075214,-0.13781482,-0.026576065,0.0334573,0.2508058,0.0031537479
1779788844764464265,1779788845770299582,0.0,0.0,-0.3763684,-0.13656098,-0.00018634122,0.06712497,0.28895584,0.005618631
1779788845770299582,1779788846780829980,0.0,0.0,-0.4236229,-0.21178612,-0.066128924,0.008126184,0.18300425,0.0047637937
1779788846780829980,1779788847795884615,0.0,0.0,-0.35374355,-0.12666132,-0.012908072,0.06217708,0.25794426,0.0044793906
1779788847795884615,1779788848800234294,0.0,0.0,-0.29565877,-0.056534357,0.02990023,0.08953707,0.2755873,0.0042721853
1779788848800234294,1779788849826248002,0.0,0.0,-0.17650676,0.012727224,0.10437199,0.18126135,0.3241355,0.00585744
1779788849826248002,1779788850832331044,0.0,0.0,-0.37116846,-0.12566093,-0.02858124,0.045934137,0.2876165,0.006931798
1779788850832331044,1779788851832516869,0.0,0.0,-0.32620978,-0.06967843,0.05586847,0.11268127,0.37201005,5.7536995e-06
1779788851832516869,1779788852836349888,0.0,0.0,-0.17204061,-0.02962543,0.08968631,0.14452803,0.30052546,0.0050802883
1779788852836349888,1779788853850904523,0.0,0.0,-0.25345853,-0.023715092,0.10684383,0.15772796,0.29685715,0.0106185395
1779788853850904523,1779788854873487666,0.0,0.0,-0.4407294,-0.20813638,-0.08128779,-0.007315456,0.19530785,0.0060033766
1779788854873487666,1779788855878323737,0.0,0.0,-0.35842124,-0.094518386,0.010108055,0.06629661,0.22533044,0.004594759
1779788855878323737,1779788856886484833,0.0,0.0,-0.44062284,-0.185104,-0.004707752,0.054565832,0.22174866,0.005614189
1779788856886484833,1779788857894477011,0.0,0.0,-0.45693153,-0.22793154,-0.057925105,0.0016213179,0.2347039,0.0046698144
1779788858912602102,1779788859932401069,0.0,0.0,-0.3884493,-0.15250197,-0.039036572,0.039656527,0.26230738,0.0020968716
1779788860933508064,1779788861960047322,0.0,0.0,-0.43514746,-0.20800558,-0.09669185,-0.024042357,0.16475628,0.004953828
1779788863980878448,1779788865000205328,0.0,0.0,-0.4301016,-0.20372307,-0.08997388,-0.018425107,0.113585986,0.0040908093
1779788865000205328,1779788866004458338,0.0,0.0,-0.26721695,-0.064783946,0.030271957,0.09168865,0.26639292,0.0064263092
1779788866004458338,1779788867006919685,0.0,0.0,-0.21841943,0.0028543472,0.112552404,0.16739371,0.35164636,0.0040631597
1779788867006919685,1779788868039474703,-0.9263294138383067,0.026466554680938868,-0.44046786,-0.22692658,-0.04216705,0.040702913,0.23783928,0.0037612298
1779788868039474703,1779788869040110797,-0.013047505969874383,0.0003261876493354521,-0.42353112,-0.18447599,-0.028154973,0.03672093,0.19048771,0.0074619637
1779788869040110797,1779788870048525708,-0.026095063009700298,0.0006867121846604026,-0.29209167,-0.06056064,0.02844237,0.10520905,0.31579277,0.004696676
1779788870048525708,1779788871054199970,0.0,0.0,-0.37516597,-0.13145734,-0.028067634,0.038089775,0.25681797,0.009758483
1779788871054199970,1779788872064513079,0.0,0.0,-0.48071545,-0.20129557,-0.068337165,-0.0017157482,0.19918281,0.0077152974
1779788872064513079,1779788873074654057,-0.6002052442788677,0.01622176335888756,-0.40529466,-0.17729819,-0.05087367,0.036082126,0.2242386,0.0012649444
1779788873074654057,1779788874096309256,0.0,0.0,-0.4302343,-0.22160147,-0.068179935,-0.0072865295,0.20821938,0.0021510262
1779788874096309256,1779788875104317695,0.0,0.0,-0.32845047,-0.05283462,0.05945027,0.12055036,0.3092626,0.007986169
1779788879367306729,1779788880390702092,0.0,0.0,-0.43777633,-0.2030468,-0.079641506,-0.009701081,0.19362625,0.008050986
1779788880390702092,1779788881401393418,0.0,0.0,-0.41604605,-0.1575562,-0.06819781,0.0009885789,0.21740921,0.006352028
1779788881401393418,1779788882414365178,-0.03914767678181727,0.0011862932357654574,-0.3320926,-0.112666965,-0.010404525,0.047397714,0.27052915,0.007481392
1779788882414365178,1779788883440531624,-1.2528065820063619,0.032968594263493856,-0.37532818,-0.15955885,-0.02696692,0.028027255,0.16582397,0.007896628
1779788883440531624,1779788884452634437,0.0,0.0,-0.29523414,-0.041554023,0.046503354,0.10173596,0.28658378,0.006258182
1779788884452634437,1779788885464363406,0.0,0.0,-0.38295284,-0.13094653,-0.03840311,0.024907742,0.25114092,0.007915022
1779788885464363406,1779788886472492882,0.0,0.0,-0.2978317,-0.0799255,0.045055058,0.106275424,0.31578982,0.006894483
1779788886472492882,1779788887492345931,0.0,0.0,-0.2713286,-0.05855528,0.055221897,0.12857363,0.28052163,0.0070696287
1779788887492345931,1779788888502354679,0.0,0.0,-0.30038065,-0.07096379,0.0103935385,0.10309568,0.24467288,0.0048464397
1779788888502354679,1779788889514527826,0.0,0.0,-0.33790135,-0.071588084,0.0448874,0.1038661,0.3240473,0.0032251393
1779788889514527826,1779788890520591299,0.0,0.0,-0.30774322,-0.07570068,0.02052807,0.0896075,0.24819852,0.005407604
1779788891534335490,1779788892538204512,0.0,0.0,-0.57960725,-0.32010707,-0.1776179,-0.0983953,0.107615136,0.0020927675
1779788895641782212,1779788896642579610,0.0,0.0,-0.36516246,-0.13440178,-0.04379392,0.021041231,0.23370317,0.0066043055
1779788896642579610,1779788897651880969,0.0,0.0,-0.23202832,-0.036711156,0.049306568,0.11040887,0.27594885,0.006467937
1779788897651880969,1779788898662169018,0.0,0.0,-0.44629413,-0.22402503,-0.04620712,0.031099109,0.2349187,0.0044495496
1779788898662169018,1779788899680599496,0.0,0.0,-0.29494026,-0.078487724,0.010117899,0.07511651,0.23744401,0.007995207
1779788899680599496,1779788900704440841,0.0,0.0,-0.2828206,-0.06348812,0.046165664,0.11225057,0.30441895,0.00595109
1779788900704440841,1779788901713156270,0.0,0.0,-0.37042624,-0.11424968,-0.029934593,0.038224865,0.19854797,0.004758017
1779788901713156270,1779788902716373541,0.0,0.0,-0.4151276,-0.20536165,-0.09894693,-0.014496358,0.14801054,0.0066092582
1779788902716373541,1779788903726671331,0.0,0.0,-0.36256203,-0.12793666,-0.014658835,0.039518055,0.2073186,0.002410839
1779788903726671331,1779788904732651529,0.0,0.0,-0.3204589,-0.09316478,0.025890466,0.093296066,0.2306119,0.0050495705
1779788904732651529,1779788905734285380,0.0,0.0,-0.3398561,-0.11828769,0.003507148,0.046809625,0.2529636,0.004528979
1779788905734285380,1779788906742722179,-1.2399110412341852,0.03262923792677809,-0.45576346,-0.21689855,-0.08840356,-0.025682382,0.13147455,0.0075615803
1779788906742722179,1779788907764383374,0.0,0.0,-0.46795136,-0.22174664,-0.09397285,-0.023273617,0.16182941,0.0045163543
1779788908791496563,1779788909796201139,0.0,0.0,-0.35612962,-0.18623433,-0.055518277,0.0037523916,0.2114182,0.0032576653
1779788909796201139,1779788910808366928,0.0,0.0,-0.35987145,-0.11570971,-0.024591722,0.05814154,0.25864637,0.010289362
1779788910808366928,1779788911811347965,0.0,0.0,-0.40763122,-0.18066493,-0.08163434,-0.016019654,0.20266637,0.009282949
1779788911811347965,1779788912818517167,0.0,0.0,-0.43295002,-0.1917836,-0.103810884,-0.031764038,0.13799444,0.0063856537
1779788913832333914,1779788914840510708,0.0,0.0,-0.35631377,-0.16111837,-0.047800325,0.035931338,0.22331917,0.004860729
1779788914840510708,1779788915862503700,0.0,0.0,-0.30768722,-0.06347655,0.037830696,0.11836734,0.3856628,0.0022658014
1779788915862503700,1779788916880935026,0.0,0.0,-0.5119297,-0.23399675,-0.086403586,-0.027522095,0.15693887,0.003529968
1779788917894884907,1779788918912299188,0.0,0.0,-0.2770378,-0.057340026,0.03412622,0.08537255,0.29180133,0.0055788513
1779788918912299188,1779788919919993130,0.0,0.0,-0.31366995,-0.06564009,0.024433771,0.07592499,0.26871952,0.0055766567
1779788920938145418,1779788921950793388,-0.3393708716987669,0.012120388275249638,-0.37584525,-0.14848596,-0.03306964,0.038921475,0.20271793,0.0010455996
1779788921950793388,1779788922962323710,-0.27411565071618543,0.01245980230506079,-0.3866501,-0.15509671,-0.001746774,0.06585361,0.20794854,0.0068106507
1779788922962323710,1779788923968487633,0.0,0.0,-0.47290412,-0.19124854,-0.053347148,0.019385459,0.21688853,0.007423591
1779788923968487633,1779788924990536838,0.0,0.0,-0.3220753,-0.11419838,-0.021311225,0.051235296,0.18696691,0.00443378
1779788924990536838,1779788926026168368,0.0,0.0,-0.41844368,-0.15975876,-0.03642523,0.027846443,0.21489337,0.005878175
1779788926026168368,1779788927032151560,0.0,0.0,-0.41778424,-0.13385765,-0.019971589,0.05390384,0.21083422,0.009963849
1779788927032151560,1779788928048568920,0.0,0.0,-0.26792073,0.0061487,0.103777505,0.16434535,0.33387488,0.0065189204
1779788928048568920,1779788929070482955,0.0,0.0,-0.27456477,-0.102698386,-0.00021657384,0.051085908,0.23883201,0.004203037
1779788929070482955,1779788930076239630,0.0,0.0,-0.26306155,0.015843505,0.13564298,0.1806606,0.40471324,0.0066594663
1779788931084586553,1779788932086903311,0.13053219935816315,0.003527897280014719,-0.370121,-0.120703734,-0.0029620975,0.057049107,0.22611186,0.008823084
1779788932086903311,1779788933110057417,0.0,0.0,-0.2210534,-0.0010300555,0.070483476,0.14936891,0.33718896,0.00884993
1779788933110057417,1779788934116780244,0.0,0.0,-0.49084428,-0.21921209,-0.10139365,-0.041059174,0.11547007,0.00675549
1779788934116780244,1779788935132050492,0.0,0.0,-0.3737886,-0.14943925,-0.031014359,0.030048618,0.20038022,0.0053737173
1779788936147609560,1779788937149020281,0.0,0.0,-0.38493803,-0.13307966,-0.040518716,0.024006058,0.25109625,0.007135896
1779788937149020281,1779788938158146624,0.0,0.0,-0.45082492,-0.22885765,-0.10203255,-0.034902632,0.09030817,0.0037376552
1779788938158146624,1779788939175601211,0.0,0.0,-0.3400237,-0.074432634,0.0012368783,0.09594263,0.25561112,0.008191992
1779788939175601211,1779788940188408376,0.0,0.0,-0.28758454,-0.06145038,0.030091168,0.108189926,0.30919957,0.0044589257
1779788940188408376,1779788941213285830,0.0,0.0,-0.39619488,-0.15585583,-0.05023326,0.022738155,0.15925825,0.007710699
1779788941213285830,1779788942229345130,0.0,0.0,-0.32036152,-0.10906319,-0.029867526,0.028691743,0.24248204,0.0036375716
1779788942229345130,1779788943240457072,0.0,0.0,-0.35561243,-0.12991048,-0.026523834,0.030696496,0.20041394,0.008009768
1779788943240457072,1779788944266616048,0.0,0.0,-0.33060846,-0.088573456,0.0025740422,0.06616464,0.31824833,0.0035157837
1779788944266616048,1779788945282413834,0.4829543230571489,0.012709324290994278,-0.31881872,-0.099253245,0.018822096,0.0816462,0.2654607,0.0046576825
1779788945282413834,1779788946308371399,0.0,0.0,-0.37186033,-0.109183215,-0.026835002,0.048460662,0.20951532,0.005398318
1779788946308371399,1779788947324454333,0.0,0.0,-0.38793075,-0.1889708,-0.05699228,0.006740383,0.19939584,0.005237355
1779788949406285493,1779788950422382933,0.0,0.0,-0.32194895,-0.11317595,0.026773907,0.0832674,0.2907839,0.005116558
1779788950422382933,1779788951424333146,0.0,0.0,-0.3280679,-0.1308672,-0.03762483,0.027384764,0.17217849,0.0045022015
1779788952450270317,1779788953460785440,0.0,0.0,-0.3561161,-0.18998376,-0.060568314,0.0087359,0.19798484,0.0035277107
1779788953460785440,1779788954466631609,0.0,0.0,-0.3163727,-0.114167914,0.024616404,0.085039385,0.25355604,0.010477243
1779788955468612283,1779788956604769279,0.0,0.0,-0.5126592,-0.28779292,-0.1190844,-0.048958845,0.1739626,0.0054133288
1779788956604769279,1779788957612417016,0.0,0.0,-0.32995367,-0.10877673,-0.014456187,0.049230915,0.211092,0.004039478
1779788957612417016,1779788958626708781,0.0,0.0,-0.4565854,-0.20467831,-0.04755942,0.014387464,0.18680735,0.0021600898
1779788958626708781,1779788959631286577,0.0,0.0,-0.42933777,-0.19000748,-0.06345551,-0.004869459,0.1730612,0.0033764166
1779788959631286577,1779788960654380074,0.1957856486578689,0.005152253911931911,-0.28138104,-0.037341516,0.051268958,0.10883869,0.32023123,0.00814307
1779788960654380074,1779788961672002269,0.0,0.0,-0.34587395,-0.06082655,0.043647725,0.1023767,0.3071946,0.00286322
1779788961672002269,1779788962692392351,0.0,0.0,-0.36262873,-0.11342934,-0.01269915,0.0694763,0.24715933,0.0076140193
1779788962692392351,1779788963694347614,0.0,0.0,-0.41563898,-0.1359214,-0.031761732,0.030494269,0.22847378,0.006323882
1779788963694347614,1779788964706284806,0.0,0.0,-0.14369571,0.0010518201,0.09055314,0.15092772,0.28908628,0.0031270806
1779788964706284806,1779788965714936651,0.0,0.0,-0.36052287,-0.17403764,-0.06001664,-0.0018603329,0.18528,0.0038354697
1779788965714936651,1779788966724520416,0.0,0.0,-0.32246292,-0.14829025,-0.05409536,0.0009251977,0.1827588,0.0036078547
1779788966724520416,1779788967730425283,0.0,0.0,-0.3454085,-0.13090426,-8.859839e-05,0.0641861,0.24698497,0.0045138425
1779788967730425283,1779788968740653719,0.0,0.0,-0.2673121,-0.05277,0.045527957,0.1130809,0.26759502,0.005230682
1779788968740653719,1779788969766741478,0.0,0.0,-0.22691287,-0.021105848,0.09102519,0.13792679,0.3384089,0.0067680036
1779788969766741478,1779788970774471342,0.0,0.0,-0.30477354,-0.062942855,0.024466826,0.08051375,0.29044646,0.0060718996
1779788970774471342,1779788971800541868,0.0,0.0,-0.26346928,-0.10091735,-0.014725132,0.03979507,0.20856631,0.0031407475
1779788972820242657,1779788973824216946,0.0,0.0,-0.40564635,-0.15261917,-0.05326088,0.026431946,0.1925236,0.0063156877
1779788973824216946,1779788974840394300,0.0,0.0,-0.46164298,-0.20924895,-0.064093076,0.024972383,0.24304536,0.0045725293
1779788974840394300,1779788975842933161,0.0,0.0,-0.2612203,-0.03464696,0.08042308,0.13383046,0.3287746,0.004120724
1779788975842933161,1779788976848731812,0.0,0.0,-0.4242499,-0.20678622,-0.09395938,-0.013226494,0.13192673,0.0068591046
1779788976848731812,1779788977866703365,0.0,0.0,-0.44379213,-0.19176823,-0.052274216,0.01683934,0.1952722,0.00701042
1779788977866703365,1779788978870384008,0.0,0.0,-0.2768977,-0.06330735,0.05185726,0.10716444,0.30679658,0.0048831846
1779788978870384008,1779788979880388576,0.0,0.0,-0.38189614,-0.16564825,-0.05500061,0.030386891,0.16916434,0.004892591
1779788979880388576,1779788980886649714,0.0,0.0,-0.3976498,-0.17208101,-0.0326371,0.031929757,0.22528677,0.0032839621
1779788980886649714,1779788981890702196,0.0,0.0,-0.34377822,-0.13045748,0.011486951,0.06295926,0.2362348,0.0049681934
1779788981890702196,1779788982896898636,0.0,0.0,-0.45958123,-0.20710373,-0.09683972,-0.023473907,0.14585632,0.004571164
1779788982896898636,1779788983910853392,0.0,0.0,-0.35684553,-0.086406104,0.034542035,0.0891033,0.33084562,0.007878961
1779788983910853392,1779788984924442768,0.0,0.0,-0.49872372,-0.22214597,-0.10696448,-0.04160518,0.124789596,0.0064348364
1779788984924442768,1779788985932844554,0.0,0.0,-0.36160693,-0.13302407,-0.028181847,0.033646442,0.2516675,0.0025441688
1779788985932844554,1779788986944339050,0.0,0.0,-0.4070832,-0.19207127,-0.07489536,-0.012717391,0.17160906,0.004968535
1779788986944339050,1779788987950812578,0.0,0.0,-0.27788594,-0.0027526387,0.10656637,0.15588917,0.32099402,0.0053054765
1779788987950812578,1779788988956650646,0.0,0.0,-0.34844804,-0.101231106,-0.02535057,0.06201836,0.26982287,0.0071208114
1779788988956650646,1779788989968472123,0.0,0.0,-0.56930023,-0.3162538,-0.17008041,-0.09724031,0.10066984,0.0033200427
1779788989968472123,1779788990978669708,0.0,0.0,-0.22594516,-0.052169476,0.045652945,0.12493175,0.28474176,0.0046788533
1779788990978669708,1779788991982621771,0.0,0.0,-0.2188954,0.019706236,0.10429223,0.16219708,0.41462508,0.006819909
1779788992996902707,1779788994008379725,0.0,0.0,-0.18876012,-0.04775408,0.067310505,0.13539776,0.29927582,0.0027907607
1779788994008379725,1779788995018342899,0.0,0.0,-0.43628055,-0.18837227,-0.060259666,0.013670606,0.2408799,0.0070764003
1779788995018342899,1779788996026714779,0.0,0.0,-0.34899676,-0.12469148,-0.02885065,0.038917694,0.24362846,0.008335101
1779788996026714779,1779788997034793539,0.0,0.0,-0.4005043,-0.17233813,-0.08389734,-0.0074825753,0.14600922,0.003999049
1779788997034793539,1779788998041049965,0.0,0.0,-0.41589987,-0.18582898,-0.09020541,-0.021322586,0.17949773,0.004559789
1779788998041049965,1779788999066256114,0.0,0.0,-0.433361,-0.1680572,-0.07186253,-0.0019836428,0.17465043,0.0041838866
1779788999066256114,1779789000076793036,0.0,0.0,-0.4085437,-0.14520222,-0.019326113,0.057660524,0.21278487,0.0028943599
1779789000076793036,1779789001080251145,0.0,0.0,-0.42364508,-0.17850709,-0.07240471,-0.006802201,0.17826234,0.0040188422
1779789001080251145,1779789002086394804,0.0,0.0,-0.32628888,-0.07047251,0.065858275,0.11275944,0.3055807,0.006797246
1779789002086394804,1779789003095104368,0.0,0.0,-0.32712045,-0.032148946,0.064705916,0.11663852,0.33109328,0.008220367
1779789003095104368,1779789004105230817,0.0,0.0,-0.44407973,-0.24125706,-0.108063,-0.039852805,0.120627575,0.004609288
1779789125156488660,1779789126160415025,0.0,0.0,-0.30432096,-0.06691325,0.0645147,0.111597255,0.29644606,0.007097185
1779789126160415025,1779789127176609456,0.0,0.0,-0.25319007,-0.019433606,0.07296365,0.14874555,0.33948892,0.004286096
1779789128188663939,1779789129355878362,0.0,0.0,-0.42118993,-0.19973913,-0.058615,0.002744124,0.21157889,0.0043810247
1779789129355878362,1779789130373089183,0.0,0.0,-0.28665206,-0.039624453,0.06526583,0.1420378,0.26820704,0.00902077
1779789131375563248,1779789132400394826,0.0,0.0,-0.5532758,-0.30892333,-0.15300046,-0.07102787,0.10091333,0.0019173665
1779789132400394826,1779789133419522379,0.0,0.0,-0.35119718,-0.088875405,0.019128527,0.0759399,0.26785567,0.0061736098
1779789134423798310,1779789135440304146,0.0,0.0,-0.3328416,-0.12200855,-0.033828255,0.01842345,0.20292944,0.0026443002
1779789135440304146,1779789136466760172,0.0,0.0,-0.3097649,-0.12168373,1.0567423e-05,0.051212575,0.24034294,0.00440356
1779789136466760172,1779789137470163375,0.0,0.0,-0.2950929,-0.063694194,0.02389924,0.074259214,0.26874346,0.0060639307
1779789140634418265,1779789141650067025,0.0,0.0,-0.4159469,-0.17825882,-0.0877471,-0.0031980334,0.14221282,0.0046642297
1779789141650067025,1779789142658909789,0.0,0.0,-0.39148754,-0.1466908,-0.036500905,0.024753382,0.23127885,0.006725667
1779789142658909789,1779789143660397549,0.0,0.0,-0.45098978,-0.22267109,-0.08137615,-0.0070879646,0.17395265,0.0039872746
1779789143660397549,1779789144662691986,0.0,0.0,-0.43479985,-0.18880525,-0.08174034,-0.021077367,0.14661089,0.0074115163
1779789144662691986,1779789145669121284,0.0,0.0,-0.3799779,-0.10705525,-0.018092804,0.05334575,0.23951873,0.007916323
1779789145669121284,1779789146678688982,0.0,0.0,-0.31546232,-0.086767495,0.011686053,0.07973661,0.25666466,0.00829198
1779789146678688982,1779789147694534322,0.0,0.0,-0.24076629,-0.036284424,0.084889084,0.15379444,0.30116954,0.0071411896
1779789148695729374,1779789149712688897,0.0,0.0,-0.26206237,-0.035679303,0.07199056,0.12848262,0.2983734,0.006354468
1779789150726451209,1779789151740070793,0.0,0.0,-0.28694382,-0.06504993,0.047646385,0.12224352,0.2971932,0.0035842718
1779789151740070793,1779789152740807220,0.0,0.0,-0.4254436,-0.18590854,-0.07888362,-0.020959329,0.18453678,0.0076884464
1779789152740807220,1779789153742467823,0.0,0.0,-0.46899408,-0.23872331,-0.11397075,-0.05660812,0.1041876,0.00551773
1779789153742467823,1779789154750546287,0.0,0.0,-0.35968563,-0.13443469,-0.03966264,0.027752992,0.23434368,0.0031769564
1779789154750546287,1779789155752244661,0.0,0.0,-0.4573315,-0.22575815,-0.06465406,0.0051490176,0.2012815,0.0043087155
1779789155752244661,1779789156764791415,0.0,0.0,-0.46422288,-0.18851085,-0.05607989,0.008077383,0.23423824,0.006553194
1779789156764791415,1779789157780689749,0.0,0.0,-0.35618457,-0.17476773,-0.058034092,0.012967417,0.2673228,0.0028576914
1779789157780689749,1779789158790408344,0.0,0.0,-0.31101003,-0.10264919,0.01275215,0.07098597,0.2744396,0.0037207096
1779789158790408344,1779789159806336103,0.0,0.0,-0.407439,-0.1956021,-0.067866646,-0.013658895,0.1876389,0.0023143035
1779789162068334278,1779789163080419079,0.0,0.0,-0.20660986,-0.0011037708,0.09507704,0.15825196,0.28521544,0.00481093
1779789164088470719,1779789165108318975,0.0,0.0,-0.39287108,-0.17284548,-0.037042245,0.026444497,0.24470162,0.004619562
1779789165108318975,1779789166124511694,0.0,0.0,-0.5457549,-0.28698847,-0.11347686,-0.054781426,0.18327461,0.0064566787
1779789166124511694,1779789167134368500,0.0,0.0,-0.21225815,-0.06013429,0.034056354,0.10544702,0.24717052,0.007035242
1779789167134368500,1779789168152386479,0.0,0.0,-0.48891404,-0.2245057,-0.07745473,-0.007611017,0.22568291,0.008934643
1779789168152386479,1779789169174570678,0.0,0.0,-0.39015844,-0.17825277,-0.0774321,-0.017161097,0.19581798,0.0023232964
1779789169174570678,1779789170185683202,0.0,0.0,-0.28053352,-0.061888542,0.062211305,0.11686676,0.33753908,0.008625776
1779789170185683202,1779789171194582621,0.0,0.0,-0.38589466,-0.18953203,-0.051730964,0.009779928,0.2458422,0.006660859
1779789171194582621,1779789172220700037,0.0,0.0,-0.35472935,-0.11685453,-0.009877041,0.05151796,0.22722685,0.006546038
1779789172220700037,1779789173244303046,0.0,0.0,-0.35979337,-0.0855424,0.0046759094,0.07310963,0.29014826,0.0045158085
1779789173244303046,1779789174246568913,0.0,0.0,-0.433254,-0.21425237,-0.099257655,-0.024656713,0.18926552,0.007560951
1779789176380302750,1779789177388296466,0.0,0.0,-0.35570934,-0.09519748,-0.011955744,0.06540157,0.2992248,0.0032789377
1779789177388296466,1779789178394571778,0.0,0.0,-0.30749068,-0.06207346,0.07085238,0.15381618,0.28414014,0.006034503
1779789178394571778,1779789179404578798,0.0,0.0,-0.3699438,-0.109685786,-0.013675692,0.050842624,0.2648584,0.009797404
1779789179404578798,1779789180406722873,0.0,0.0,-0.34159675,-0.14677405,-0.039208125,0.023932949,0.18013763,0.0056277085
1779789180406722873,1779789181411163437,0.0,0.0,-0.44972208,-0.2114912,-0.09363049,-0.023230368,0.1779819,0.0015886743
1779789182422309901,1779789183450962932,0.0,0.0,-0.520577,-0.28755417,-0.120374516,-0.040485967,0.17116216,0.0029720445
1779789304482261546,1779789305493367663,0.0,0.0,-0.38896132,-0.109294936,-0.0012285737,0.0797219,0.20537592,0.003660341
1779789305493367663,1779789306501061317,0.0,0.0,-0.36173815,-0.09273459,0.019108513,0.07059076,0.2813766,0.0075716353
1779789306501061317,1779789307514745023,0.0,0.0,-0.35777557,-0.15641987,-0.0015629522,0.06408442,0.24980843,0.0052509084
1779789307514745023,1779789308518382923,0.0,0.0,-0.38831508,-0.1533577,-0.038579676,0.039565176,0.18150923,0.0036480986
1779789308518382923,1779789309538782333,0.0,0.0,-0.31489417,-0.062270977,0.054478586,0.10683333,0.2698423,0.008795228
1779789309538782333,1779789310552337656,0.0,0.0,-0.24557972,-0.066903554,0.020782504,0.094823375,0.229501,0.0038493222
1779789310552337656,1779789311560251715,0.0,0.0,-0.3614124,-0.12150994,-0.023575967,0.03917059,0.25161037,0.0033098077
1779789311560251715,1779789312564382104,0.0,0.0,-0.33398795,-0.12057905,-0.01516831,0.046066966,0.27769274,0.00689345
1779789312564382104,1779789313576483632,0.0,0.0,-0.23626727,-0.0060521006,0.09495205,0.14469339,0.30589008,0.011796507
1779789313576483632,1779789314587557132,0.0,0.0,-0.3134113,-0.07200768,0.03040882,0.09122679,0.29683444,0.009288278
1779789314587557132,1779789315594226814,0.0,0.0,-0.4041288,-0.18196698,-0.08308843,-0.024125403,0.17629774,0.0036215624
1779789315594226814,1779789316612473375,0.0,0.0,-0.31843555,-0.117353305,-0.025722763,0.03074047,0.25720716,0.004552102
1779789316612473375,1779789317616616558,0.0,0.0,-0.31285173,-0.123759836,-0.019626597,0.048778545,0.22893888,0.006102661
1779789317616616558,1779789318625058123,0.0,0.0,-0.4002326,-0.15546405,-0.06579786,0.019671222,0.19487517,0.0049433974
1779789318625058123,1779789319628556492,0.0,0.0,-0.39565405,-0.15398122,-0.032059927,0.038146343,0.2504172,0.0071442295
1779789319628556492,1779789320644414319,0.0,0.0,-0.3318525,-0.06543234,0.033293843,0.08736958,0.28747398,0.0064591677
1779789320644414319,1779789321658712125,0.0,0.0,-0.3508963,-0.12751457,0.0016159759,0.06766048,0.25677237,0.01025072
1779789321658712125,1779789322660169218,0.0,0.0,-0.41148737,-0.18358947,-0.08956866,-0.034292243,0.19104248,0.0017348253
1779789322660169218,1779789323670451529,0.0,0.0,-0.37688264,-0.13193637,-0.021217356,0.04868253,0.27513525,0.0066973763
1779789323670451529,1779789324678495401,0.0,0.0,-0.3972162,-0.15788205,-0.056691445,0.022491861,0.19598939,0.008984793
1779789324678495401,1779789325679140434,0.5349407652249099,0.014457858519278943,-0.28324798,-0.0904357,0.0058948956,0.07117493,0.2288278,0.0049206857
1779789325679140434,1779789326684540521,0.0,0.0,-0.2920696,-0.03278817,0.08440474,0.16478457,0.30102104,0.007164468
1779789326684540521,1779789327694591507,0.0,0.0,-0.37630635,-0.12650584,-0.013404554,0.045256212,0.20949201,0.0056719133
1779789327694591507,1779789328701420196,0.0,0.0,-0.39636108,-0.1501461,-0.010257025,0.041639563,0.23573345,0.0038481297
1779789329718918909,1779789330740413021,0.0,0.0,-0.3669177,-0.17125936,-0.04058154,0.02292102,0.23898362,0.0036988505
1779789330740413021,1779789331742218305,0.0,0.0,-0.43613082,-0.18877487,-0.063386716,0.012238102,0.27477413,0.007439637
1779789331742218305,1779789332761559891,0.0,0.0,-0.26624304,-0.031009927,0.036118984,0.121143416,0.33764505,0.009375191
1779789332761559891,1779789333778454610,0.0,0.0,-0.42864662,-0.21629527,-0.082488924,-0.028598618,0.2049144,0.0033747868
1779789333778454610,1779789334794709229,0.5218658531965517,0.013733311926263748,-0.36212265,-0.14017113,-0.030114869,0.032562826,0.21514088,0.0058013224
1779789334794709229,1779789335796121363,0.0,0.0,-0.34972054,-0.09807536,0.00538472,0.0705588,0.20236768,0.0058028586
1779789335796121363,1779789336816577228,0.639248557015118,0.01682233044793915,-0.3818995,-0.14064611,-0.043567803,0.024907134,0.22809492,0.007212235
1779789337830626904,1779789338859133363,-0.4305098411308802,0.011329206345453861,-0.17205194,-0.023141116,0.09098637,0.1665981,0.2999774,0.0034414222
1779789338859133363,1779789339870624254,-0.41748178904852984,0.010986362869739485,-0.3848235,-0.16501653,-0.039995037,0.012999096,0.1903762,0.0068761874
1779789340882384304,1779789341896928972,0.0,0.0,-0.26633465,-0.063379645,0.037958134,0.09621176,0.30129242,0.0062740124
1779789341896928972,1779789342921272510,0.0,0.0,-0.4663301,-0.2046419,-0.05772365,0.006326597,0.15788649,0.0047508418
1779789342921272510,1779789343922667363,0.0,0.0,-0.4217666,-0.16516012,-0.054688137,0.010859204,0.22548716,0.005745631
1779789343922667363,1779789344934683502,0.0,0.0,-0.43247038,-0.22898327,-0.077858716,-0.00250091,0.19110613,0.0050330055
1779789345950913149,1779789346956309585,0.0,0.0,-0.48972917,-0.22465384,-0.098895445,-0.03781691,0.18047352,0.006136961
1779789346956309585,1779789348026909329,-0.8480635452571066,0.024943045448696587,-0.22938642,-0.002374311,0.06813419,0.13683929,0.316003,0.0087881945
1779789348026909329,1779789349036106856,0.0,0.0,-0.38294008,-0.15735921,-0.00411355,0.05920654,0.20652802,0.009049902
1779789349036106856,1779789350062749709,0.0,0.0,-0.20800574,-0.048700422,0.025517806,0.09421438,0.2468891,0.0055020167
1779789350062749709,1779789351075939082,0.0,0.0,-0.41238022,-0.15356487,-0.054404195,0.016831828,0.23532759,0.006375556
1779789351075939082,1779789352095547788,0.0,0.0,-0.28615022,-0.057036787,0.030605776,0.08710363,0.28056931,0.00473311
1779789352095547788,1779789353108453893,0.0,0.0,-0.23382063,0.014589202,0.10173542,0.15828058,0.41346118,0.006487835
1779789353108453893,1779789354114290874,0.0,0.0,-0.2207167,-0.054293517,0.038687356,0.111678526,0.25669745,0.0068780477
1779789354114290874,1779789355126397842,0.0,0.0,-0.3438224,-0.13985625,-0.033734456,0.035721783,0.22644874,0.0018383848
1779789355126397842,1779789356158938713,0.0,0.0,-0.33572492,-0.12753087,-0.005285531,0.060252413,0.22853822,0.0028958276
1779789356158938713,1779789357174598202,0.0,0.0,-0.331396,-0.07890596,0.03314669,0.094185784,0.2773217,0.009210495
1779789357174598202,1779789358186444053,0.0,0.0,-0.36971372,-0.16002934,-0.06246471,-0.014001392,0.1386276,0.0037793554
1779789358186444053,1779789359192315622,0.0,0.0,-0.35500595,-0.12946649,-0.012009538,0.046249013,0.23631598,0.007887568
1779789359192315622,1779789360352293577,0.0,0.0,-0.25429463,-0.02740128,0.08217452,0.15351862,0.32945058,0.004193648
1779789360352293577,1779789361378786044,0.0,0.0,-0.35832927,-0.08808875,0.021575365,0.08584181,0.29581356,0.010155169
1779789361378786044,1779789362398230822,0.0,0.0,-0.4200865,-0.21676709,-0.10266111,-0.036736142,0.12500674,0.0068125036
1779789362398230822,1779789363412659866,0.0,0.0,-0.5348871,-0.29373166,-0.14466174,-0.052827083,0.1932783,0.003514333
1779789365608276463,1779789366622462757,0.0,0.0,-0.3596789,-0.11522743,0.0046495725,0.055798393,0.22749965,0.010224988
1779789367629281274,1779789368640613163,0.0,0.0,-0.37850544,-0.1422504,-0.042005084,0.054277875,0.19137023,0.0044915434
1779789368640613163,1779789369646137398,0.0,0.0,-0.3952071,-0.15848936,-0.036735907,0.043111213,0.18987466,0.0025142643
1779789369646137398,1779789370658343025,0.0,0.0,-0.37530914,-0.13006948,-0.02764797,0.04540082,0.26962692,0.0066447365
1779789370658343025,1779789371682289979,0.0,0.0,-0.3927175,-0.14775048,-0.044601195,0.014693196,0.24932507,0.0027117515
1779789371682289979,1779789372698304951,0.0,0.0,-0.38243958,-0.104031585,-0.022488106,0.051670685,0.24235407,0.0076022507
1779789372698304951,1779789373712377057,0.0,0.0,-0.35002643,-0.13538656,-0.040478595,0.026866961,0.21848045,0.004863153
1779789373712377057,1779789374728214509,0.0,0.0,-0.33706617,-0.14816445,-0.047252826,0.016879067,0.2247649,0.005156735
1779789375755625979,1779789376776524483,0.0,0.0,-0.3095123,-0.069641486,0.014179848,0.07295555,0.30884075,0.0043680454
1779789376776524483,1779789377784514600,0.0,0.0,-0.3162831,-0.09611577,-0.0034791082,0.053309523,0.200794,0.0037261622
1779789377784514600,1779789378788314287,0.0,0.0,-0.41581538,-0.19344792,-0.0937783,-0.03229628,0.14362125,0.0012367156
1779789378788314287,1779789379804741924,0.0,0.0,-0.34323063,-0.12188892,-0.011114409,0.05374736,0.28935778,0.0054857703
1779789379804741924,1779789380832181606,0.0,0.0,-0.5001638,-0.25410575,-0.10085796,-0.022654315,0.229478,0.0061554466
1779789380832181606,1779789381852410852,0.0,0.0,-0.2543426,-0.012008185,0.08681371,0.1335806,0.34675053,0.0062161624
1779789382859426462,1779789383864531631,0.0,0.0,-0.3378339,-0.11169514,-0.0034980734,0.06007293,0.26053342,0.0056471517
1779789383864531631,1779789384880133014,0.0,0.0,-0.2599841,-0.04295622,0.077731326,0.15159395,0.30357873,0.0062452676
1779789384880133014,1779789385882294208,0.0,0.0,-0.4258179,-0.18730529,-0.07923785,-0.020055756,0.17198311,0.008623856
1779789385882294208,1779789386902770234,0.0,0.0,-0.33504546,-0.10498492,-0.022298055,0.04731343,0.24463628,0.0044710864
1779789386902770234,1779789387912536092,0.0,0.0,-0.49361748,-0.273537,-0.122946665,-0.05769458,0.16639258,0.005901349
1779789387912536092,1779789388922571527,0.0,0.0,-0.30865362,-0.108813405,0.0105265295,0.06636367,0.25144115,0.008020334
1779789388922571527,1779789389934479289,0.0,0.0,-0.35266712,-0.14022285,-0.027366731,0.029947259,0.251743,0.0055680056
1779789389934479289,1779789390940716951,0.0,0.0,-0.33837503,-0.12674284,-0.02667796,0.043774135,0.22912061,0.006758013
1779789390940716951,1779789391952487760,0.0,0.0,-0.42032886,-0.18793373,-0.097451374,-0.02368297,0.13785723,0.003699255
1779789391952487760,1779789392956991428,0.0,0.0,-0.44898948,-0.14258449,-0.05699522,0.0085987095,0.22197877,0.0037833664
1779789392956991428,1779789393964585113,0.0,0.0,-0.40187854,-0.15448044,-0.075893015,0.010054261,0.16396488,0.0059438674
1779789393964585113,1779789394966689925,0.0,0.0,-0.41777855,-0.14975293,-0.06535489,0.010409774,0.21347715,0.0020344201
1779789394966689925,1779789395976536333,0.0,0.0,-0.3953988,-0.19562866,-0.049692594,0.022399763,0.22652374,0.0055875746
1779789395976536333,1779789396990244420,0.0,0.0,-0.42182,-0.17924169,-0.07975624,-0.02357109,0.17314547,0.0067878608
1779789396990244420,1779789397992607034,0.0,0.0,-0.3709019,-0.13907221,-0.048614692,0.018461637,0.22344941,0.0047453307
1779789397992607034,1779789398994296092,0.0,0.0,-0.39098394,-0.18039717,-0.041919075,0.020940013,0.21865878,0.0031338097
1779789398994296092,1779789400010245744,0.0,0.0,-0.32774577,-0.1362718,-0.0025501081,0.054404896,0.24484068,0.006268823
1779789400010245744,1779789401014244837,0.0,0.0,-0.3406903,-0.10649538,0.007743448,0.06531094,0.23347247,0.006603327
1779789401014244837,1779789402030502457,0.4175171949177648,0.010987294603026498,-0.29963076,-0.034189485,0.04629539,0.09990983,0.30789027,0.007349458
1779789402030502457,1779789403054488867,0.1043765750286074,0.0027467519744075576,-0.36402717,-0.13030022,-0.0056735394,0.058927096,0.24446943,0.005119168
1779789404061430419,1779789405068214434,0.11742234469084975,0.0031735768833283527,-0.33364895,-0.107821725,-0.035749193,0.031544667,0.22312686,0.0063658017
1779789405068214434,1779789406070396070,0.013046842075554078,0.0003526173534544034,-0.29152286,0.010839609,0.1159173,0.1668017,0.33191952,0.0040623713
1779789406070396070,1779789407076719281,0.0,0.0,-0.28612438,-0.06153956,0.030262277,0.121502735,0.2574812,0.003169374
1779789407076719281,1779789408088618778,0.0,0.0,-0.41846013,-0.17985797,-0.047373522,0.03169835,0.21193239,0.003469612
1779789408088618778,1779789409090373407,0.0,0.0,-0.34823343,-0.1079037,0.0035093175,0.06580514,0.2685172,0.001046417
1779789409090373407,1779789410090701093,0.0,0.0,-0.40832302,-0.18761286,-0.049839582,0.026797257,0.18516654,0.0023844878
1779789410090701093,1779789411113014901,0.0,0.0,-0.3106732,-0.09611915,0.016967969,0.08151756,0.2538476,0.0058579347
1779789411113014901,1779789412120293271,0.0,0.0,-0.31967863,-0.10723632,-0.037993826,0.03919821,0.20928138,0.004605353
1779789412120293271,1779789413132204333,0.0,0.0,-0.3438586,-0.0994307,0.0027632527,0.063208394,0.24579154,0.0035058113
1779789413132204333,1779789414144299040,0.0,0.0,-0.26012185,0.024227343,0.13955875,0.18479693,0.39497867,0.0065847267
1779789414144299040,1779789415162358739,0.0,0.0,-0.34899682,-0.099697754,-0.012750844,0.042359713,0.23814085,0.0069057443
1779789415162358739,1779789416176590346,0.0,0.0,-0.31988734,-0.10547536,0.025719916,0.07170757,0.28895837,0.0065730917
1779789416176590346,1779789417190313586,0.0,0.0,-0.29034093,-0.05834435,0.029605392,0.10627216,0.3037604,0.009566057
1779789417190313586,1779789418194788756,0.0,0.0,-0.38794857,-0.16885725,-0.08507083,-0.009711252,0.19027944,0.0065888665
1779789418194788756,1779789419206981385,0.0,0.0,-0.35363793,-0.09373915,0.015339302,0.07121981,0.2144953,0.007818148
1779789419206981385,1779789420216496385,0.0,0.0,-0.36291283,-0.11862217,-0.014380629,0.046601098,0.24937016,0.0034099189
1779789420216496385,1779789421230274710,0.0,0.0,-0.42337495,-0.19588621,-0.057292275,0.009110471,0.17827983,0.0068735993
1779789421230274710,1779789422236365842,0.0,0.0,-0.3178595,-0.004985794,0.09620041,0.17056847,0.42720455,0.0022575313
1779789422236365842,1779789423246749325,0.0,0.0,-0.37859687,-0.14742061,-0.03558814,0.024739666,0.26921347,0.005778053
1779789423246749325,1779789424252374814,0.0,0.0,-0.33496943,-0.08699765,0.018606106,0.075181685,0.25230232,0.004382892
1779789424252374814,1779789425254222546,0.0,0.0,-0.44203043,-0.20056756,-0.058138225,0.0046708006,0.2154453,0.0010317524
1779789425254222546,1779789426270477961,0.0,0.0,-0.47979987,-0.18462738,-0.055679727,0.0099277785,0.19769837,0.0047330097
1779789426270477961,1779789427278751467,0.0,0.0,-0.30665043,0.010945237,0.11608811,0.16815546,0.36296543,0.00666701
1779789427278751467,1779789428288368290,0.0,0.0,-0.39922392,-0.19332948,-0.062074114,0.016382677,0.20763572,0.0059307357
1779789428288368290,1779789429292677294,0.0,0.0,-0.3402336,-0.101507604,0.03491509,0.08967295,0.28854218,0.0063698143
1779789429292677294,1779789430296279985,0.0,0.0,-0.46593156,-0.21883763,-0.08648666,-0.0038406167,0.1789819,0.0033987511
1779789430296279985,1779789431310410015,0.0,0.0,-0.32812622,-0.11476244,0.047839027,0.09646046,0.27488354,0.00499088
1779789431310410015,1779789432314884641,0.0,0.0,-0.17348056,-0.018767498,0.06762563,0.12463025,0.27424207,0.004233735
1779789432314884641,1779789433332414126,0.0,0.0,-0.54050696,-0.28910097,-0.14732032,-0.08556841,0.11086122,0.0057625114
1779789433332414126,1779789434334426812,0.0,0.0,-0.35396707,-0.11400861,0.019697746,0.084511735,0.22417057,0.005833625
1779789435338272699,1779789436351025401,0.0,0.0,-0.33419898,-0.11048917,0.034792576,0.08491064,0.31023753,0.0034857765
1779789436351025401,1779789437360640980,0.0,0.0,-0.43637443,-0.18049464,-0.030943606,0.046179123,0.21523522,0.007532137
1779789437360640980,1779789438370404711,0.0,0.0,-0.4239406,-0.20458604,-0.10228234,-0.042708833,0.12815863,0.00049530034
1779789438370404711,1779789439384275661,0.0,0.0,-0.29995292,-0.12079219,-0.0061282185,0.050046895,0.2371304,0.0029687358
1779789439384275661,1779789440395958116,0.0,0.0,-0.37277955,-0.18471876,-0.07414218,-0.013179676,0.18117505,0.0044188485
1779789440395958116,1779789441404277802,0.0,0.0,-0.31862485,-0.10881599,-0.0054575256,0.06289124,0.22275135,0.008081288
1779789441404277802,1779789442406666256,0.0,0.0,-0.11329902,0.016897542,0.09648476,0.16102275,0.3160089,0.0039234054
1779789442406666256,1779789443416312832,0.0,0.0,-0.42770195,-0.18679944,-0.08317481,-0.017215988,0.18824218,0.0058449474
1779789443416312832,1779789444418380469,0.0,0.0,-0.40714526,-0.17103618,-0.038346726,0.020471686,0.16549806,0.00508874
1779789444418380469,1779789445444618711,0.0,0.0,-0.44278288,-0.22798567,-0.07415454,-0.020938054,0.20499022,0.004950311
1779789445444618711,1779789446446254977,0.0,0.0,-0.37407786,-0.14644885,-0.06930503,0.0044030226,0.15861851,0.0038083263
1779789446446254977,1779789447456449562,0.0,0.0,-0.35674003,-0.08083803,0.011474658,0.090918906,0.2712087,0.0029785654
1779789447456449562,1779789448484432229,0.0,0.0,-0.2790937,-0.05036662,0.066626646,0.1317681,0.3157443,0.007172556
1779789448484432229,1779789449496528969,0.0,0.0,-0.48795724,-0.25806287,-0.11875147,-0.047676664,0.19091007,0.00754728
1779789449496528969,1779789450498562797,0.0,0.0,-0.44199082,-0.23167413,-0.09804881,-0.027957294,0.15828888,0.0016366618
1779789450498562797,1779789451508244410,0.0,0.0,-0.40114146,-0.20445625,-0.069192216,-0.0011152946,0.16977887,0.005240667
1779789452533012712,1779789453534477145,0.0,0.0,-0.2943227,-0.09047307,0.02621129,0.10106457,0.27623442,0.009261952
1779789453534477145,1779789454545021435,0.0,0.0,-0.530416,-0.26094422,-0.12907997,-0.06340215,0.07873089,0.0053963317
1779789454545021435,1779789455550243207,0.0,0.0,-0.2191712,-0.053738285,0.056052458,0.11679713,0.29853758,0.0023273774
1779789455550243207,1779789456558276763,0.0,0.0,-0.32599723,-0.09599178,-0.013429771,0.07569212,0.26698184,0.010001656
1779789456558276763,1779789457565786769,0.0,0.0,-0.2181237,-0.018571697,0.08870945,0.1618377,0.3003093,0.004828544
1779789457565786769,1779789458568530339,0.0,0.0,-0.46385676,-0.22570997,-0.1271554,-0.062220752,0.14580962,0.006046816
1779789458568530339,1779789459595913656,0.0,0.0,-0.40490627,-0.18969643,-0.059745174,-0.0055455873,0.185139,0.006437779
1779789459595913656,1779789460596627651,0.0,0.0,-0.47775587,-0.23433563,-0.11610308,-0.052405786,0.1463458,0.0044535464
1779789460596627651,1779789461612884730,0.0,0.0,-0.49608082,-0.1853957,-0.0498787,0.016679686,0.18286587,0.003747767
1779789461612884730,1779789462624650064,0.0,0.0,-0.33147764,-0.12655233,-0.0066413567,0.06262156,0.26162705,0.007813803
1779789463640744342,1779789464646781898,0.0,0.0,-0.34816763,-0.12211448,-0.013773084,0.051748294,0.2866481,0.0066407304
1779789465654559192,1779789466681039726,0.0,0.0,-0.30805436,-0.07574367,0.037275847,0.10663873,0.34405327,0.002376022
1779789467686098772,1779789468702313342,0.0,0.0,-0.31666312,-0.09637718,-0.02341834,0.048295733,0.20331754,0.0038043335
1779789468702313342,1779789469712411068,0.0,0.0,-0.33668032,-0.08482304,0.0023806794,0.07125256,0.21636507,0.0042857802
1779789470713134474,1779789471722357137,0.0,0.0,-0.3519652,-0.10444675,-0.0056484626,0.08090713,0.27176145,0.006612222
1779789471722357137,1779789472722414057,0.0,0.0,-0.45126978,-0.18286374,-0.037068933,0.032587364,0.25848246,0.00680923
1779789472722414057,1779789473736584452,0.0,0.0,-0.3719348,-0.14187957,-0.03577707,0.039054394,0.23038246,0.003916373
1779789473736584452,1779789474752177838,0.0,0.0,-0.28160608,-0.037239224,0.05259371,0.10817955,0.30686882,0.004446049
1779789474752177838,1779789475765971519,0.0,0.0,-0.35368818,-0.09974721,-0.015602345,0.067498446,0.2138942,0.009711399
1779789476782474155,1779789477786368017,0.0,0.0,-0.26213107,-0.013851652,0.08119261,0.16059312,0.30066532,0.009444356
1779789477786368017,1779789478806197128,0.0,0.0,-0.41545293,-0.20985208,-0.08163383,-0.010850853,0.2077908,0.004738475
1779789478806197128,1779789479810191694,-0.7828406551411742,0.023722444095292956,-0.30704802,-0.03351541,0.08640216,0.14055762,0.3321156,0.006056375
1779789479810191694,1779789480821959444,0.0,0.0,-0.47480512,-0.27864683,-0.11740931,-0.04796397,0.10211639,0.0035852618
1779789480821959444,1779789481851135401,0.0,0.0,-0.39075455,-0.19846809,-0.039520342,0.024728982,0.18745422,0.005758211
1779789481851135401,1779789482864481129,0.0,0.0,-0.46394238,-0.20202482,-0.10406446,-0.039089013,0.15091255,0.005773737
1779789482864481129,1779789483868356935,0.0,0.0,-0.39004776,-0.14276361,-0.041012283,0.047247205,0.18309705,0.003722427
1779789483868356935,1779789484878351932,0.0,0.0,-0.41027614,-0.18063766,-0.035864737,0.012321848,0.22927491,0.005650407
1779789484878351932,1779789485902351370,0.0,0.0,-0.26698464,-0.05681422,0.04158843,0.09316986,0.28982553,0.0063692243
1779789485902351370,1779789486906451898,0.0,0.0,-0.28799474,-0.040034458,0.08386612,0.13115324,0.31107095,0.0057017044
1779789486906451898,1779789487908624494,0.0,0.0,-0.36556554,-0.1569479,-0.0545614,0.015562221,0.1914817,0.0055670007
1779789487908624494,1779789488916422774,0.0,0.0,-0.40222368,-0.20199668,-0.07431697,-0.012833144,0.19290017,0.005585486
1779789488916422774,1779789489934369210,0.0,0.0,-0.4149484,-0.21619724,-0.08772608,-0.013529987,0.16151188,0.0046517374
1779789489934369210,1779789490962470669,0.0,0.0,-0.38122925,-0.15079941,-0.052958112,0.019621301,0.17622015,0.005732504
1779789490962470669,1779789491970632123,0.0,0.0,-0.36365265,-0.13328928,-0.01734205,0.07091818,0.21759489,0.0038763154
1779789491970632123,1779789492984424074,0.0,0.0,-0.30431902,-0.026086394,0.07678835,0.14009391,0.3182398,0.005236711
1779789493996730841,1779789495010444463,0.0,0.0,-0.4874848,-0.2521078,-0.102096796,-0.039331853,0.12142127,0.008295682
1779789495010444463,1779789496028531086,0.0,0.0,-0.5036492,-0.19523707,-0.040417243,0.0127746845,0.233842,0.0060096914
1779789496028531086,1779789497056049089,0.0,0.0,-0.54784304,-0.31205073,-0.14428881,-0.07348567,0.1465548,0.0025132783
1779789497056049089,1779789498062869044,0.0,0.0,-0.3144767,-0.081938066,0.034577448,0.102975264,0.24979353,0.012188575
1779789498062869044,1779789499073183992,0.0,0.0,-0.4702065,-0.19768323,-0.09528197,-0.020091679,0.15395461,0.0024833756
1779789499073183992,1779789500080496264,0.0,0.0,-0.31047168,-0.066209614,0.03386404,0.104991615,0.27232948,0.007943086
1779789501109435292,1779789502113465027,0.0,0.0,-0.30389404,-0.07932124,-0.0146402195,0.053959966,0.25289166,0.009931519
1779789502113465027,1779789503114597915,0.0,0.0,-0.30672407,-0.06428205,0.035716396,0.099622965,0.25529245,0.0069219484
1779789503114597915,1779789504129419655,0.0,0.0,-0.37918383,-0.09514539,0.024889173,0.08181837,0.3029901,0.0075320317
1779789504129419655,1779789505138901469,0.0,0.0,-0.31922364,-0.09879518,-0.0069503314,0.050173983,0.21740343,0.005179504
1779789505138901469,1779789506166424509,0.0,0.0,-0.39514822,-0.15706034,-0.048621994,0.02450303,0.23812532,0.00932157
1779789506166424509,1779789507172840345,0.0,0.0,-0.37183127,-0.1701575,-0.017809793,0.047831886,0.25093004,0.0007917878
1779789507172840345,1779789508200945545,0.0,0.0,-0.2937768,-0.096376345,0.00093049306,0.054941174,0.21243006,0.0028038027
1779789508200945545,1779789509228551776,0.0,0.0,-0.37482858,-0.1548199,-0.04088697,0.025415514,0.23156564,0.0066380487
1779789509228551776,1779789510240576687,0.0,0.0,-0.19491734,-0.032842338,0.08299627,0.13958183,0.27818877,0.005992609
1779789510240576687,1779789511246366812,0.0,0.0,-0.14824785,0.027090253,0.13342011,0.20381252,0.34311146,0.0065710447
1779789511246366812,1779789512350832634,0.0,0.0,-0.27623233,-0.057711843,0.04188819,0.096003145,0.30422685,0.0062787533
1779789514378108291,1779789515383043892,0.0,0.0,-0.2479422,-0.021699,0.07006318,0.12827146,0.3719561,0.0067889863
1779789515383043892,1779789516407944277,0.0,0.0,-0.29483405,-0.079854585,0.052292902,0.101739995,0.27415854,0.008215281
1779789516407944277,1779789517420328961,0.0,0.0,-0.46302494,-0.23320559,-0.09176698,-0.02361658,0.16869786,0.0061340784
1779789517420328961,1779789518422214544,0.0,0.0,-0.31014532,-0.040099755,0.062406205,0.13382575,0.26926735,0.0107455505
1779789518422214544,1779789519448600933,0.0,0.0,-0.40856823,-0.2243178,-0.073018536,-0.0034175464,0.23047292,0.0046860976
1779789521485846585,1779789522506613235,0.0,0.0,-0.30559546,-0.09926834,-0.002915722,0.063022636,0.22423339,0.008225325
1779789522506613235,1779789523514824605,0.0,0.0,-0.48390907,-0.24977079,-0.11164183,-0.043681715,0.18955027,0.0062175654
1779789523514824605,1779789524533104961,0.0,0.0,-0.29594934,-0.11667412,-0.0009911683,0.055319734,0.2777571,0.002745792
1779789524533104961,1779789525536471173,0.0,0.0,-0.35988283,-0.11325037,-0.0069012037,0.070822775,0.23700513,0.007725795
1779789525536471173,1779789526542806237,0.0,0.0,-0.40768024,-0.19226354,-0.08263967,-0.014017534,0.16921528,0.0039832527
1779789526542806237,1779789527556272925,0.0,0.0,-0.27537248,-0.06847032,0.04839007,0.09594426,0.30097756,0.0061556357
1779789527556272925,1779789528557112104,0.0,0.0,-0.29986647,-0.08260669,0.008109762,0.08485878,0.27052778,0.006462276
1779789529568320358,1779789530576477383,0.0,0.0,-0.39911923,-0.17720047,-0.0550594,0.020746114,0.222392,0.007103596
1779789530576477383,1779789531604556516,0.0,0.0,-0.45014164,-0.22084162,-0.06276072,0.012770905,0.2209189,0.0030615637
1779789531604556516,1779789532604672488,0.0,0.0,-0.3300712,-0.12189968,-0.017979898,0.048611987,0.2163237,0.0074201333
1779789532604672488,1779789533614644456,0.0,0.0,-0.49383545,-0.26892102,-0.12363926,-0.047775388,0.20118865,0.004998402
1779789533614644456,1779789534616619540,0.0,0.0,-0.36589965,-0.14540748,-0.061235253,-0.004261214,0.22663435,0.003572841
1779789534616619540,1779789535630670984,0.0,0.0,-0.48875934,-0.21668313,-0.07555343,-0.0076675164,0.18785532,0.004870646
1779789535630670984,1779789536632434044,0.0,0.0,-0.407306,-0.20222168,-0.07265432,0.0032016258,0.19067311,0.0049407603
1779789536632434044,1779789537638469729,0.0,0.0,-0.28422168,-0.06707838,0.06331323,0.124869145,0.2837089,0.003712498
1779789539663161028,1779789540670359616,0.0,0.0,-0.31633225,-0.054017797,0.039957967,0.10196735,0.2819394,0.0077008093
1779789541680436180,1779789542687193592,0.0,0.0,-0.35755867,-0.12097249,-0.006477317,0.071819425,0.24746613,0.0049910443
1779789542687193592,1779789543704555169,0.0,0.0,-0.47266793,-0.23587927,-0.13324979,-0.066120945,0.083209194,0.0045838165
1779682097646486816,1779682098662314343,0.0,0.0,-0.3876634,-0.14698426,-0.029885277,0.03343444,0.20375848,0.007131083
1779682098662314343,1779682099686091187,0.0,0.0,-0.37704304,-0.106363095,-0.028517019,0.040342875,0.19949208,0.0070812795
1779682099686091187,1779682100710240627,0.0,0.0,-0.40806073,-0.14572826,-0.058478344,0.0084964875,0.19818728,0.0022864034
1779682100710240627,1779682101710631923,0.0,0.0,-0.37526223,-0.1706395,-0.00027251354,0.057228144,0.27929047,0.0069199945
1779682101710631923,1779682102722091371,0.0,0.0,-0.4296681,-0.19189698,-0.0855455,-0.016210567,0.16121323,0.00397329
1779682102722091371,1779682103727975582,0.0,0.0,-0.44969636,-0.21386628,-0.052865714,0.03206403,0.25393274,0.008849784
1779682103727975582,1779682104754940849,0.0,0.0,-0.21226455,-0.02828323,0.060287077,0.118371904,0.27051508,0.006107394
1779682104754940849,1779682105765930568,0.0,0.0,-0.44142756,-0.21294072,-0.12012645,-0.051066406,0.10519461,0.005051846
1779682105765930568,1779682106780057209,0.5324958862700453,0.01401304963902374,-0.36846578,-0.13325086,-0.03402745,0.035754327,0.23451583,0.0023214158
1779682106780057209,1779682107782103252,0.0,0.0,-0.36080134,-0.123964965,0.015875021,0.06982211,0.2533788,0.0058080205
1779682107782103252,1779682108786259728,0.0,0.0,-0.3226132,-0.10475295,-0.013364361,0.05307181,0.24380052,0.008215348
1779682108786259728,1779682109802855312,0.0,0.0,-0.38029638,-0.14498176,-0.06790406,0.00426336,0.19447584,0.004771662
1779682109802855312,1779682110816141225,0.0,0.0,-0.33328164,-0.12254681,-0.013889629,0.050303053,0.26060957,0.0063093863
1779682110816141225,1779682111838136222,0.0,0.0,-0.3872939,-0.097199015,-0.0028730326,0.064281605,0.21075262,0.0060431957
1779682111838136222,1779682112850008436,0.0,0.0,-0.38140497,-0.11155368,-0.0070863785,0.069212794,0.27233955,0.0023078136
1779682112850008436,1779682113874024679,0.0,0.0,-0.33485964,-0.06328675,0.013440409,0.075235106,0.29279646,0.004804274
1779682113874024679,1779682114900058276,0.0,0.0,-0.33733395,-0.12940301,-0.029533707,0.04177104,0.2199561,0.005784851
1779682114900058276,1779682115918019378,0.0,0.0,-0.32555023,-0.13504347,-0.022303326,0.0364647,0.22888273,0.0024198573
1779682115918019378,1779682116932047399,0.0,0.0,-0.48580867,-0.26113775,-0.115074314,-0.04880507,0.15775912,0.0074299327
1779682116932047399,1779682117954039465,0.0,0.0,-0.29678157,-0.040186018,0.06921942,0.13990031,0.30431396,0.0054781726
1779682117954039465,1779682118969904398,0.0,0.0,-0.41194472,-0.15950379,-0.041794088,0.024196226,0.15422782,0.0031783292
1779682118969904398,1779682119970117034,0.0,0.0,-0.34549695,-0.101527505,-0.008321017,0.058336746,0.21658449,0.00660264
1779682119970117034,1779682120978050551,0.0,0.0,-0.31149277,-0.07141569,0.044674724,0.11347271,0.25063917,0.0052633756
1779682120978050551,1779682121994117055,0.805183825849918,0.021189048048784652,-0.3691604,-0.1748251,-0.030501105,0.029007763,0.22014281,0.0045228433
1779682121994117055,1779682123004190313,-0.818171193037101,0.021530820869823004,-0.3830396,-0.17801714,-0.05562465,-0.005044556,0.18689163,0.0036071772
1779682123004190313,1779682124022025838,0.0,0.0,-0.3032738,-0.099194154,0.04164845,0.105243735,0.25486296,0.008140524
1779682124022025838,1779682125042031293,0.0,0.0,-0.27350807,0.007949945,0.12741004,0.17197306,0.37304354,0.0056863693
1779682125042031293,1779682126058003988,0.0,0.0,-0.35129762,-0.12095089,0.015162596,0.06874941,0.26447743,0.004454247
1779682126058003988,1779682127078172900,0.0,0.0,-0.3311386,-0.108032815,-0.02489834,0.060786195,0.23425844,0.004220462
1779682127078172900,1779682128081834588,0.0,0.0,-0.49131522,-0.2547513,-0.114955366,-0.061245937,0.13037807,0.004296792
1779682128081834588,1779682129090123475,0.0,0.0,-0.25241354,0.0056083156,0.09562115,0.15566404,0.39354864,0.005204638
1779682129090123475,1779682130113997256,0.519481531575417,0.013670566620704289,-0.3775981,-0.108847626,-0.014950104,0.060473256,0.2841704,0.005616978
1779682130113997256,1779682131134382056,0.0,0.0,-0.23660672,-0.06799466,0.05227074,0.10257671,0.26964214,0.0022544058
1779682131134382056,1779682132142139236,0.0,0.0,-0.37633425,-0.1121313,-0.042417306,0.028066702,0.23304662,0.0027276562
1779682132142139236,1779682133161987811,0.0,0.0,-0.39505076,-0.18368648,-0.06038897,0.006142262,0.20191354,0.0035100288
1779682133161987811,1779682134170149443,0.0,0.0,-0.37150586,-0.13511658,0.01418421,0.065612145,0.30250698,0.006471166
1779682134170149443,1779682135182119523,0.0,0.0,-0.38907483,-0.11881109,-0.01773946,0.040034063,0.28344738,0.0015741533
1779682135182119523,1779682136184124706,0.0,0.0,-0.428686,-0.21506849,-0.07991013,-0.0039919196,0.17126615,0.0023219588
1779682136184124706,1779682137197993735,0.0,0.0,-0.47042397,-0.23017867,-0.103481285,-0.041441698,0.15984292,0.0037465857
1779682137197993735,1779682138226199956,0.0,0.0,-0.4291872,-0.21161045,-0.0746912,-0.020038072,0.19654763,0.0033036978
1779682138226199956,1779682139231937050,0.0,0.0,-0.5492923,-0.29525948,-0.15655285,-0.08428357,0.16756536,0.0058279666
1779682139231937050,1779682140238104723,0.0,0.0,-0.3464227,-0.10264506,-0.01008804,0.06052273,0.2027056,0.0041038627
1779682140238104723,1779682141245975240,0.0,0.0,-0.39073873,-0.15309438,-0.027213655,0.033229854,0.24194737,0.006426661
1779682141245975240,1779682142254148507,0.0,0.0,-0.26403117,-0.033921566,0.06507071,0.14668192,0.3188761,0.0075671603
1779682152613973438,1779682153632324671,0.23375788527978125,0.006151523296830868,-0.37661326,-0.16990225,-0.018223274,0.03810279,0.22613527,0.0063582407
1779682153632324671,1779682154634359138,0.0,0.0,-0.48571846,-0.24770378,-0.14557494,-0.06128032,0.09192356,0.0022538744
1779682202819947426,1779682203840007207,0.0,0.0,-0.35602087,-0.049224198,0.06351833,0.13042654,0.36157218,0.003690687
1779682219737934682,1779682220754000288,0.0,0.0,-0.32613966,-0.111783504,-0.02979535,0.051267184,0.23747982,0.0050134882
1779682220754000288,1779682221761993553,0.0,0.0,-0.31016383,-0.07469201,0.039925985,0.10682787,0.36844236,0.0057076616
1779682221761993553,1779682222778014539,0.0,0.0,-0.39757094,-0.13984424,-0.019882407,0.033014216,0.27859443,0.004512967
1779682222778014539,1779682223780143986,0.0,0.0,-0.32488993,-0.06300729,0.032118667,0.086829826,0.23972915,0.0043689
1779682223780143986,1779682224805966665,0.0,0.0,-0.3811087,-0.11842521,-0.005559934,0.048206903,0.2704129,0.0027710341
1779682224805966665,1779682225808123520,0.0,0.0,-0.3150373,-0.066244304,0.06445601,0.11100576,0.3311024,0.0021747109
1779682225808123520,1779682226816227780,0.0,0.0,-0.44054112,-0.186625,-0.0626239,0.007343822,0.24356052,0.004512078
1779682226816227780,1779682227820110872,0.0,0.0,-0.48997298,-0.17733386,-0.053762566,0.006847317,0.17006902,0.0020153024
1779682228836131883,1779682229848343670,0.0,0.0,-0.51490206,-0.25119805,-0.10588646,-0.02649633,0.10147338,0.0038477243
1779682229848343670,1779682230864063782,0.0,0.0,-0.42517588,-0.1935202,-0.06769449,-0.008662674,0.14628504,0.005099002
1779682231884414131,1779682232905963667,0.0,0.0,-0.33659685,-0.12847851,-0.052120976,0.0034463794,0.16333465,0.0028975708
1779682232905963667,1779682233910020142,0.0,0.0,-0.32185218,-0.07687914,0.02905843,0.10295536,0.3702338,0.0074471002
1779682233910020142,1779682234929938640,0.0,0.0,-0.37371844,-0.097024105,-0.007758844,0.083012424,0.24684209,0.0061438554
1779682234929938640,1779682235941945560,0.0,0.0,-0.35426232,-0.11124183,-0.0047152634,0.048106547,0.21316111,0.0026356655
1779682235941945560,1779682236942139621,0.0,0.0,-0.43434533,-0.19192357,-0.06483214,0.014045621,0.21532805,0.0070865387
1779682236942139621,1779682237963867333,0.0,0.0,-0.39156613,-0.17448378,-0.077316254,-0.009777852,0.19481723,0.005513084
1779682237963867333,1779682238965948407,0.0,0.0,-0.46615645,-0.18231922,-0.0017764934,0.08329695,0.2767257,0.0034985605
1779682238965948407,1779682239976023586,0.0,0.0,-0.39132267,-0.120736726,0.009137578,0.06542942,0.26053035,0.006496043
1779682239976023586,1779682240994237982,0.0,0.0,-0.32268643,-0.10118897,0.0068617333,0.055352066,0.21292348,0.0036296993
1779682240994237982,1779682242017931578,0.0,0.0,-0.2857627,-0.078223236,0.048287336,0.11551793,0.2544601,0.0055503207
1779682242017931578,1779682243035970634,0.0,0.0,-0.4313696,-0.1635098,0.014084438,0.09522293,0.28243068,0.0033166076
1779682243035970634,1779682244056137105,0.0,0.0,-0.23409669,-0.019010164,0.095436096,0.146974,0.3383831,0.005433563
1779682244056137105,1779682245082066602,0.0,0.0,-0.39054638,-0.16030994,-0.029717926,0.036581106,0.18894193,0.0064771236
1779682247254292848,1779682248275964965,0.0,0.0,-0.3981634,-0.18353227,-0.09035674,-0.033442978,0.14850006,0.002055502
1779682248275964965,1779682249286369724,0.0,0.0,-0.35022244,-0.03239216,0.074289866,0.12963423,0.28994334,0.002828602
1779682250290663233,1779682251294125104,0.0,0.0,-0.40575162,-0.13860108,-0.052400045,0.0126258535,0.19352305,0.004317691
1779682251294125104,1779682252298179209,0.0,0.0,-0.35301834,-0.08704071,0.0075125275,0.054352105,0.2760708,0.006987029
1779682252298179209,1779682253322050611,0.0,0.0,-0.3301195,-0.08922075,0.032923494,0.091289446,0.33682936,-0.00052843126
1779682253322050611,1779682254334026347,0.0,0.0,-0.30981448,-0.11826132,-0.0014624799,0.05636178,0.27682635,0.0042891796
1779682254334026347,1779682255360275887,0.0,0.0,-0.21040092,-0.06072146,0.056184933,0.11392704,0.2569122,0.0057581286
1779682255360275887,1779682256366387604,0.0,0.0,-0.4139375,-0.18665145,-0.08186137,-0.016379738,0.17101766,0.0011360238
1779682256366387604,1779682257368229913,0.0,0.0,-0.396714,-0.1315291,-0.062835366,0.0060894014,0.25006512,0.0030721193
1779682257368229913,1779682258377992802,0.0,0.0,-0.47430003,-0.2184716,-0.11261336,-0.030866532,0.14385135,0.0022612559
1779682258377992802,1779682259400361068,0.0,0.0,-0.44086793,-0.18364653,-0.03598051,0.023508899,0.20980398,0.0037507804
1779682259400361068,1779682260401978374,0.0,0.0,-0.38034287,-0.15442604,-0.063879065,0.00042960187,0.20890372,0.0015946565
1779682260401978374,1779682261422113603,0.0,0.0,-0.3398393,-0.07926771,0.06426351,0.121204935,0.33177134,0.0038085815
1779682261422113603,1779682262424144101,0.0,0.0,-0.36578777,-0.08971266,0.012644329,0.07739109,0.21363778,0.005108128
1779682262424144101,1779682263437965293,0.0,0.0,-0.40832153,-0.14683552,-0.013023217,0.03558198,0.20244117,0.005722214
1779682263437965293,1779682264438416720,0.0,0.0,-0.3158577,-0.10884492,-0.02056213,0.038832385,0.22343126,0.007828128
1779682264438416720,1779682265448083775,0.0,0.0,-0.31576592,-0.13807973,0.019641504,0.073056534,0.2682088,0.009091383
1779682265448083775,1779682266452042976,0.0,0.0,-0.23516472,0.053839665,0.15528598,0.20605358,0.38724053,0.0061944006
1779682266452042976,1779682267458395011,0.0,0.0,-0.3741546,-0.07480739,0.014475759,0.09562855,0.3013437,0.0012870664
1779682267458395011,1779682268475893378,0.0,0.0,-0.38694108,-0.20283727,-0.076639056,-0.0050611654,0.1948552,0.003006047
1779682268475893378,1779682269480662579,-0.649254104649729,0.01754740823372074,-0.3777106,-0.117323816,-0.00833758,0.048949376,0.24162666,0.0035995583
1779682269480662579,1779682270492059805,0.0,0.0,-0.38178,-0.15223762,0.012934899,0.07646657,0.22403985,0.006690796
1779682270492059805,1779682271514327004,0.0,0.0,-0.39901295,-0.12501389,-0.02015863,0.050331213,0.28884387,0.004429941
1779682271514327004,1779682272538309587,0.0,0.0,-0.2674502,-0.07625177,0.030379381,0.09354882,0.24416445,0.0066305185
1779682274796021237,1779682275802214805,-0.2857189240293007,0.007518919053221171,-0.38569978,-0.121263206,0.000645266,0.06975185,0.24142605,0.00701142
1779682275802214805,1779682276820022994,0.0,0.0,-0.4071948,-0.1965384,-0.033334248,0.024456702,0.22780228,0.0049365554
1779682276820022994,1779682277841948856,0.0,0.0,-0.25036505,-0.019638075,0.094794795,0.1716303,0.3187444,0.005773349
1779682277841948856,1779682278848007296,0.0,0.0,-0.38166776,-0.11958989,-0.022836084,0.044992004,0.20141804,0.0073859286
1779682278848007296,1779682279866024003,0.0,0.0,-0.2906974,-0.06253318,0.018745208,0.10546707,0.25700337,0.0076860823
1779682279866024003,1779682280885976562,0.0,0.0,-0.475886,-0.20417681,-0.06052572,-0.0058057373,0.17985964,0.005475246
1779682280885976562,1779682281889979115,0.0,0.0,-0.4588958,-0.2301883,-0.10089381,-0.04166597,0.15430975,0.0044885734
1779682282904098258,1779682283928136095,0.0,0.0,-0.3189801,-0.13905767,-0.034637634,0.021310316,0.24251293,0.003353682
1779682283928136095,1779682284954140942,0.0,0.0,-0.43125886,-0.1442686,0.0139078945,0.095043726,0.2922781,0.0044145654
1779682284954140942,1779682285962288165,0.0,0.0,-0.33904645,-0.09457568,-0.005519787,0.062448382,0.28866765,0.005676781
1779682285962288165,1779682286990131186,0.0,0.0,-0.5561391,-0.2968533,-0.16331016,-0.09714135,0.13697217,0.005379928
1779682286990131186,1779682287992170204,0.0,0.0,-0.16773911,-0.010847168,0.09429393,0.15109144,0.30751848,0.005877488
1779682287992170204,1779682288993820895,0.0,0.0,-0.30349112,-0.1044848,0.007647408,0.072578855,0.27279937,0.0023783725
1779682288993820895,1779682289994279884,0.0,0.0,-0.3741231,-0.16531248,-0.083236255,-0.0050771683,0.19246201,0.006968121
1779682289994279884,1779682291017947247,0.0,0.0,-0.44645607,-0.17207289,-0.08573301,-0.0072923615,0.1914977,0.0018212511
1779682291017947247,1779682292026384564,0.0,0.0,-0.25896296,-0.07312157,0.019726742,0.06731252,0.22976921,0.0053711506
1779682292026384564,1779682293038271767,0.0,0.0,-0.46385923,-0.21369232,-0.122367725,-0.045651313,0.13136739,0.0041278563
1779682293038271767,1779682294049988229,0.0,0.0,-0.3529315,-0.17760617,-0.058244392,0.022830952,0.19883245,0.003623342
1779682294049988229,1779682295053965074,0.0,0.0,-0.3955745,-0.12300419,-0.00017626368,0.0579517,0.21951379,0.0061303875
1779682295053965074,1779682296074145652,0.0,0.0,-0.41916224,-0.21254258,-0.08299448,-0.02375118,0.14611018,0.00096362893
1779682296074145652,1779682297077956994,0.0,0.0,-0.3825531,-0.1558333,-0.03569722,0.023482027,0.21829374,0.005906598
1779682297077956994,1779682298090147661,0.0,0.0,-0.425274,-0.15840991,-0.055006653,0.012598794,0.20583469,0.006000291
1779682298090147661,1779682299110171200,-0.9091599822616012,0.023925262691249533,-0.19930714,-0.03861602,0.076071724,0.13156483,0.26431134,0.0044641667
1779682299110171200,1779682300131992508,0.0,0.0,-0.20511316,-0.04288568,0.062058296,0.13126847,0.28021982,0.0050819814
1779682300131992508,1779682301150300836,0.0,0.0,-0.4688475,-0.2420787,-0.11724362,-0.058193512,0.12553944,0.0043139355
1779682301150300836,1779682302177960465,0.0,0.0,-0.3637137,-0.10272099,0.037328757,0.102479085,0.2682225,0.008703901
1779682302177960465,1779682303186182615,0.0,0.0,-0.35085127,-0.15675636,0.011360142,0.06205391,0.27461457,0.005766248
1779682303186182615,1779682304209995268,0.0,0.0,-0.29831436,-0.06914577,0.020506259,0.090912305,0.27848384,0.008006703
1779682304209995268,1779682305226056061,0.5195301111077723,0.013671845029194468,-0.38470906,-0.17009898,-0.049512923,0.022687253,0.18227246,0.0013880779
1779682305226056061,1779682306240042928,0.6883358250339972,0.018114100658737555,-0.36131948,-0.10688971,0.043715537,0.09797918,0.24466397,0.006414593
1779682306240042928,1779682307260036287,1.0259220645887237,0.02630569396408133,-0.30731243,-0.06771803,0.06062295,0.14284195,0.27230495,0.0068828515
1779682308264039028,1779682309286195332,0.0,0.0,-0.34394628,-0.13549323,0.023938315,0.088955306,0.2591141,0.0038714583
1779682309286195332,1779682310308016936,0.0,0.0,-0.38649106,-0.1455329,-0.008053822,0.053184275,0.26390848,0.0048022293
1779682310308016936,1779682311325914371,0.0,0.0,-0.35447004,-0.12484367,0.014505945,0.06974895,0.22782038,0.004356538
1779682311325914371,1779682312346200807,0.0,0.0,-0.35689092,-0.112978645,-0.004713514,0.06064359,0.24586168,0.0005233614
1779682312346200807,1779682313367915746,0.0,0.0,-0.37214917,-0.13439438,-0.017460695,0.048021123,0.26290324,0.003465478
1779682313367915746,1779682314393907146,0.0,0.0,-0.3983666,-0.13152575,0.0022640412,0.0641854,0.22706647,0.0048726653
1779682314393907146,1779682315412466219,0.0,0.0,-0.3893292,-0.16358253,-0.021575738,0.037270203,0.22366974,0.0019544493
1779682315412466219,1779682316430060563,0.0,0.0,-0.50575244,-0.24265125,-0.088170655,-0.029664226,0.13915546,0.0027913144
1779682316430060563,1779682317449913583,0.07790867156026907,0.002050228198675385,-0.32384515,-0.13915616,-0.025526484,0.028902344,0.23400429,0.0036140599
1779682317449913583,1779682318461957548,0.0,0.0,-0.3604985,-0.07792707,0.01533368,0.084387235,0.29973507,0.00440729
1779682318461957548,1779682319462009954,0.0,0.0,-0.35548547,-0.13292737,-0.007590349,0.047155038,0.2875858,0.003838917
1779682319462009954,1779682320470260821,0.0,0.0,-0.26503673,-0.03642565,0.03565194,0.10588945,0.26996696,0.0056896564
1779682320470260821,1779682321490062616,0.0,0.0,-0.35832864,-0.12370274,0.00069131475,0.061770223,0.2357881,0.00372748
1779682321490062616,1779682322500036112,0.0,0.0,-0.307441,-0.13636775,-0.015546498,0.03387288,0.23730531,0.0042252066
1779682322500036112,1779682323514055993,0.0,0.0,-0.38051188,-0.13258146,-0.036631797,0.05238325,0.20950612,0.0047702943
1779682323514055993,1779682324542150268,0.0,0.0,-0.3512693,-0.08322984,0.03344097,0.1009871,0.2923389,0.0060880384
1779682324542150268,1779682325545895046,0.0,0.0,-0.46084213,-0.18649696,-0.045651965,0.022999844,0.18072928,0.0021262013
1779682325545895046,1779682326557928268,0.0,0.0,-0.43112224,-0.13982712,-0.025119206,0.039573483,0.24680983,0.008270018
1779682326557928268,1779682327576151063,0.0,0.0,-0.36908662,-0.12851791,-0.04518693,0.04063797,0.23028523,0.0074229715
1779682327576151063,1779682328578208606,0.0,0.0,-0.38691002,-0.14162646,-0.03844869,0.03757435,0.1764084,0.004454548
1779682329591570243,1779682330594049804,0.0,0.0,-0.31902498,-0.08431621,-0.0007909704,0.080904,0.23004971,0.00717601
1779682330594049804,1779682331620013583,0.0,0.0,-0.34217152,-0.13019183,-0.039690774,0.021330914,0.22880836,0.002846685
1779682331620013583,1779682332632270523,0.0,0.0,-0.39747122,-0.14312932,-0.06032608,0.01156454,0.20608075,0.0018639027
1779682332632270523,1779682333658700898,0.3765500227665485,0.009909211125565327,-0.54874015,-0.31569475,-0.139955,-0.07033046,0.14543442,0.003083132
1779682333658700898,1779682334662427168,0.0,0.0,-0.29813918,-0.07902584,0.021677634,0.09372007,0.26366502,0.009233886
1779682334662427168,1779682335677962579,0.14282560993379906,0.003758568682486971,-0.43539858,-0.2078659,-0.057471897,-0.0028732659,0.2052053,0.003997316
1779682335677962579,1779682336681989547,0.3375796964297743,0.009123775579129217,-0.2981217,-0.04764951,0.05227746,0.12520567,0.28595543,0.0067257043
1779682336681989547,1779682337686070732,0.7789865778064196,0.020499646784288256,-0.35324338,-0.06813258,0.030559726,0.09835989,0.32849154,0.006680243
1779682337686070732,1779682338690024402,0.0,0.0,-0.35888427,-0.12267502,-0.03009728,0.039374962,0.23784105,0.0060438244
1779682338690024402,1779682339709863208,0.0,0.0,-0.35155556,-0.123351775,0.010134461,0.07325673,0.25262,0.010017426
1779682339709863208,1779682340724143197,0.0,0.0,-0.38203633,-0.14368315,-0.043683276,0.025612937,0.22608255,0.005091504
1779682340724143197,1779682341729920546,0.0,0.0,-0.33978897,-0.07388996,0.018271796,0.097825125,0.2757892,0.0023853201
1779682341729920546,1779682342748331983,0.0,0.0,-0.45085248,-0.22950181,-0.09800848,-0.030960683,0.15031919,0.005338084
1779682342748331983,1779682343763938237,0.0,0.0,-0.56828815,-0.32110065,-0.18019795,-0.10637942,0.08254804,0.003958644
1779682343763938237,1779682344789933293,0.06491280911528889,0.0017082318189216338,-0.39618057,-0.15576626,-0.03840232,0.04642318,0.2555467,0.00085131853
1779682344789933293,1779682345794023223,0.0,0.0,-0.31692573,-0.11134265,0.0118686855,0.064731106,0.24482447,0.0035278702
1779682345794023223,1779682346821824006,0.0,0.0,-0.49390048,-0.2599865,-0.14167327,-0.08082091,0.09974103,0.0046653952
1779682346821824006,1779682347825979557,0.0,0.0,-0.3496309,-0.14117508,-0.055081163,0.020232929,0.28041,0.0036005513
1779682347825979557,1779682348830082588,0.0,0.0,-0.30652824,-0.10934054,-0.02514531,0.05569083,0.21540532,0.007855005
1779682348830082588,1779682349834041149,0.0,0.0,-0.4242923,-0.1852752,-0.08364222,-0.030353043,0.15968826,0.0031104556
1779682349834041149,1779682350845964410,0.0,0.0,-0.3989378,-0.14875945,-0.029267982,0.03295398,0.20572434,0.004665552
1779682350845964410,1779682351852178836,0.0,0.0,-0.44519734,-0.1876604,-0.055944167,-0.0020326308,0.18955302,0.0053113303
1779682351852178836,1779682352857892385,0.0,0.0,-0.59263396,-0.3385437,-0.18462183,-0.1050741,0.08913572,0.0027315754
1779682352857892385,1779682353875988412,0.0,0.0,-0.24964699,-0.01819029,0.07894719,0.13720883,0.29919276,0.009458181
1779682353875988412,1779682354877988870,0.0,0.0,-0.4235543,-0.19501962,-0.06933991,-0.005717092,0.17777643,0.005750128
1779682354877988870,1779682355878114963,0.0,0.0,-0.39953876,-0.18678676,-0.057549812,-0.010345134,0.19807927,0.003364447
1779682355878114963,1779682356878287951,0.0,0.0,-0.3707858,-0.11166082,0.0145992795,0.07691241,0.23767734,0.005235496
1779682356878287951,1779682357905985361,0.0,0.0,-0.17027472,0.006396125,0.09418327,0.16940746,0.31777284,0.0025061092
1779682357905985361,1779682358927992976,0.0,0.0,-0.31712046,-0.12779248,-0.020076703,0.027369251,0.20155649,0.0017168951
1779682358927992976,1779682359948381155,0.0,0.0,-0.48486605,-0.20644937,-0.061234973,0.001492456,0.17823957,0.0039794263
1779682359948381155,1779682360964080447,0.0,0.0,-0.37430203,-0.18275136,-0.06651199,-0.006731705,0.17288704,0.0036042375
1779682360964080447,1779682361986201614,0.0,0.0,-0.331176,-0.10338865,-0.01954229,0.06779491,0.2091254,0.006682905
1779682361986201614,1779682363014138503,0.0,0.0,-0.38397086,-0.14356902,-0.017791387,0.054131284,0.21604262,0.0030482651
1779682363014138503,1779682364037966090,0.0,0.0,-0.4672546,-0.17645839,-0.03960199,0.022010518,0.17254885,0.0024282243
1779682364037966090,1779682365046003520,0.0,0.0,-0.42246014,-0.15545577,-0.024428755,0.035733424,0.24798821,0.007068941
1779682365046003520,1779682366052424056,0.0,0.0,-0.35644338,-0.077630855,0.050663255,0.10464287,0.28539273,0.0074609914
1779682366052424056,1779682367062271809,0.0,0.0,-0.4832728,-0.19039467,-0.08701048,-0.019752309,0.15058139,0.002700656
1779682367062271809,1779682368065829720,0.0,0.0,-0.30367628,-0.13605632,-0.0037214123,0.053802878,0.269693,0.0016458115
1779682368065829720,1779682369090067196,0.0,0.0,-0.28955373,-0.109144315,-0.0045750877,0.06982799,0.22924799,0.006918355
1779682369090067196,1779682370102042005,0.0,0.0,-0.4924211,-0.22323748,-0.06528801,0.0013596751,0.14264649,0.0044741533
1779682370102042005,1779682371118540945,0.0,0.0,-0.2922581,-0.10023478,-0.014248782,0.050837513,0.19827779,0.0040116
1779682371118540945,1779682372138030545,0.0,0.0,-0.3997351,-0.11492072,-0.031626966,0.035943095,0.21625952,0.0041696946
1779682372138030545,1779682373144092976,0.0,0.0,-0.30532214,-0.09539574,0.03430925,0.099094056,0.3024601,0.0010780492
1779682373144092976,1779682374158126611,0.0,0.0,-0.43535253,-0.23241091,-0.09145957,-0.033564746,0.16266441,0.0017065441
1779682374158126611,1779682375176263195,0.0,0.0,-0.3393606,-0.05163917,0.060425244,0.1252441,0.31146353,0.005580497
1779682375176263195,1779682376193928314,0.0,0.0,-0.24241273,-0.0069623454,0.10168898,0.16751602,0.29181257,0.0033096357
1779682376193928314,1779682377193945650,0.0,0.0,-0.4303141,-0.18224621,-0.055424895,0.00192719,0.18860936,0.0050815763
1779682377193945650,1779682378194075217,0.0,0.0,-0.34125534,-0.12039584,0.042767502,0.09067782,0.23913439,0.0065804115
1779682378194075217,1779682379198047335,0.0,0.0,-0.34532472,-0.057593085,0.040768884,0.09458492,0.26016212,0.0051291934
1779682379198047335,1779682380223241815,0.0,0.0,-0.3716654,-0.12015813,-0.018568268,0.05598912,0.23738274,0.007254571
1779682380223241815,1779682381234269211,0.0,0.0,-0.119818136,0.06380014,0.15042408,0.20097344,0.34723076,0.00792314
1779682381234269211,1779682382240199786,0.0,0.0,-0.31723136,-0.074923165,0.031630956,0.07647245,0.26370898,0.0063004848
1779682382240199786,1779682383250114462,0.0,0.0,-0.47389564,-0.23815586,-0.12208387,-0.04557746,0.11674385,0.0021118722
1779682383250114462,1779682384261982704,0.0,0.0,-0.3204321,-0.075074844,0.041906666,0.09594133,0.2557965,0.010186976
1779682385279341981,1779682386294136657,0.3245126469357536,0.007546805742811367,-0.4163533,-0.15687159,-0.04755368,0.025513258,0.15729873,0.006984835
1779682386294136657,1779682387318124055,0.0,0.0,-0.47067744,-0.16709939,-0.03840724,0.024504617,0.18009077,0.003925423
1779682387318124055,1779682388342271026,0.0,0.0,-0.32875174,-0.039925728,0.052249465,0.10657782,0.28572074,0.008538691
1779682388342271026,1779682389349958859,0.0,0.0,-0.37510642,-0.11925682,-0.013249425,0.04842406,0.19457328,0.0075309263
1779682389349958859,1779682390374102367,0.0,0.0,-0.37743342,-0.118267864,-0.014854857,0.059526432,0.23772089,0.0070748
1779682390374102367,1779682391382012343,0.0,0.0,-0.3595237,-0.08226956,0.019852035,0.076493375,0.30175555,0.0041237953
1779682391382012343,1779682392382023233,0.0,0.0,-0.3957387,-0.2015971,-0.08164367,-0.0039666793,0.1770704,0.004089269
1779682392382023233,1779682393386189857,0.0,0.0,-0.39026514,-0.15094276,-0.04998694,0.004790938,0.22669576,0.005757213
1779682393386189857,1779682394394053611,0.0,0.0,-0.40416837,-0.196529,-0.055397134,0.0031629486,0.20828725,0.002434271
1779682394394053611,1779682395416011213,0.0,0.0,-0.35320404,-0.094913,0.0176336,0.07623157,0.21213609,0.0048227548
1779682395416011213,1779682396438081416,0.0,0.0,-0.3815448,-0.12226601,-0.011208396,0.07060359,0.20999223,0.005013712
1779682398452124595,1779682399453909267,0.0,0.0,-0.20767024,0.009195594,0.112198874,0.17345335,0.30362588,0.004670679
1779682399453909267,1779682400646880065,-0.33758890114874723,0.009377469475996885,-0.4815427,-0.23129775,-0.06672756,-0.0018531947,0.21032488,0.005219471
1779682400646880065,1779682401668412008,-0.7271532666977197,0.015471346100040825,-0.40932295,-0.16451223,-0.012389964,0.046183463,0.18831012,0.008269322
1779682821056037932,1779682822062260353,0.0,0.0,-0.38151598,-0.1492353,-0.02521534,0.04103946,0.2226378,0.004700595
1779682822062260353,1779682823070257929,0.0,0.0,-0.46366656,-0.21846732,-0.077154174,-0.012066783,0.14413027,0.001975454
1779682823070257929,1779682824082100296,0.0,0.0,-0.26988545,-0.028708935,0.08749749,0.14577384,0.31923652,0.0057863407
1779682942142431406,1779682943148699560,0.0,0.0,-0.3891195,-0.207996,-0.07616268,-0.017566439,0.15625826,0.005969085
1779682943148699560,1779682944149238824,0.0,0.0,-0.40351534,-0.18264967,-0.08533786,-0.025417358,0.15857106,0.001847797
1779682944149238824,1779682945168287440,0.0,0.0,-0.22929856,-0.00681853,0.08887144,0.14064832,0.29011792,0.009104329
1779683627786158940,1779683628790358842,0.0,0.0,-0.42581528,-0.18356058,-0.048305184,0.010901101,0.18886685,0.0054788715
1779683630798104485,1779683631804119615,0.0,0.0,-0.4071354,-0.2069343,-0.06424424,-0.0015954243,0.18452674,0.004846227
1779683636614099338,1779683637616037415,0.0,0.0,-0.31766677,-0.081053995,-0.009302365,0.07458923,0.2735122,0.007799362
1779683637616037415,1779683638638488168,0.0,0.0,-0.41269588,-0.1789429,-0.047815207,0.036646564,0.19979003,0.0030025642
1779683638638488168,1779683639640426200,0.0,0.0,-0.46804628,-0.21117999,-0.06064366,0.0081529645,0.17167546,0.0025355604
1779683639640426200,1779683640646064696,0.0,0.0,-0.50893223,-0.21701856,-0.06507498,0.007312703,0.19183618,0.0038974306
1779683640646064696,1779683641650305691,0.0,0.0,-0.24372607,0.0018625491,0.10961725,0.19197412,0.3270886,0.006790754
1779683641650305691,1779683642670116436,0.0,0.0,-0.37571895,-0.14886256,-0.024895588,0.046324782,0.28023714,0.0053127264
1779683642670116436,1779683643690387083,0.0,0.0,-0.44410142,-0.24672793,-0.10201948,-0.036384825,0.18211247,0.005621411
1779683644712152067,1779683645722070551,-0.3371528865462757,0.00887244438293291,-0.4723884,-0.227428,-0.074385464,-0.007931632,0.14048196,0.0054200203
1779683647926265755,1779683648952117090,0.0,0.0,-0.45458043,-0.21009095,-0.092271425,-0.02429742,0.1305839,0.0045518605
1779683648952117090,1779683649958371037,0.0,0.0,-0.29324538,-0.093015134,0.017544512,0.06952613,0.27325824,0.0052799033
1779683649958371037,1779683650962834388,0.0,0.0,-0.4031371,-0.15987918,-0.053631607,0.0033229762,0.1816023,0.007424546
1779683651963884734,1779683652982447764,0.0,0.0,-0.39792696,-0.16704398,-0.08472199,-0.019906878,0.15686287,0.0058732904
1779683652982447764,1779683654002143619,0.0,0.0,-0.37083083,-0.15601216,-0.022546867,0.032336593,0.21227409,0.006140836
1779683654002143619,1779683655030102123,0.0,0.0,-0.47832587,-0.21160935,-0.09500444,-0.012885724,0.23649663,0.0052133766
1779683655030102123,1779683656053990638,0.0,0.0,-0.46801156,-0.232052,-0.079274215,-0.022349562,0.1800051,0.0061293994
1779683656053990638,1779683657056233994,0.0,0.0,-0.34797576,-0.104407325,0.014845363,0.069536395,0.23860662,0.010431317
1779683657056233994,1779683658078222488,0.0,0.0,-0.40227976,-0.18588638,-0.06296453,0.002971242,0.18745138,0.005050376
1779683658078222488,1779683659102586756,0.0,0.0,-0.49777752,-0.25704128,-0.094738975,-0.034138374,0.18489617,0.005438648
1779683659102586756,1779683660128743724,0.0,0.0,-0.25888446,-0.04329128,0.07115428,0.1218282,0.3349602,0.0063135433
1779683660128743724,1779683661154214764,0.0,0.0,-0.46795878,-0.2084851,-0.09845563,-0.037442036,0.1439414,0.0049459846
1779683661154214764,1779683662170251415,0.0,0.0,-0.38816962,-0.18972643,-0.07204862,-0.00094990165,0.14930406,0.002984732
1779683662170251415,1779683663194232255,0.0,0.0,-0.4207544,-0.19533594,-0.05753488,0.012086285,0.1829736,0.0036344563
1779683663194232255,1779683664200190257,0.0,0.0,-0.3611486,-0.14044917,-0.019272903,0.045277745,0.25955093,0.0022049125
1779683666418092057,1779683667438165827,0.0,0.0,-0.26124787,-0.037325118,0.06778335,0.12545504,0.34905878,0.003619589
1779683667438165827,1779683668440427876,0.0,0.0,-0.3364233,-0.07990525,-0.0117131835,0.061846018,0.3148266,0.004310944
1779683668440427876,1779683669450246684,0.0,0.0,-0.40431747,-0.2072877,-0.07857128,-0.01567452,0.16458479,0.0015979938
1779683669450246684,1779683670470373846,0.0,0.0,-0.44403923,-0.17226356,-0.05776683,0.0022504178,0.21082073,0.0050639356
1779683670470373846,1779683671476072724,0.0,0.0,-0.32938522,-0.15108433,-0.042863987,0.025210744,0.22825027,0.0012696822
1779683672480218365,1779683673486529087,0.0,0.0,-0.4675211,-0.23960136,-0.09883083,-0.027240576,0.16906486,0.0052219927
1779683673486529087,1779683674504248200,0.0,0.0,-0.4109007,-0.15942664,-0.054764025,0.011279522,0.17953575,0.004258756
1779683674504248200,1779683675513994632,0.0,0.0,-0.3505791,-0.113960296,-0.00018811412,0.07289305,0.2432379,0.0054699415
1779683675513994632,1779683676518167309,0.0,0.0,-0.32319897,-0.11493388,-0.029432092,0.029813826,0.25646773,0.004760995
1779683676518167309,1779683677530179341,0.5707218400588576,0.015018995790664524,-0.3991126,-0.16559555,-0.029904826,0.029229725,0.18151514,0.0043014074
1779683677530179341,1779683678534104199,0.0,0.0,-0.2912299,-0.059029225,0.036469832,0.08566555,0.27699673,0.0054841377
1779683678534104199,1779683679538203867,0.0,0.0,-0.44496036,-0.21127208,-0.09618366,-0.03352845,0.13827218,0.006884611
1779683679538203867,1779683680560061766,0.350199548925644,0.009215777603500149,-0.5061639,-0.26808715,-0.09437651,-0.03370989,0.17943488,0.005487801
1779683690592910695,1779683691606307467,0.0,0.0,-0.42482004,-0.18120843,-0.058033604,0.006606902,0.16592361,0.004819566
1779683695684118437,1779683696686485205,0.0,0.0,-0.22486393,-0.014227927,0.09114367,0.14810663,0.26820305,0.004764418
1779683696686485205,1779683697692313444,0.0,0.0,-0.17659284,-0.026698057,0.077818185,0.1529753,0.31012753,0.006517243
1779683697692313444,1779683698694484302,0.0,0.0,-0.37016398,-0.12406618,0.0021262213,0.07368139,0.21123247,0.0047453954
1779683698694484302,1779683699706014370,0.0,0.0,-0.3504099,-0.114775784,-0.01614189,0.042053908,0.23608266,0.00936939
1779683699706014370,1779683700718058268,0.0,0.0,-0.37771744,-0.1336272,0.009216496,0.07272631,0.27804112,0.004604356
1779683700718058268,1779683701728436674,0.49280792237661575,0.012968629536340353,-0.30573308,-0.089276575,0.0031678474,0.066609524,0.25351757,0.008488514
1779683702738344620,1779683703746298417,0.0,0.0,-0.3201686,-0.101066105,0.013809918,0.077209674,0.26496416,0.0071368627
1779683703746298417,1779683704750009896,0.0,0.0,-0.38116455,-0.114949346,-0.04217759,0.025828553,0.26679695,0.0028771888
1779683704750009896,1779683705750183359,0.0,0.0,-0.29593754,-0.047116872,0.058143873,0.11452579,0.3300776,0.008954017
1779683705750183359,1779683706770024821,0.0,0.0,-0.40166867,-0.16524816,-0.051305864,0.025231414,0.21953547,0.0030323558
1779683706770024821,1779683707782152780,0.0,0.0,-0.2744446,0.010144026,0.12020264,0.18139128,0.38567576,0.0034369447
1779683708806282271,1779683709834253778,0.0,0.0,-0.21728104,-0.07128688,0.026459567,0.101788074,0.24219194,0.0048343707
1779683709834253778,1779683710842200848,0.5057513001477619,0.013309244740686142,-0.44221678,-0.22029579,-0.08227375,-0.013304409,0.18057169,0.0061138915
1779683710842200848,1779683711845184923,0.0,0.0,-0.38304487,-0.14681157,-0.051730335,0.0044292896,0.18032113,0.005611765
1779683711845184923,1779683712862044089,0.0,0.0,-0.3193068,-0.08823408,-7.840421e-05,0.05915095,0.23101597,0.0066339187
1779683712862044089,1779683713864427766,0.0,0.0,-0.40455094,-0.16655733,-0.060787268,0.0023416756,0.18420604,0.0037479557
1779683713864427766,1779683714888249284,0.5316596860567703,0.01399104436983796,-0.3306531,-0.16528237,-0.061592422,-0.0016022358,0.21101312,0.0023496572
1779683714888249284,1779683715904268610,0.0,0.0,-0.38781768,-0.16248903,-0.023679845,0.03016339,0.166702,0.0049423357
1779683715904268610,1779683716920302669,0.0,0.0,-0.26815844,-0.056484718,0.035160266,0.09467949,0.31063533,0.0020642593
1779683716920302669,1779683717932170531,0.0,0.0,-0.46068,-0.23690869,-0.13927294,-0.05793565,0.097417966,0.002846816
1779683717932170531,1779683718932370064,0.0,0.0,-0.3635946,-0.11007198,-0.022654595,0.032073643,0.17842722,0.0037167165
1779683718932370064,1779683719942295829,-1.0114743998617375,0.026617747364361163,-0.42423657,-0.16183329,0.013894738,0.077153616,0.24353738,0.0034146581
1779683719942295829,1779683720950743368,0.0,0.0,-0.39054713,-0.1423063,-0.01904688,0.049073853,0.23319833,0.0039579156
1779683720950743368,1779683721960124509,0.0,0.0,-0.21175739,-0.06431167,0.060075913,0.11413019,0.28726065,0.0051956056
1779683721960124509,1779683722986022244,0.0,0.0,-0.37325218,-0.13765708,-0.002003938,0.046281952,0.26490486,0.008162875
1779683722986022244,1779683723990245523,0.0,0.0,-0.48387766,-0.22893706,-0.10286378,-0.030790064,0.14829211,0.0034562033
1779683723990245523,1779683725006029312,0.0,0.0,-0.29559517,-0.093067504,0.0019601285,0.06984024,0.24377966,0.00078031264
1779683725006029312,1779683726006143452,0.0,0.0,-0.33782876,-0.12549867,-0.02786802,0.0443783,0.22384192,0.006095522
1779683726006143452,1779683727022074801,0.0,0.0,-0.39696106,-0.13834319,-0.03796553,0.020130917,0.24320315,0.0050307927
1779683727022074801,1779683728028580880,0.0778093554099637,0.002047614615874911,-0.26633808,-0.024960766,0.053244833,0.115687825,0.36018473,0.0070242696
1779683728028580880,1779683729040430377,0.0,0.0,-0.4214634,-0.19882858,-0.06381321,0.0034434402,0.18619524,0.0025789358
1779683729040430377,1779683730046207370,0.0,0.0,-0.32319668,-0.08298597,0.033419557,0.091585495,0.24999247,0.0057049636
1779683730046207370,1779683731058196029,0.0,0.0,-0.4399088,-0.21276338,-0.07974931,0.0042726914,0.2640964,0.005237965
1779683731058196029,1779683732078249504,0.0,0.0,-0.30444124,-0.07730763,0.058823828,0.10887137,0.25327402,0.008557591
1779683732078249504,1779683733080232895,0.0,0.0,-0.35708886,-0.12773907,0.00876324,0.06993541,0.27430943,0.001045028
1779683733080232895,1779683734090364040,0.0,0.0,-0.44174752,-0.14915548,-0.04829998,0.010825287,0.20985427,0.00566773
1779683734090364040,1779683735102342992,0.0,0.0,-0.3285464,-0.123532094,-0.008457927,0.055686958,0.30505815,0.0063128592
1779683735102342992,1779683736110512144,0.0,0.0,-0.4338484,-0.22975135,-0.08347879,-0.022700038,0.15892605,0.0036316828
1779683736110512144,1779683737114251546,0.0,0.0,-0.50568813,-0.22614443,-0.07776023,-0.011193956,0.13552979,0.005189744
1779683737114251546,1779683738134289598,0.0,0.0,-0.3558539,-0.11043302,-0.023129383,0.03560946,0.23878148,0.0034776055
1779683738134289598,1779683739156151313,0.0,0.0,-0.39131242,-0.13670035,-0.048459426,0.047134623,0.23855712,0.004841174
1779683739156151313,1779683740182469293,0.0,0.0,-0.1189011,0.0071158647,0.09016818,0.14957674,0.30587766,0.004165743
1779683740182469293,1779683741210201797,0.0,0.0,-0.35962188,-0.15010434,-0.052821297,0.022063076,0.20413586,0.0052103233
1779683741210201797,1779683742232225307,0.0,0.0,-0.40657,-0.19224969,-0.08582576,-0.020787356,0.16176699,0.007767598
1779683742232225307,1779683743238416517,0.0,0.0,-0.3011562,-0.07205335,0.0105817225,0.07946205,0.22390288,0.003295584
1779683743238416517,1779683744244286432,0.0,0.0,-0.32370904,-0.13995038,-0.036903378,0.03726787,0.231216,0.0064466684
1779683744244286432,1779683745246097253,0.0,0.0,-0.32267386,-0.11786217,-0.0036462506,0.06391914,0.23850389,0.0022987416
1779683745246097253,1779683746248139238,0.0,0.0,-0.39671528,-0.121600986,-0.028912049,0.058868475,0.23928867,0.0046119774
1779683746248139238,1779683747274504166,0.0,0.0,-0.47876948,-0.156099,-0.042725466,0.0176238,0.17464268,0.0063190046
1779683747274504166,1779683748278451600,0.0,0.0,-0.49680653,-0.25745726,-0.12323875,-0.055985227,0.19054216,0.0071848123
1779683748278451600,1779683749290084110,1.050367045892523,0.027641238049780942,-0.3849075,-0.16564986,-0.050998077,0.007559066,0.21087708,0.0020414824
1779683749290084110,1779683750290132846,1.166945114061224,0.030709081949166862,-0.44922245,-0.24843472,-0.11425586,-0.059032235,0.14767247,0.007001979
1779683750290132846,1779683751290402577,0.0,0.0,-0.22069126,0.01780079,0.10606291,0.15926787,0.3435233,0.006501275
1779683751290402577,1779683752294513966,0.0,0.0,-0.36595184,-0.12575172,-0.04369291,0.053619314,0.23317373,0.0052076844
1779683752294513966,1779683753306134609,0.0,0.0,-0.39242715,-0.13359642,-0.05017809,0.014068715,0.23730606,0.0068672295
1779683753306134609,1779683754330053155,0.012965291915079167,0.0003411918920492278,-0.42193255,-0.19020659,-0.08347886,-0.008974051,0.17636842,0.007989706
1779683754330053155,1779683755342329366,0.0,0.0,-0.23429714,0.002646148,0.09014688,0.17155959,0.37915817,0.0042272233
1779683755342329366,1779683756362339842,0.0,0.0,-0.28611335,-0.08536606,0.01745477,0.07903194,0.28559893,0.003847013
1779683756362339842,1779683757390266807,0.0,0.0,-0.2991289,-0.072812736,0.047881342,0.10328506,0.30652136,0.003725162
1779683757390266807,1779683758416446359,0.0,0.0,-0.36196762,-0.11063812,-0.014506599,0.036734134,0.2635373,0.0072595505
1779683758416446359,1779683759422608425,0.0,0.0,-0.57535046,-0.30791858,-0.1629315,-0.08551023,0.09810147,0.0021557824
1779683759422608425,1779683760430283463,0.0,0.0,-0.18774235,-0.03201633,0.074120104,0.14219922,0.2902108,0.006161266
1779683762614102566,1779683763626088401,0.0,0.0,-0.33259088,-0.07243294,0.0030593271,0.068933494,0.23731573,0.009099505
1779683763626088401,1779683764628171135,0.0,0.0,-0.30023202,-0.07232136,0.06573331,0.11945347,0.2676428,0.011395672
1779683764628171135,1779683765646122456,0.0,0.0,-0.40077037,-0.1890592,-0.062210463,-0.0021711038,0.14956836,0.0051926337
1779683765646122456,1779683766661997992,0.0,0.0,-0.24079522,-0.08003187,0.03990569,0.10325893,0.2682189,0.0016397227
1779683766661997992,1779683767668019876,0.0,0.0,-0.42006835,-0.1735205,-0.045673333,0.014876878,0.19274457,0.0029604177
1779683767668019876,1779683768670505078,0.0,0.0,-0.4586316,-0.17257462,-0.04927153,0.006716542,0.20892037,0.0031955119
1779683768670505078,1779683769698102218,0.0,0.0,-0.4046959,-0.19858935,-0.05953658,0.005071523,0.23882245,0.0054525263
1779683769698102218,1779683770723217537,0.0,0.0,-0.44015265,-0.20549324,-0.098234154,-0.030235332,0.17917642,0.008762209
1779683770723217537,1779683771726374564,0.0,0.0,-0.3294039,-0.053150192,0.061494913,0.13241701,0.2873997,0.008313872
1779683772746212799,1779683773760138017,0.0,0.0,-0.31478047,-0.09427816,0.0016691396,0.053634897,0.19604258,0.005639425
1779683773760138017,1779683774786105375,0.0,0.0,-0.39117226,-0.16633007,-0.0445579,0.02733146,0.25921786,0.0040124245
1779683774786105375,1779683775794090540,0.0,0.0,-0.34952855,-0.1380099,-0.022842195,0.04493427,0.29150736,0.005593335
1779683775794090540,1779683776800092907,0.0,0.0,-0.39906842,-0.17352177,-0.053496677,0.02194632,0.24125575,0.0028814843
1779683776800092907,1779683777802461450,0.0,0.0,-0.28293017,-0.03240275,0.055227473,0.12671936,0.36893547,0.0032857265
1779683777802461450,1779683778828273820,-0.7909545918397131,0.02081459452235298,-0.2900297,-0.08653949,0.045096464,0.10726172,0.25973618,0.008364727
1779683778828273820,1779683779830379639,0.0,0.0,-0.47197068,-0.26353964,-0.10551574,-0.038444985,0.12326607,0.0019093157
1779683779830379639,1779683780840203341,0.0,0.0,-0.3648074,-0.14549915,-0.057970222,0.002792179,0.19393367,0.0021261643
1779683780840203341,1779683781846555624,0.0,0.0,-0.34987673,-0.1143501,0.00482558,0.067141294,0.22198147,0.005998976
1779683781846555624,1779683782866323372,0.0,0.0,-0.34448895,-0.09868638,0.037817422,0.09345747,0.27360913,0.0056900466
1779683782866323372,1779683783873993808,0.0,0.0,-0.3783564,-0.15730831,-0.023793567,0.04218942,0.22948553,0.0016959457
1779683783873993808,1779683784882086309,0.0,0.0,-0.33134124,-0.09677419,0.014809041,0.07125289,0.22570844,0.006562752
1779683784882086309,1779683785906211059,0.0,0.0,-0.3478988,-0.13992406,-0.008697922,0.051283747,0.2146785,0.0060738036
1779683785906211059,1779683786910088488,0.0,0.0,-0.45728606,-0.20071088,-0.05984525,0.0052148947,0.22950217,0.0080998
1779683786910088488,1779683787917987644,0.0,0.0,-0.34335664,-0.11568531,0.0030043905,0.075731024,0.22064114,0.004677164
1779683787917987644,1779683788934087628,0.0,0.0,-0.36086732,-0.115813285,-0.001483055,0.061631426,0.24120314,0.0062806485
1779683788934087628,1779683789940477992,0.0,0.0,-0.37474355,-0.09609151,0.019280974,0.0830993,0.22889502,0.005674063
1779683789940477992,1779683790962150364,0.0,0.0,-0.50874925,-0.21522248,-0.09958697,-0.021910395,0.13689062,0.001031822
1779683790962150364,1779683791978166105,0.0,0.0,-0.29023257,-0.084378675,0.00015249281,0.061474547,0.31058696,0.005373859
1779683791978166105,1779683792982294747,0.0,0.0,-0.3091568,-0.100201584,0.00010224506,0.06986928,0.23916157,0.0045742877
1779683792982294747,1779683794006079074,0.0,0.0,-0.4237203,-0.17211652,-0.06533173,0.010627842,0.1952591,0.00078946224
1779683794006079074,1779683795010146187,0.0,0.0,-0.34421527,-0.12774009,-0.018034112,0.03507164,0.24227828,0.004790232
1779683795010146187,1779683796030151200,0.0,0.0,-0.34380043,-0.10929405,-0.012196182,0.053607672,0.24938777,0.002754515
1779683796030151200,1779683797038447480,0.0,0.0,-0.3349553,-0.04503045,0.0467053,0.10586659,0.33504492,0.0038218605
1779683797038447480,1779683798046258656,0.0,0.0,-0.28692237,-0.118419416,0.014199607,0.070728,0.21409985,0.0052249054
1779683798046258656,1779683799048489165,0.0,0.0,-0.40004748,-0.18032584,-0.020234166,0.047872804,0.24972947,0.0058498047
1779683799048489165,1779683800058496267,-0.5446280548326942,0.01433231723243909,-0.5064036,-0.26277035,-0.085514896,-0.016792264,0.18082964,0.004141079
1779683800058496267,1779683801078358219,0.0,0.0,-0.2893935,-0.059666935,0.03792879,0.094480805,0.34503523,0.009437772
1779683801078358219,1779683802094048850,0.0,0.0,-0.32841784,-0.1359758,0.012386839,0.06659065,0.2529449,0.0082835285
1779683802094048850,1779683803120030029,0.0,0.0,-0.25753972,-0.0032167188,0.09520651,0.14389528,0.3481994,0.0070723593
1779683803120030029,1779683804144019741,0.0,0.0,-0.57834643,-0.2669799,-0.08982104,-0.014278804,0.20772175,0.0045239106
1779683804144019741,1779683805170041724,0.0,0.0,-0.30862743,-0.051826045,0.05796075,0.12359984,0.31033367,0.007216963
1779683805170041724,1779683806192523170,0.0,0.0,-0.29597166,-0.09680816,-0.011155396,0.048154507,0.2864257,0.00474559
1779683806192523170,1779683807210242615,0.0,0.0,-0.5369687,-0.21631022,-0.04964841,0.025718074,0.24334535,0.0046679145
1779683807210242615,1779683808234386953,0.0,0.0,-0.4600496,-0.20912057,-0.07692155,-0.0043886765,0.22632843,0.007942724
1779683808234386953,1779683809236015366,0.0,0.0,-0.29020643,-0.06282804,0.05180622,0.10583136,0.3069411,0.0051723607
1779683809236015366,1779683810245428163,0.0,0.0,-0.34964144,-0.12116756,0.0051936666,0.059490625,0.23746365,0.0017595908
1779683810245428163,1779683811262287351,0.0,0.0,-0.330416,-0.08505157,0.01600134,0.07078249,0.25152236,0.006652988
1779683811262287351,1779683812290220689,0.0,0.0,-0.38525686,-0.13234559,-0.025775973,0.054847185,0.1882089,0.0022215839
1779683812290220689,1779683813298141888,0.0,0.0,-0.39643776,-0.16142695,-0.053154603,0.028754586,0.2711468,0.0043481714
1779683813298141888,1779683814322148093,0.0,0.0,-0.2940296,-0.08838135,0.010187766,0.07391835,0.24609283,0.008184619
1779683814322148093,1779683815330032417,0.0,0.0,-0.39202142,-0.13191526,0.008146013,0.06650296,0.220605,0.006893761
1779683815330032417,1779683816338241400,0.0,0.0,-0.37428194,-0.1553406,-0.053460333,0.020869026,0.24038804,0.0057835015
1779683816338241400,1779683817350802908,0.0,0.0,-0.4000613,-0.17353812,-0.053263728,0.011746402,0.16004649,0.0046227807
1779683817350802908,1779683818364139175,0.0,0.0,-0.302011,-0.11357719,-0.017301483,0.057463568,0.22895606,0.0063701784
1779683818364139175,1779683819370094779,0.0,0.0,-0.5049578,-0.25292602,-0.10948848,-0.021618987,0.19961753,0.0040974254
1779683819370094779,1779683820378354689,0.0,0.0,-0.25603974,-0.00737998,0.096665934,0.15912122,0.37769392,0.0041305204
1779683820378354689,1779683821394441665,0.0,0.0,-0.32450184,-0.09195668,0.022765914,0.07853331,0.24819651,0.0049287523
1779683821394441665,1779683822404051614,0.0,0.0,-0.37155005,-0.15819149,-0.03591655,0.04463306,0.24240609,0.0066068363
1779683822404051614,1779683823418186729,0.0,0.0,-0.3008276,-0.073075265,0.017636258,0.07592089,0.24038586,0.0048467987
1779683823418186729,1779683824422192258,0.0,0.0,-0.342203,-0.08986683,-0.00061815925,0.06660485,0.2991672,0.007413529
1779683824422192258,1779683825429833881,0.0,0.0,-0.29260504,-0.06945722,-0.0004406592,0.07474891,0.26671556,0.009036433
1779683825429833881,1779683826446025947,0.0,0.0,-0.1404348,0.0410009,0.12380055,0.17701668,0.34005737,0.008591063
1779683826446025947,1779683827450190090,0.0,0.0,-0.38273758,-0.19451103,-0.06432836,-0.018466419,0.19167957,0.004493589
1779683827450190090,1779683828472583323,0.0,0.0,-0.5033827,-0.26231307,-0.08115104,-0.021674834,0.16405717,0.0054535996
1779683828472583323,1779683829490063450,0.0,0.0,-0.34346455,-0.11077624,-0.036181968,0.0361264,0.19908603,0.005012322
1779683829490063450,1779683830506068833,0.0,0.0,-0.29652575,-0.06692209,0.023235407,0.079074696,0.21472915,0.0025401001
1779683830506068833,1779683831512288333,0.0,0.0,-0.3142968,-0.0790669,0.028727386,0.08535226,0.24249977,0.0074183913
1779683831512288333,1779683832536231034,0.0,0.0,-0.39936736,-0.16342779,-0.043209422,0.0154254045,0.18715988,0.0019186356
1779683832536231034,1779683833542236347,0.0,0.0,-0.39547265,-0.15045549,0.0030067,0.058748804,0.23716646,0.004976325
1779683833542236347,1779683834564331598,0.0,0.0,-0.3722101,-0.08893706,0.03426257,0.09404927,0.32923403,0.004002349
1779683834564331598,1779683835570269226,0.0,0.0,-0.42219043,-0.12920792,-0.034454275,0.021790026,0.20541096,0.0047529046
1779683835570269226,1779683836582101172,0.0,0.0,-0.43236566,-0.21183927,-0.09357472,-0.028539926,0.15300727,0.0066618
1779683836582101172,1779683837610035075,0.0,0.0,-0.4108215,-0.16491145,-0.05053906,0.016608583,0.18755397,0.0065585673
1779683837610035075,1779683838618130344,0.0,0.0,-0.26264647,-0.005207803,0.08665105,0.14300175,0.32706773,0.009563131
1779683838618130344,1779683839620116547,0.0,0.0,-0.40550187,-0.18739915,-0.05168298,0.0073088305,0.2122838,0.0059986096
1779683839620116547,1779683840626220330,0.0,0.0,-0.3152433,-0.121410355,-0.02097799,0.037958417,0.20217103,0.0051266598
1779683840626220330,1779683841646212518,0.0,0.0,-0.3611996,-0.14698617,-0.017655013,0.051668633,0.24935926,0.0055282936
1779683842658611980,1779683843686263427,0.0,0.0,-0.28118372,-0.089503445,0.0046017044,0.07558497,0.2458519,0.006464958
1779683843686263427,1779683844690263716,0.0,0.0,-0.3447769,-0.12840028,-0.030180115,0.027865734,0.24520999,0.004873946
1779683844690263716,1779683845702073968,0.0,0.0,-0.36378238,-0.12699458,-0.022862118,0.043797277,0.23831517,0.005204854
1779683845702073968,1779683846704128723,0.0,0.0,-0.34020364,-0.10045919,0.017048448,0.090443656,0.23006688,0.0049568755
1779683846704128723,1779683847706471947,0.0,0.0,-0.47500667,-0.19476894,-0.0848101,-0.0028504047,0.22460625,0.004414797
1779683847706471947,1779683848714628208,0.0,0.0,-0.4837899,-0.23917285,-0.108154,-0.03273517,0.14848782,0.003048727
1779683848714628208,1779683849732368356,0.0,0.0,-0.3407937,-0.1384126,-0.028998595,0.036174037,0.25806803,0.000842766
1779683849732368356,1779683850758151465,0.0,0.0,-0.40417382,-0.13484551,0.0065243687,0.06094263,0.21925177,0.003645126
1779683850758151465,1779683851786050675,0.0,0.0,-0.39985117,-0.13736875,-0.0059674913,0.0758273,0.2711382,0.005435523
1779683851786050675,1779683852786082360,0.0,0.0,-0.3636563,-0.1127624,0.016679686,0.073709615,0.25773695,0.006923422
1779683852786082360,1779683853806055740,0.0,0.0,-0.36134553,-0.14733528,-0.031123882,0.03216994,0.20741934,0.004508718
1779683853806055740,1779683854830391085,0.0,0.0,-0.3642134,-0.108419865,0.018308304,0.10234362,0.30915365,0.0021981285
1779683854830391085,1779683855858149269,0.0,0.0,-0.3379917,-0.062829204,0.035452,0.09205732,0.27298406,0.0058634654
1779683855858149269,1779683856882084462,0.0,0.0,-0.4308677,-0.16374448,-0.04768938,0.006384263,0.22403781,0.008048528
1779683856882084462,1779683857894239236,0.0,0.0,-0.37753552,-0.11505751,0.013609394,0.06872301,0.23122062,0.0059099686
1779683857894239236,1779683858897971834,0.0,0.0,-0.34357446,-0.14839076,-0.025480948,0.030398136,0.2543283,-0.00036981475
1779683858897971834,1779683859922231147,0.0,0.0,-0.32780018,-0.05789431,0.03864812,0.09919087,0.30513653,0.005951545
1779683859922231147,1779683860942085646,0.0,0.0,-0.43748653,-0.21444781,-0.06881825,9.713631e-05,0.1680439,0.0025676833
1779683860942085646,1779683861964492825,0.0,0.0,-0.34733456,-0.12360677,-0.030238062,0.035939593,0.2081328,0.005817511
1779683863976011478,1779683864982314612,0.11668687078284981,0.003070707126234514,-0.43316564,-0.18024375,-0.078027375,-0.014516559,0.18927047,0.006465574
1779683864982314612,1779683866004402070,0.0,0.0,-0.44347665,-0.19914481,-0.021778455,0.044344917,0.29398984,0.0074363756
1779683866004402070,1779683867006189631,0.0,0.0,-0.5188234,-0.2510301,-0.102270305,-0.03894564,0.11515565,0.0044002254
1779683867006189631,1779683868024015831,0.0,0.0,-0.40072054,-0.18352959,-0.044430017,0.013670886,0.24514373,0.005275676
1779683868024015831,1779683869034493327,0.0,0.0,-0.28778476,-0.08648668,0.013892778,0.08877892,0.23807871,0.0036656754
1779683869034493327,1779683870054439212,0.0,0.0,-0.32933196,-0.1063013,-0.008744904,0.045587536,0.249167,0.004515129
1779683870054439212,1779683871082066571,0.0,0.0,-0.31279466,-0.1293967,-0.021310642,0.028387643,0.22119209,0.0041849897
1779683871082066571,1779683872100150504,0.18151020379737198,0.004776584310306475,-0.3264086,-0.09407817,-0.0054603247,0.056428123,0.2306801,0.005571964
1779683872100150504,1779683873121875361,0.0,0.0,-0.3136996,-0.11926263,-0.023644947,0.04001027,0.25173756,0.0051126136
1779683873121875361,1779683874140351026,0.0,0.0,-0.3175691,-0.0616091,0.031355247,0.090125,0.2805773,0.007392136
1779683874140351026,1779683875162277430,0.0,0.0,-0.3704515,-0.10528032,-0.004271198,0.06334365,0.22621456,0.0037146895
1779683875162277430,1779683876166176661,0.0,0.0,-0.41957906,-0.14983165,-0.023322232,0.041955188,0.21147549,0.0053752176
1779683876166176661,1779683877190132590,0.0,0.0,-0.26383996,-0.028139716,0.07142712,0.13410757,0.29765412,0.008744814
1779684297878392329,1779684298890747599,0.0,0.0,-0.39028496,-0.18060099,-0.06884888,-0.0010278627,0.18482679,0.0035980332
1779684298890747599,1779684299916201600,0.0,0.0,-0.4154701,-0.17152901,-0.085064396,-0.00552212,0.14965841,0.0050436845
1779684312270498258,1779684313274307112,0.0,0.0,-0.33225673,-0.15123503,-0.015114494,0.04766547,0.28592986,0.0026731747
1779684313274307112,1779684314288307952,-0.46629617716749405,0.012270952030864857,-0.4043737,-0.16677997,-0.04677069,0.028105099,0.24894188,0.006254665
1779684314288307952,1779684315306490392,0.0,0.0,-0.3631174,-0.1431831,-0.027956596,0.049817678,0.20024472,0.005340376
1779684315306490392,1779684316328169092,0.0,0.0,-0.47691423,-0.24814254,-0.09018812,-0.03373793,0.17436042,0.005432226
1779684317336606676,1779684318342155026,0.0,0.0,-0.3435471,-0.09705557,0.022752222,0.0998816,0.2738087,0.0064280103
1779684318342155026,1779684319356125927,0.0,0.0,-0.4849518,-0.12826541,0.008140321,0.07977891,0.2613346,0.0040297853
1779684319356125927,1779684320376346388,0.0,0.0,-0.41107,-0.14172538,-0.021985184,0.036651228,0.21686156,0.0039964593
1779684320376346388,1779684321386606315,0.0,0.0,-0.4355975,-0.14294001,-0.049223077,0.017263202,0.15444118,0.005264078
1779684321386606315,1779684322390222928,0.1294993748425403,0.003407878285531153,-0.4970637,-0.21465139,-0.106268145,-0.039958995,0.118179195,0.005229482
1779684322390222928,1779684323396224732,0.0,0.0,-0.41776782,-0.1219154,-0.014548238,0.049090553,0.21160944,0.0035863335
1779684323396224732,1779684324398750499,0.0,0.0,-0.32052085,-0.07841609,0.043673337,0.12856951,0.26600087,0.007287325
1779684324398750499,1779684325410455143,0.0,0.0,-0.30437988,-0.08651428,0.028760722,0.089727096,0.2817416,0.0062818513
1779684325410455143,1779684326418399648,0.0,0.0,-0.3498165,-0.09223102,0.0052077565,0.07815722,0.21717177,0.003036831
1779684326418399648,1779684327424739479,0.0,0.0,-0.25607792,-0.060454976,0.012880382,0.06938092,0.2480398,0.0055822055
1779684327424739479,1779684328430302066,0.0,0.0,-0.45083904,-0.19933791,-0.08468849,-0.015530938,0.13712311,0.003163439
1779684328430302066,1779684329447128135,0.9582432559640813,0.025216927788469276,-0.19456145,-0.0315885,0.058424957,0.11985185,0.27076536,0.004278471
1779684329447128135,1779684330468211947,0.20717565842068036,0.005312196369854332,-0.33807456,-0.06940618,0.024946513,0.10265768,0.2682744,0.0072457404
1779684330468211947,1779684331476302891,0.0,0.0,-0.24438651,-0.025441129,0.086639404,0.15243864,0.32772195,0.004388489
1779684331476302891,1779684332498355545,0.0,0.0,-0.43514794,-0.19073804,-0.07641056,-0.0054876884,0.1579645,0.0052934024
1779684332498355545,1779684333510508471,0.0,0.0,-0.27160928,-0.051654473,0.054233227,0.107647836,0.27576703,0.005058365
1779684333510508471,1779684334520483746,-0.5179471941046083,0.013630189318734522,-0.3403057,-0.11203528,-0.003969059,0.061050124,0.24760965,0.0057385815
1779684334520483746,1779684335522119014,0.0,0.0,-0.40373385,-0.19174755,-0.030894618,0.023282621,0.22568081,0.0043534893
1779684335522119014,1779684336538220651,0.0,0.0,-0.4012775,-0.132624,-0.019844616,0.043846034,0.24970913,0.002841144
1779684336538220651,1779684337560110734,0.0,0.0,-0.2683781,-0.047868114,0.078514904,0.1254269,0.35027286,0.0028804487
1779684337560110734,1779684338586523233,0.0,0.0,-0.28111523,0.004929784,0.11446222,0.16447538,0.32701442,0.0048504905
1779684338586523233,1779684339596275090,0.0,0.0,-0.46113437,-0.21700972,-0.09956346,-0.019790754,0.24011602,0.0070698047
1779684339596275090,1779684340618289549,0.0,0.0,-0.34626865,-0.09472071,-0.00504304,0.062652946,0.20307481,0.004215382
1779684340618289549,1779684341642404794,0.0,0.0,-0.34313202,-0.13074918,0.029263059,0.080677465,0.24889675,0.006688603
1779684344664365051,1779684345666168146,-0.40139010462086583,0.010562897490018486,-0.27032083,-0.014635321,0.08497962,0.16282023,0.2837892,0.009279333
1779684345666168146,1779684346677835018,-0.5179465234318824,0.013630171669226934,-0.31935796,-0.085616864,0.0077179507,0.07502385,0.23623942,0.007924616
1779684346677835018,1779684347684342616,0.0,0.0,-0.35979444,-0.07771947,0.02567725,0.08447705,0.2717305,0.006022781
1779684347684342616,1779684348702479690,0.0,0.0,-0.339687,-0.13253188,-0.035197496,0.042010218,0.20048909,0.004271626
1779684349723586043,1779684350735789438,-0.5179733516821752,0.01363087767570828,-0.3727184,-0.14217497,-0.043359533,0.040152777,0.2946343,0.004323326
1779684350735789438,1779684351750125126,0.0,0.0,-0.5001842,-0.23456508,-0.11667298,-0.05755569,0.14649303,0.005027273
1779684351750125126,1779684352752283222,0.0,0.0,-0.3914226,-0.1735627,-0.08216913,0.0012857264,0.18590522,0.006468651
1779684352752283222,1779684353778460277,0.0,0.0,-0.3645857,-0.1271249,-0.03034453,0.054918174,0.28125054,0.0058248155
1779685022738006689,1779685023762021641,0.0,0.0,-0.3875973,-0.13769518,0.0012915117,0.07349794,0.30434594,0.0035320881
1779685023762021641,1779685024769970157,0.0,0.0,-0.30879778,-0.048866794,0.061858498,0.10979776,0.27407733,0.005076929
1779685034518003824,1779685035522179384,0.0,0.0,-0.32240373,-0.090325736,0.028772946,0.08605183,0.27237573,0.0048371432
1779685035522179384,1779685036532087181,0.0,0.0,-0.39988115,-0.19521795,-0.06041554,0.002453975,0.22136572,0.0027022776
1779685036532087181,1779685037554188453,0.0,0.0,-0.35771537,-0.08600235,0.027958648,0.08770032,0.23525602,0.0057014218
1779685037554188453,1779685038566093718,0.0,0.0,-0.42514956,-0.17690748,-0.051391616,0.004828682,0.21556899,0.006480108
1779685038566093718,1779685039569923499,0.0,0.0,-0.37776884,-0.16608821,-0.054179106,0.0055698017,0.20238821,0.0057365205
1779685039569923499,1779685040590136445,0.0,0.0,-0.21478187,-0.030957837,0.058883406,0.119701535,0.26789838,0.0073066303
1779685040590136445,1779685041606033051,0.0,0.0,-0.32444277,-0.06905883,0.047810894,0.10005689,0.30961087,0.009968882
1779685041606033051,1779685042606074976,0.0,0.0,-0.34504983,-0.09386004,0.023388855,0.07994645,0.31307217,0.011446867
1779685042606074976,1779685043630078962,0.0,0.0,-0.28801942,-0.062391695,0.06066769,0.12048738,0.31927875,0.0064411894
1779685043630078962,1779685044649995818,0.0,0.0,-0.342675,-0.12865916,-0.016413074,0.050563157,0.2909118,0.0046665417
1779685044649995818,1779685045662188015,0.0,0.0,-0.43719923,-0.193083,-0.07281915,0.004617754,0.19970907,0.0071007977
1779685045662188015,1779685046686028678,0.0,0.0,-0.33435026,-0.10721952,0.0048188847,0.061503403,0.23358886,0.0076168445
1779685046686028678,1779685047710403793,0.0,0.0,-0.29307443,-0.050459582,0.02272873,0.09357371,0.25390092,0.00772337
1779685047710403793,1779685048720330410,0.0,0.0,-0.39114642,-0.14044054,-0.066548966,-0.0026655565,0.24517429,0.0036571864
1779685049738538289,1779685050750018124,0.0,0.0,-0.4408654,-0.21865197,-0.03880829,0.024899181,0.23650219,0.0011824794
1779685050750018124,1779685051774084846,0.0,0.0,-0.2562055,-0.012619532,0.09074894,0.16908617,0.3667212,0.0015678322
1779685051774084846,1779685052776591989,0.0,0.0,-0.28006852,-0.0498658,0.033399027,0.10124002,0.37989143,0.006151883
1779685052776591989,1779685053778290266,1.202269576141772,0.03163867305594773,-0.47363827,-0.25543615,-0.1292863,-0.06833474,0.1196361,0.004111181
1779685053778290266,1779685054800037966,0.0,0.0,-0.3585351,-0.10035541,-0.032345366,0.033993788,0.28005335,0.004497014
1779685054800037966,1779685055810345157,0.0,0.0,-0.45501226,-0.18595977,-0.07691409,0.0011492597,0.20541814,0.0038200936
1779685055810345157,1779685056814127280,0.2068275052204104,0.0054428290847440795,-0.48281556,-0.21023183,-0.11717611,-0.05290873,0.15166491,0.004475405
1779685056814127280,1779685057821973681,0.0,0.0,-0.2539126,-0.0020000655,0.1085435,0.16880032,0.4264017,0.0040729004
1779685057821973681,1779685058826466485,0.0,0.0,-0.38526455,-0.14166433,-0.05707773,0.008894947,0.20755218,0.0037154385
1779685058826466485,1779685059846145786,0.0,0.0,-0.3513986,-0.096881434,-0.0005980741,0.0664728,0.24100332,0.004332397
1779685059846145786,1779685060865975843,0.0,0.0,-0.40952158,-0.19833988,-0.07119324,-0.010532944,0.18111531,0.007482599
1779685060865975843,1779685061886180415,0.0,0.0,-0.30684188,-0.09842313,0.015772473,0.06589255,0.25660685,0.0041849385
1779685061886180415,1779685062886277118,0.0,0.0,-0.35757247,-0.13147238,-0.019759052,0.056718275,0.1986292,0.0027282939
1779685062886277118,1779685063894592809,0.0,0.0,-0.30459595,-0.09443786,0.0048654466,0.0690641,0.29916808,0.0041070594
1779685063894592809,1779685064902444036,0.0,0.0,-0.30845937,-0.1175944,-0.01932847,0.05129247,0.21411712,0.0053858072
1779685064902444036,1779685065905998550,0.0,0.0,-0.4017052,-0.19317134,-0.025215877,0.042652216,0.24072374,0.0064031216
1779685065905998550,1779685066915919170,0.0,0.0,-0.3294226,-0.092402264,0.0145219015,0.07086397,0.22253756,0.0067220465
1779685066915919170,1779685067922112450,0.0,0.0,-0.3022203,-0.09279592,-5.7339348e-05,0.0745126,0.23364282,0.006407969
1779685067922112450,1779685068930221163,0.0,0.0,-0.4761961,-0.22616266,-0.08838387,-0.014190159,0.22712909,0.008349154
1779685068930221163,1779685069930468306,0.0,0.0,-0.3740018,-0.1717515,-0.049174625,0.019706914,0.18795544,0.0031370649
1779685069930468306,1779685070934127578,0.0,0.0,-0.41261274,-0.19427627,-0.047747303,0.011414636,0.20895335,0.0021851272
1779685070934127578,1779685071948009949,0.0,0.0,-0.3470156,-0.14220893,-0.01760269,0.059020057,0.2507406,0.0034876813
1779685071948009949,1779685072948101342,0.0,0.0,-0.34701914,-0.060659666,0.04067767,0.10280269,0.3351267,0.007065445
1779685072948101342,1779685073973150526,0.6463083836858867,0.017008115360539477,-0.36908343,-0.15876815,-0.06316037,0.0023143822,0.21710931,0.0026370413
1779685073973150526,1779685074998568917,0.20680986096179038,0.005302816947487342,-0.35645106,-0.14101456,0.032938633,0.08017819,0.22302221,0.004376056
1779685074998568917,1779685076021375523,0.4265318309721873,0.011224521867759268,-0.47420853,-0.2322588,-0.13360658,-0.059816558,0.112530455,0.003041166
1779685076021375523,1779685077047450828,0.1550979734536255,0.003976871114129101,-0.30489096,-0.08702781,0.049738154,0.097676836,0.26277012,0.007165586
1779685077047450828,1779685078062230096,0.5040518011228066,0.013264521081991557,-0.280973,-0.08838744,-0.010712987,0.040288545,0.21279778,0.006782133
1779685078062230096,1779685079082728862,0.0,0.0,-0.29491597,-0.13530457,0.00057588954,0.05448633,0.26851332,0.005180202
1779685079082728862,1779685080098204850,0.0,0.0,-0.36659253,-0.12143308,-0.004527826,0.056591045,0.26681903,0.003056429
1779685085394120436,1779685086412077191,0.0,0.0,-0.2710661,-0.036571633,0.08480632,0.14228897,0.30238548,0.0045108874
1779685086412077191,1779685087432239945,0.0,0.0,-0.38606787,-0.123543695,-0.032177452,0.055240117,0.24092154,0.005172722
1779710889090061364,1779710890144135668,0.0,0.0,-0.42703903,-0.15622099,-0.042385444,0.04513381,0.20156386,0.0057904483
1779710893678337164,1779710894692625351,0.0,0.0,-0.37242192,-0.13843843,-0.045901384,0.015100171,0.19400103,0.0062515535
1779710894692625351,1779710895713647434,0.0,0.0,-0.2740289,-0.06542709,0.0491597,0.09846081,0.3072057,0.0068073617
1779710895713647434,1779710896721490957,0.0,0.0,-0.4179349,-0.16277671,-0.07866898,-0.0039869742,0.23217085,0.007226464
1779710896721490957,1779710897737709796,0.0,0.0,-0.49594367,-0.20951688,-0.045802943,0.012260263,0.26070508,0.006996873
1779710897737709796,1779710898745608134,0.0,0.0,-0.5157606,-0.2363566,-0.089180976,-0.028690856,0.13300951,0.0065478664
1779710898745608134,1779710899758374511,0.0,0.0,-0.32003382,-0.12500787,-0.01124964,0.05108418,0.24737054,0.0026387519
1779710899758374511,1779710900759745246,0.0,0.0,-0.40908918,-0.223402,-0.10620997,-0.037011314,0.12938076,0.0059254104
1779710900759745246,1779710901765714804,0.0,0.0,-0.3566615,-0.15592708,-0.027813433,0.03449643,0.24259366,0.0033972864
1779710901765714804,1779710902773720621,0.0,0.0,-0.40147114,-0.19040667,-0.06674659,-0.0064039514,0.14811136,0.00506341
1779710902773720621,1779710903779756037,0.0,0.0,-0.3357647,-0.09561045,-0.0022872055,0.052732933,0.23995604,0.009984481
1779710904785663489,1779710905799680391,0.0,0.0,-0.46222228,-0.19823909,-0.0937392,-0.029646542,0.15306027,0.0076034255
1779710906815592694,1779710907833292676,0.0,0.0,-0.36588994,-0.07592658,0.051215887,0.11425712,0.28811198,0.010053116
1779710907833292676,1779710908841571790,0.0,0.0,-0.44939986,-0.20199981,-0.09260792,-0.03054601,0.15687953,0.0045011886
1779710915625500440,1779710916629747626,0.0,0.0,-0.38689294,-0.16528983,-0.04647198,0.034925494,0.17247275,0.0032463504
1779710916629747626,1779710917661740718,0.0,0.0,-0.34753686,-0.10538809,-0.0038091242,0.07192514,0.2484814,0.0048448015
1779710917661740718,1779710918677643361,0.0,0.0,-0.32303885,-0.051706772,0.040313248,0.107738234,0.30899692,0.005479191
1779710918677643361,1779710919689581464,0.0,0.0,-0.3637487,-0.13952054,-0.06464981,0.006704878,0.19919708,0.0050771297
1779710919689581464,1779710920703543148,0.0,0.0,-0.5523873,-0.3009114,-0.13673848,-0.064416535,0.1136639,0.003282876
1779710920703543148,1779710921709442806,0.0,0.0,-0.3480387,-0.12148822,-0.028275788,0.037734516,0.23025271,0.0067710755
1779710923721818019,1779710924736571448,0.0,0.0,-0.2280445,0.01115416,0.11059265,0.15932408,0.33264405,0.010740856
1779710924736571448,1779710925739578406,0.0,0.0,-0.25873226,-0.00826951,0.065133415,0.12970468,0.31393075,0.008186849
1779710926749909980,1779710927755462407,0.0,0.0,-0.31985977,-0.12765954,-0.018172119,0.039629493,0.25533763,0.0028181183
1779710928768009482,1779710929777779114,0.0,0.0,-0.33195415,-0.09680044,-0.01559481,0.049112994,0.27016178,0.0064401836
1779710929777779114,1779710930793745925,0.0,0.0,-0.41928056,-0.21994618,-0.06447299,0.013590499,0.1915849,0.00250101
1779710930793745925,1779710931812297818,0.0,0.0,-0.3082664,-0.09567266,-0.004795977,0.05308933,0.23410779,0.0074148425
1779710931812297818,1779710932840516695,0.0,0.0,-0.347081,-0.10379838,-0.03391387,0.03882308,0.20500875,0.006970611
1779710933855579899,1779710934859058072,0.0,0.0,-0.3937217,-0.15984139,-0.046618942,0.021872325,0.1594794,0.007850412
1779710934859058072,1779710935869738396,0.0,0.0,-0.4950348,-0.24565884,-0.08917477,-0.019671176,0.13414888,0.0056075538
1779710937901351959,1779710938903629623,0.0,0.0,-0.39575058,-0.17532086,-0.07806545,-0.017185638,0.17820267,0.0063082655
1779710944386459130,1779710945389746352,0.0,0.0,-0.36899173,-0.17362408,-0.060295846,0.0028904816,0.16706899,0.0009571076
1779710952671291953,1779710953673884211,0.0,0.0,-0.32332197,-0.08260834,0.012391691,0.093837455,0.30511126,0.0036896826
1779710953673884211,1779710954683498283,0.0,0.0,-0.21290034,-0.0739549,0.033198223,0.121332325,0.2801864,0.0032151113
1779710954683498283,1779710955691491211,0.0,0.0,-0.38432246,-0.17482962,-0.037203416,0.036144458,0.23850925,0.0018700276
1779710955691491211,1779710956709346012,0.0,0.0,-0.39313456,-0.13987297,-0.044080287,0.034117844,0.19772473,0.0043363175
1779710957723770775,1779710958736922246,0.0,0.0,-0.36986214,-0.13342644,-0.034113344,0.026029054,0.22746624,0.0067012277
1779710959738983043,1779710960767208862,0.0,0.0,-0.45798504,-0.23087525,-0.12569182,-0.06476048,0.0905881,0.0053800456
1779710960767208862,1779710961801989129,0.0,0.0,-0.43019715,-0.20330863,-0.077239044,-0.0010568355,0.13819492,0.006972894
1779710961801989129,1779710962821511863,0.0,0.0,-0.3944693,-0.15034853,-0.047923613,0.021755595,0.15916619,0.007918165
1779710962821511863,1779710963843407941,0.0,0.0,-0.5238309,-0.2786467,-0.09271716,-0.021451447,0.19510639,0.0046154247
1779710963843407941,1779710964855580783,0.0,0.0,-0.36417285,-0.13606665,0.0016850024,0.067436256,0.27681902,0.007887218
1779710964855580783,1779710965873595602,0.0,0.0,-0.42904514,-0.19306156,-0.10035104,-0.041529156,0.13328828,0.0070677116
1779710966875204566,1779710967902511312,0.0,0.0,-0.35278255,-0.16328514,-0.06858372,-0.012395587,0.20386925,0.0043576607
1779710970031688291,1779710971050535556,0.0,0.0,-0.34368184,-0.11070215,-0.0371001,0.041181363,0.20468757,0.0070148883
1779710971050535556,1779710972078336738,0.0,0.0,-0.37301946,-0.11234927,-0.004872515,0.051778667,0.2270799,0.007066549
1779710972078336738,1779710973090383529,0.0,0.0,-0.43051824,-0.2098792,-0.07789856,-0.013726452,0.18105242,0.0057629645
1779710973090383529,1779710974096580184,0.0,0.0,-0.33110607,-0.14387165,-0.05075125,0.019200448,0.18389599,0.0056609833
1779710974096580184,1779710975113588465,0.0,0.0,-0.47627485,-0.23412493,-0.08242431,-0.0016799635,0.17273766,0.0031966392
1779710975113588465,1779710976131957201,0.0,0.0,-0.40954986,-0.17393969,-0.03706184,0.038055785,0.23717113,0.0013697385
1779710976131957201,1779710977135933372,0.0,0.0,-0.43488663,-0.20793854,-0.05289226,0.006251109,0.21011917,0.004226667
1779710978141769038,1779710979145617084,0.0,0.0,-0.40507263,-0.18249813,-0.040777236,0.019593447,0.20072827,0.0043236176
1779710979145617084,1779710980155534319,0.0,0.0,-0.4076605,-0.10531699,0.006772295,0.086328335,0.284112,0.0046479553
1779710980155534319,1779710981171717134,0.0,0.0,-0.48217815,-0.20451236,-0.092614666,-0.012093797,0.1906915,0.002714778
1779710983251539299,1779710984256534983,0.0,0.0,-0.34370735,-0.09282637,-0.013412695,0.05788736,0.23799366,0.008124546
1779710986383456409,1779710987385464647,0.0,0.0,-0.33024016,-0.11376761,-0.025154687,0.055856925,0.28557435,0.005777255
1779710987385464647,1779710988399506218,0.0,0.0,-0.3742576,-0.16592383,-0.05807102,0.008937217,0.19804266,0.00097438926
1779710988399506218,1779710989417551070,0.0,0.0,-0.36135316,-0.12088735,-0.024454439,0.045476425,0.27354503,0.0066229524
1779710989417551070,1779710990427478674,0.0,0.0,-0.41895726,-0.12969999,-0.030702211,0.032066785,0.24920987,0.007339009
1779710992467738920,1779710993479760888,0.0,0.0,-0.31694815,-0.07323434,0.040825244,0.10375667,0.34094605,0.0040991465
1779710996765775660,1779710997772141652,0.0,0.0,-0.3763374,-0.16366772,-0.07388873,-0.012107374,0.18465061,0.0024389077
1779711006001640509,1779711007028025136,0.0,0.0,-0.29436308,-0.036470532,0.049302135,0.11849853,0.34339616,0.005140899
1779711018474539416,1779711019481568176,0.0,0.0,-0.3800331,-0.13664846,-0.057563107,0.029308012,0.18588004,0.004888676
1779711019481568176,1779711020497685225,0.0,0.0,-0.4878578,-0.25714067,-0.09422749,-0.019545067,0.197924,0.0052578435
1779711020497685225,1779711021503548948,0.0,0.0,-0.2893125,-0.07193683,0.022135017,0.08478071,0.32286298,0.005869998
1779711023621715436,1779711024640126769,0.0,0.0,-0.32760027,-0.12561451,-0.028608182,0.04551121,0.21639767,0.0055246395
1779711024640126769,1779711025650566601,0.0,0.0,-0.46594366,-0.21104074,-0.08784225,-0.014366142,0.15210603,0.0065673036
1779711025650566601,1779711026670155095,0.0,0.0,-0.3144306,-0.100961834,0.013550095,0.06504437,0.29771215,0.007049129
1779711026670155095,1779711027679411990,0.0,0.0,-0.42717627,-0.17734407,-0.057346627,0.014847392,0.22534616,0.0053069424
1779711027679411990,1779711028697527824,0.0,0.0,-0.25937018,-0.03519292,0.04372846,0.11278104,0.39619553,0.0053521455
1779711028697527824,1779711029726776066,0.0,0.0,-0.3661659,-0.0966939,-0.010873294,0.0760923,0.22321439,0.0076772994
1779711030737521876,1779711031751616905,0.0,0.0,-0.22492358,-0.061604645,0.043998037,0.10934807,0.27792454,0.008627398
1779711031751616905,1779711032762739443,0.0,0.0,-0.30418244,-0.056044806,0.030103019,0.10153889,0.29187134,0.008513492
1779711032762739443,1779711033773573324,0.0,0.0,-0.33184376,-0.07641467,0.021890614,0.07746308,0.26129654,0.006675817
1779711033773573324,1779711034783514898,0.0,0.0,-0.39212677,-0.12557,-0.0213524,0.06874531,0.22008568,0.0053180326
1779711034783514898,1779711035798476564,0.0,0.0,-0.36555612,-0.111528255,-0.012542131,0.072640605,0.2096726,0.003710237
1779711035798476564,1779711036823669629,0.0,0.0,-0.266485,-0.0048380834,0.09644243,0.15940519,0.33709097,0.006483026
1779711037844058069,1779711038849281250,0.0,0.0,-0.37586385,-0.15143798,-0.050178204,0.010884375,0.18890885,0.004062977
1779711038849281250,1779711039864690581,0.0,0.0,-0.29787993,-0.054328777,0.028157819,0.08524866,0.30080763,0.005053889
1779711039864690581,1779711040867666858,0.0,0.0,-0.4932613,-0.23833835,-0.115139976,-0.051215842,0.17875578,0.0070268675
1779711041871579450,1779711042879559591,0.0,0.0,-0.3479,-0.12546737,0.018529568,0.09135815,0.30623168,0.006182895
1779711043895104556,1779711044899128349,0.0,0.0,-0.41943985,-0.20402904,-0.08746248,-0.0117155155,0.16745642,0.0048410776
1779711044899128349,1779711045921847457,0.0,0.0,-0.36201602,-0.13447736,-0.014729798,0.06580273,0.22662346,0.00060670305
1779711045921847457,1779711046937675250,0.0,0.0,-0.36651102,-0.18282986,-0.059042454,0.016526703,0.19909532,0.004889466
1779711046937675250,1779711047943580200,0.0,0.0,-0.1938221,0.045322523,0.13725252,0.18520756,0.38842505,0.0077268323
1779711047943580200,1779711048962427304,0.0,0.0,-0.3566087,-0.12602064,-0.037180953,0.021321116,0.19561687,0.007575576
1779711048962427304,1779711049964697936,0.0,0.0,-0.2925581,-0.01830947,0.07129887,0.13295278,0.32437238,0.0083721625
1779711049964697936,1779711050971419859,0.0,0.0,-0.48935038,-0.25124314,-0.14257121,-0.07534703,0.12408487,0.0044090385
1779711050971419859,1779711051977693875,0.0,0.0,-0.32397255,-0.07577875,0.019135853,0.07736382,0.26735055,0.0060655107
1779711052997603678,1779711054000344461,0.0,0.0,-0.30588478,-0.08138679,0.018430308,0.07160565,0.24799234,0.0091319345
1779711054000344461,1779711055011591208,0.0,0.0,-0.4193298,-0.1649801,-0.081719674,-0.013841924,0.2147339,0.0048019225
1779711055011591208,1779711056021425632,0.0,0.0,-0.41370854,-0.17919967,-0.06893806,0.0068505825,0.27174726,0.0078082653
1779711056021425632,1779711057031589587,0.0,0.0,-0.38168788,-0.11847219,-0.034636907,0.041363552,0.22518656,0.0032194066
1779711057031589587,1779711058047909293,0.0,0.0,-0.23581286,-0.0056377784,0.094156995,0.14577466,0.3099512,0.010449222
1779711059068605884,1779711060075102267,0.0,0.0,-0.3914503,-0.15410085,-0.06047274,0.0117011,0.22294225,0.004780161
1779711060075102267,1779711061083281299,0.0,0.0,-0.30077842,-0.030485172,0.070252694,0.13156003,0.3197761,0.0087014055
1779711065261706591,1779711066270613904,0.0,0.0,-0.30040163,-0.074373566,0.035705898,0.09382248,0.26314062,0.004765028
1779711183964567642,1779711185008970360,0.0,0.0,-0.40079007,-0.17909765,-0.05200609,0.01834374,0.20429376,0.0042570913
1779711185008970360,1779711186017910663,0.0,0.0,-0.2547298,-0.0069027664,0.093537904,0.15704907,0.33460847,0.006900328
1779711187023473610,1779711188035712522,0.0,0.0,-0.42923766,-0.22831991,-0.11375898,-0.050745882,0.13624926,0.0025771714
1779711189045737858,1779711190051600829,0.0,0.0,-0.34254214,-0.0928695,0.030575123,0.09221865,0.25563672,0.006905541
1779711193071730393,1779711194079805314,0.0,0.0,-0.28454676,-0.07804212,0.019377364,0.080385216,0.2350513,0.0052012024
1779711255101656922,1779711256125554556,0.0,0.0,-0.3943215,-0.16652948,-0.051854834,0.02469623,0.15767747,0.0060313647
1779711301835618690,1779711302841501929,-0.530245322650239,0.014330954665847212,-0.45394802,-0.143492,-0.02592373,0.041606344,0.20696075,0.0030227208
1779711302841501929,1779711303845586775,0.0,0.0,-0.32364464,-0.080956,0.034242813,0.095953904,0.26536477,0.006443429
1779711304856828723,1779711305869525795,0.0,0.0,-0.4637231,-0.2372745,-0.13046466,-0.06905995,0.100605644,0.006035126
1779711305869525795,1779711306877763090,0.0,0.0,-0.26797098,-0.075878024,-0.0015933714,0.07339418,0.26923665,0.0065714866
1779711306877763090,1779711307891364423,0.0,0.0,-0.43778685,-0.17171273,-0.076431416,-0.012723504,0.22114079,0.0068200473
1779711307891364423,1779711308895460652,0.0,0.0,-0.37181014,-0.10052929,-0.006488211,0.076118685,0.26398113,0.0088925
1779711308895460652,1779711309899596866,0.0,0.0,-0.35227197,-0.13565338,-0.04016843,0.04080173,0.24394226,0.010136452
1779711309899596866,1779711310910297294,0.0,0.0,-0.3802671,-0.09270445,-0.0004914435,0.07206929,0.23041388,0.006236373
1779711310910297294,1779711311915465664,0.0,0.0,-0.25126797,-0.095514864,-0.0049277316,0.052414324,0.22429189,0.0045975004
1779711313987951480,1779711314994711245,-0.5560570127982517,0.0179373229932416,-0.42241403,-0.20533444,-0.04322442,0.03838088,0.22495547,0.0031817867
1779711314994711245,1779711316007689262,0.0,0.0,-0.2889384,-0.05112876,0.056533914,0.108279504,0.28421193,0.009289385
1779711316007689262,1779711317011156217,0.0,0.0,-0.28139368,-0.103216015,-0.009883853,0.048527796,0.21914549,0.0039914334
1779711317011156217,1779711318027557207,-0.7759451824489183,0.020419610064580318,-0.5142701,-0.25464037,-0.10509757,-0.024832044,0.15568067,0.005228674
1779711318027557207,1779711319034638671,-0.2586617745242669,0.006990858770911251,-0.34877035,-0.13653935,-0.009241106,0.058287103,0.26072496,0.002634911
1779711321080207555,1779711322101895788,0.0,0.0,-0.44897145,-0.21603231,-0.088835075,-0.02368521,0.12579829,0.006900011
1779711323112320935,1779711324114460058,0.0,0.0,-0.30248794,-0.10380148,-0.013549325,0.06366275,0.23794167,0.008240559
1779711324114460058,1779711325114529645,0.0,0.0,-0.2561432,-0.03930729,0.05395117,0.111870565,0.34042415,0.0038245888
1779711325114529645,1779711326127351688,0.0,0.0,-0.5251403,-0.29464662,-0.11898297,-0.047065996,0.17266096,0.004685591
1779711326127351688,1779711327147695156,0.0,0.0,-0.44461304,-0.22023496,-0.04631139,0.035700254,0.23201035,0.0040758937
1779711327147695156,1779711328151450166,0.0,0.0,-0.2834394,-0.090445004,0.03823557,0.10722729,0.2990314,0.009826611
1779711329169503747,1779711330172653447,0.0,0.0,-0.2940908,-0.040110275,0.051455,0.1172661,0.29343507,0.007822069
1779711330172653447,1779711331183661624,0.0,0.0,-0.34823868,-0.11281697,-0.011147348,0.048507385,0.20981753,0.008829952
1779711335636628307,1779711336637256455,0.0,0.0,-0.3166805,-0.07323828,0.007826052,0.090513565,0.23665594,0.0062953103
1779711336637256455,1779711337646431259,0.0,0.0,-0.41171178,-0.13024567,-0.0064674024,0.073613785,0.23035586,0.0031169776
1779711337646431259,1779711338688453530,0.0,0.0,-0.46304452,-0.206185,-0.10491799,-0.036958687,0.1531061,0.0041469564
1779711338688453530,1779711339691561335,0.0,0.0,-0.35459772,-0.12878327,-0.035741962,0.026542287,0.20846847,0.004450234
1779711341974061926,1779711342997456566,0.0,0.0,-0.37237054,-0.09776982,-0.006631139,0.07925614,0.22879021,0.0073634866
1779711342997456566,1779711344014196803,0.0,0.0,-0.4788281,-0.20717974,-0.088588476,-0.021322725,0.20499246,0.004689172
1779711344014196803,1779711345020924387,0.0,0.0,-0.43657523,-0.20614564,-0.11091856,-0.047560446,0.14628023,0.005900361
1779711345020924387,1779711346029536859,0.0,0.0,-0.40242836,-0.1803497,-0.045113377,0.025753671,0.2354069,0.002406737
1779711346029536859,1779711347041506707,0.0,0.0,-0.33883896,-0.08082599,-0.0028688803,0.07460927,0.2643794,0.008164427
1779711347041506707,1779711348055584715,0.0,0.0,-0.15697472,0.06878495,0.17471819,0.2284123,0.42665038,0.0072682877
1779711348055584715,1779711349057507511,0.0,0.0,-0.3949908,-0.17851062,-0.048927072,0.021257035,0.19226374,0.005487747
1779711350082349340,1779711351101492228,0.0,0.0,-0.4631652,-0.22488947,-0.084459394,-0.017522747,0.17194372,0.006114012
1779711351101492228,1779711352105645021,0.0,0.0,-0.2824966,-0.053366743,0.07028164,0.11655751,0.34197253,0.0023128241
1779711353123454787,1779711354125352571,0.0,0.0,-0.48712498,-0.21827963,-0.07860567,-0.013284487,0.21574417,0.0059748865
1779711354125352571,1779711355139570790,0.0,0.0,-0.46400946,-0.20628326,-0.061164662,0.0068881866,0.16919097,0.0059152152
1779711356149506310,1779711357156420306,0.0,0.0,-0.40210444,-0.14309812,-0.044806223,0.028306603,0.25885785,0.00685631
1779711357156420306,1779711358177527886,0.0,0.0,-0.23263086,-0.026987867,0.07950506,0.13913922,0.3308723,0.007487304
1779711359183287404,1779711360188312184,0.0,0.0,-0.27424973,-0.046278127,0.04192619,0.0989111,0.32499272,0.0054361816
1779711361198404853,1779711362223723819,0.0,0.0,-0.44388255,-0.2243333,-0.12001366,-0.05885583,0.12597291,0.0067214523
1779711362223723819,1779711363240012525,0.0,0.0,-0.32664552,-0.03458132,0.08492951,0.13367034,0.38181564,0.008573129
1779711363240012525,1779711364241877128,0.0,0.0,-0.35720575,-0.13115633,-0.03400123,0.027560934,0.1923511,0.0035303056
1779711364241877128,1779711365252314309,0.0,0.0,-0.48995036,-0.2418884,-0.10288678,-0.020856546,0.17071982,0.0067884293
1779711365252314309,1779711366256383939,0.0,0.0,-0.26640758,-0.04617546,0.062000863,0.12885006,0.3169061,0.0051859496
1779711366256383939,1779711367262271065,0.0,0.0,-0.32432094,-0.07581454,0.012703138,0.10996803,0.26660812,0.0070382534
1779711367262271065,1779711368265525015,0.0,0.0,-0.5024138,-0.22197238,-0.10928945,-0.043852612,0.13087559,0.0067359395
1779711368265525015,1779711369269575501,0.0,0.0,-0.5040889,-0.2761995,-0.1374559,-0.051239777,0.13942537,0.003584057
1779711369269575501,1779711370291380351,0.0,0.0,-0.28963625,-0.014899739,0.071251675,0.13152392,0.38350913,0.0036735428
1779711371297464627,1779711372309717259,0.0,0.0,-0.32587272,-0.09435141,0.033956442,0.10547412,0.2513989,0.0093771815
1779711372309717259,1779711373321413710,0.0,0.0,-0.32446563,-0.10179736,-0.0028086249,0.07338513,0.22761668,0.0031727273
1779711377397878651,1779711378449281554,1.099273446022365,0.03790598089759395,-0.5135853,-0.27699515,-0.10960293,-0.033678353,0.1749766,0.004104008
1779711378449281554,1779711379450576310,0.23277181444836087,0.00495259179671698,-0.34813526,-0.12827745,0.01659398,0.08028717,0.23355432,0.008875607
1779711379450576310,1779711380479231237,0.0,0.0,-0.36553788,-0.12955889,-0.006527868,0.06361532,0.2683788,0.005230953
1779711383632737035,1779711384641416765,0.0,0.0,-0.40634483,-0.17031366,-0.054361224,0.016620759,0.17038791,0.007827207
1779711384641416765,1779711385652030425,0.0,0.0,-0.4133323,-0.166529,-0.0689198,-0.0038490146,0.20930892,0.0059445505
1779711385652030425,1779711386669407931,0.0,0.0,-0.42616674,-0.20319423,-0.104243964,-0.04176353,0.14995378,0.0068092253
1779711386669407931,1779711387675360031,0.0,0.0,-0.28607216,-0.042449802,0.05394168,0.10924998,0.31115624,0.007902889
1779711387675360031,1779711388745968503,0.32328519835124336,0.008507505219599776,-0.27857968,-0.08940945,-0.004575391,0.055243336,0.23085108,0.0049362034
1779711392042353753,1779711393050600476,0.0,0.0,-0.4384203,-0.21480617,-0.092792235,-0.02187965,0.106927246,0.0042161606
1779711393050600476,1779711394064312241,-1.0214900833822118,0.030954244950957367,-0.44827166,-0.16257285,-0.039576046,0.035523474,0.18262242,0.008175083
1779711397087988077,1779711398112359406,0.0,0.0,-0.47755554,-0.22326669,-0.10713526,-0.044528835,0.1704377,0.0059220893
1779711398112359406,1779711399146861994,0.0,0.0,-0.33848622,-0.07965679,0.026603965,0.10548177,0.25346074,0.007268791
1779711399146861994,1779711400190971424,0.0,0.0,-0.37312263,-0.1112395,-0.02548447,0.06284122,0.21266119,0.008611606
1779711401201583959,1779711402217743636,0.0,0.0,-0.39124134,-0.15936014,-0.06445078,0.014060411,0.19834702,0.004431311
1779711402217743636,1779711403232832915,0.0,0.0,-0.40822673,-0.1696259,-0.06115279,0.0027133315,0.19155252,0.0067700907
1779711404276491660,1779711405286240331,0.0,0.0,-0.35976052,-0.12014,-0.01288647,0.06960026,0.26869512,0.0053676236
1779711405286240331,1779711406315150111,0.0,0.0,-0.44006434,-0.17315483,-0.033113964,0.046066966,0.22334693,0.007348009
1779711406315150111,1779711407344013844,0.0,0.0,-0.2799181,-0.042043857,0.05057489,0.11601047,0.28963435,0.008707394
1779711407344013844,1779711408355300171,0.0,0.0,-0.4419537,-0.13966951,-0.026820073,0.05509518,0.2112725,0.0047885315
1779711408355300171,1779711409391181740,0.0,0.0,-0.44279367,-0.19174924,-0.050405066,0.02997075,0.20050544,0.0067543196
1779711409391181740,1779711410425063296,0.0,0.0,-0.36928004,-0.10833887,-0.020635633,0.06740002,0.22705045,0.008335388
1779711410425063296,1779711411439993595,0.0,0.0,-0.33064765,-0.059446394,0.0442245,0.112185575,0.30922452,0.008327051
1779711411439993595,1779711412449633172,0.0,0.0,-0.36128256,-0.14666808,-0.041604385,0.03419002,0.23351102,0.003410544
1779711412449633172,1779711413459561384,0.0,0.0,-0.32174525,-0.062082674,0.027325232,0.099735126,0.3088423,0.004728665
1779711413459561384,1779711414463463726,0.0,0.0,-0.41847497,-0.18932667,-0.058654375,0.0044921576,0.21630222,0.0026151205
1779711418676801410,1779711419677009602,0.0,0.0,-0.30295044,-0.059075043,0.037249185,0.105395295,0.27093413,0.0075873337
1779711419677009602,1779711420728077030,0.0,0.0,-0.3661469,-0.11030353,-0.014851428,0.067611,0.24617277,0.0067071533
1779711420728077030,1779711421731098049,0.0517215852935299,0.0020688634116083904,-0.42994615,-0.14256866,-0.02127299,0.06029944,0.21723318,0.005239434
1779711421731098049,1779711422738825650,0.0,0.0,-0.35159925,-0.116623685,-0.020569943,0.06313048,0.19923814,0.0054312604
1779711422738825650,1779711423753608062,0.0,0.0,-0.35257962,-0.134179,-0.033798326,0.026581686,0.20866907,0.0056138383
1779711424772149878,1779711425830017160,0.0,0.0,-0.42146417,-0.17843483,-0.06962313,-0.00033955718,0.22457616,0.002727636
1779711425830017160,1779711426835821289,0.0,0.0,-0.32428065,-0.083264805,0.027939938,0.096641436,0.23266073,0.010924925
1779711427838224637,1779711428844215598,0.0,0.0,-0.31108767,-0.05884867,0.050309982,0.117155254,0.26478326,0.011375589
1779711428844215598,1779711429847167609,0.0,0.0,-0.40988934,-0.17449516,-0.06847965,0.009389143,0.14378329,0.0062799426
1779711430852765195,1779711431865124749,0.0,0.0,-0.4475953,-0.20898777,-0.07203229,-0.007491113,0.19186544,0.0062376163
1779711431865124749,1779711432890895872,0.0,0.0,-0.2869711,-0.0722738,0.039332997,0.11849452,0.24717152,0.006276487
1779711432890895872,1779711433898704028,0.0,0.0,-0.28197137,-0.060885455,0.013456342,0.07522127,0.2161389,0.005478825
1779711434916273879,1779711435933886027,0.0,0.0,-0.3312952,-0.13176946,-0.03269696,0.040853843,0.19544068,0.0035753848
1779711435933886027,1779711436941379717,0.0,0.0,-0.28621775,-0.115134835,-0.0202647,0.03822904,0.20084848,0.004865206
1779711436941379717,1779711437946725386,0.0,0.0,-0.37959728,-0.17721535,-0.04716572,0.019918961,0.2397954,0.0043676915
1779711437946725386,1779711438953494140,-0.8405089092429012,0.030018175330199473,-0.37199,-0.118923865,-0.019178193,0.0716876,0.2160002,0.004721617
1779711916582615694,1779711917604287314,0.34898915939727254,0.009183925246958324,-0.3401129,-0.11906294,-0.029221186,0.022330876,0.19699308,0.0040399977
1779711917604287314,1779711918622437202,0.6333195900799911,0.01746605584391109,-0.42969096,-0.22167884,-0.0946981,-0.030372452,0.12516181,0.0051525948
1779711918622437202,1779711919626855689,0.0,0.0,-0.43822956,-0.21929963,-0.10145715,-0.05059136,0.16337426,0.005985821
1779711919626855689,1779711920630960574,0.0,0.0,-0.42578608,-0.18219854,-0.0806181,-0.016134566,0.1569043,0.0051868563
1779711920630960574,1779711921648292691,-0.697946293317344,0.0183670077187103,-0.25143364,-0.063822895,0.065909274,0.11981747,0.3193667,0.005332064
1779711921648292691,1779711922670460655,0.0,0.0,-0.29419732,-0.088151574,0.0050360416,0.054838113,0.25433627,0.003369625
1779711922670460655,1779711923674433633,0.0,0.0,-0.27578443,-0.09168986,0.019967554,0.0687189,0.27643374,0.0034276699
1779711923674433633,1779711924680374615,0.0,0.0,-0.3435594,-0.11279576,0.00047397107,0.07625354,0.2584707,0.0038995317
1779711924680374615,1779711925684402953,0.0,0.0,-0.3094517,-0.11687798,-0.008227753,0.041416973,0.23871057,0.004056775
1779711925684402953,1779711926704384516,0.0,0.0,-0.18844998,-0.030786961,0.08054164,0.13565609,0.2831238,0.0062718666
1779711927730539965,1779711928746743008,0.41360368371728784,0.011178477938135591,-0.4601952,-0.22765473,-0.09542191,-0.03129982,0.1691864,0.0035806715
1779711928746743008,1779711929758704698,0.0,0.0,-0.46517864,-0.19398445,-0.095712505,-0.022769414,0.1636966,0.004029959
1779711929758704698,1779711930770321195,0.0,0.0,-0.30552503,-0.10457967,0.034698516,0.09207505,0.2474582,0.010178727
1779711931809083818,1779711932820353350,0.0,0.0,-0.38525292,-0.15490706,-0.000431888,0.068684444,0.20593819,0.0063260496
1779711932820353350,1779711933820514290,0.0,0.0,-0.42233667,-0.19608277,-0.06569377,0.00063301896,0.18587135,0.0067129466
1779711933820514290,1779711934846588085,-0.41360368371869827,0.01088430746607939,-0.28668824,-0.104652315,-0.024487145,0.030428998,0.19296968,0.005849807
1779711934846588085,1779711935850443054,-0.27143671454527846,0.007336127420137933,-0.45864943,-0.20974414,-0.105984345,-0.04213574,0.16211033,0.0059454497
1779711935850443054,1779711936850462754,0.0,0.0,-0.26943868,-0.02876968,0.08792455,0.14084774,0.30997825,0.005370897
1779711936850462754,1779711937858447761,0.0,0.0,-0.46619254,-0.17081721,0.00093277916,0.07924583,0.2661671,0.004656054
1779711937858447761,1779711938864382779,0.0,0.0,-0.42738843,-0.15127006,-0.0528938,0.018939855,0.22272106,0.008691278
1779711938864382779,1779711939870367128,0.0,0.0,-0.26699117,-0.052271955,0.05649701,0.11942916,0.24062091,0.0039725197
1779711939870367128,1779711940882329533,0.0,0.0,-0.3676989,-0.13208872,-0.02626422,0.042457853,0.2397387,0.0067280447
1779711940882329533,1779711941896200228,0.0,0.0,-0.41183695,-0.13460144,-0.008145827,0.073736906,0.25940257,0.00379107
1779711941896200228,1779711942908384218,0.0,0.0,-0.28211483,-0.03323375,0.06927704,0.11561157,0.3178454,0.0060976176
1779711942908384218,1779711943918414754,0.0,0.0,-0.4408753,-0.16609101,-0.017058853,0.051818628,0.2746702,0.0047415574
1779711943918414754,1779711944920373058,0.0,0.0,-0.30160594,-0.040789925,0.052904155,0.111235395,0.34875426,0.004357539
1779711944920373058,1779711945934637773,0.0,0.0,-0.32009342,-0.093596876,-0.010468373,0.07728983,0.25289202,0.0030545865
1779711946946377676,1779711947952581692,0.0,0.0,-0.32784593,-0.10269232,0.009926636,0.07313074,0.29834884,0.0029627078
1779711948961057046,1779711949976441973,0.0,0.0,-0.36039856,-0.14005636,0.021866983,0.078901835,0.21538936,0.007544873
1779711949976441973,1779711950978382140,0.0,0.0,-0.3724275,-0.06132,0.041857466,0.092036396,0.28128904,0.006900718
1779711950978382140,1779711951992379186,0.0,0.0,-0.23962355,-0.029052177,0.0869561,0.13575336,0.33554038,0.0059631285
1779711951992379186,1779711953014405997,0.7368815692470374,0.019391620243126045,-0.34503132,-0.13360538,-0.020452581,0.039164383,0.2526638,0.006792532
1779711953014405997,1779711954029517801,0.0,0.0,-0.32779706,-0.06633292,0.04867236,0.106356256,0.2981074,0.005550052
1779711954029517801,1779711955040389444,0.0,0.0,-0.38525882,-0.124100685,-0.019607468,0.031789,0.19960518,0.010434477
1779711956048274334,1779711957056318970,0.0,0.0,-0.32083213,-0.11356774,-0.001590852,0.06111024,0.23225091,0.0026512344
1779711957056318970,1779711958070671335,0.0,0.0,-0.36806005,-0.1360014,-0.037430815,0.030456735,0.24386273,0.0024681368
1779711958070671335,1779711959084364585,0.0,0.0,-0.41675046,-0.18724343,-0.07668489,0.00020383696,0.18544614,0.0008204268
1779711959084364585,1779711960280169732,0.0,0.0,-0.3807385,-0.16791521,-0.05024875,0.025204819,0.24850267,0.0081086205
1779711960280169732,1779711961283335629,0.0,0.0,-0.26192912,-0.0008902995,0.09445517,0.15986812,0.34265533,0.0066935355
1779711961283335629,1779711962313914493,0.9694982918561231,0.02423745729673854,-0.3479476,-0.13769835,0.010849524,0.076964825,0.22199774,0.007492731
1779711962313914493,1779711963335854817,0.0,0.0,-0.3632803,-0.14469573,-0.06825078,0.01593481,0.19459163,0.0063718413
1779711963335854817,1779711964384818078,-0.8014451870737098,0.032057807483454326,-0.33339846,-0.12719923,-0.0134598175,0.0713116,0.20433436,0.0040880814
1779711964384818078,1779711965403599203,0.0,0.0,-0.26582903,-0.03434804,0.06875226,0.15298098,0.27952763,0.007817114
1779711965403599203,1779711966423401042,0.0,0.0,-0.35080856,-0.108685665,-0.016808197,0.03702624,0.24653412,0.0045049074
1779711966423401042,1779711967430530557,0.0,0.0,-0.17886035,0.0153240925,0.10967056,0.18676938,0.3078859,0.0072073224
1779711967430530557,1779711968444335677,-0.012927061638816153,0.0003152941859899861,-0.46827632,-0.22807607,-0.101816654,-0.028487531,0.12137998,0.0032962456
1779711968444335677,1779711969472297867,0.0,0.0,-0.3073213,-0.01922956,0.09044228,0.14578664,0.4102711,0.0053808833
1779711969472297867,1779711970476423904,-0.012927078352135172,0.00034938049618569886,-0.46564913,-0.22173443,-0.096428335,-0.03991626,0.13803877,0.0069080126
1779711971480566085,1779711972506368543,0.0,0.0,-0.5274184,-0.2704192,-0.1402951,-0.06772705,0.07615039,0.0037589502
1779711972506368543,1779711973603021222,-0.8790805340395483,0.026638804061742814,-0.2955381,-0.04514865,0.04092,0.116725884,0.37731317,0.0035323445
1779711974611151686,1779711975636372543,0.0,0.0,-0.34293157,-0.12732984,-0.01689493,0.041794367,0.2666646,0.0066281594
1779711975636372543,1779711976636377535,0.0,0.0,-0.42954493,-0.15779682,-0.044118218,0.023240818,0.16352539,0.003569244
1779711976636377535,1779711977638378222,0.0,0.0,-0.3713112,-0.10106886,0.0039140754,0.09190863,0.21847025,0.0028840587
1779711977638378222,1779711978646675664,0.5171937842221295,0.013978210384495185,-0.29823753,-0.08167475,0.027826823,0.07809424,0.3178318,0.005268692
1779711978646675664,1779711979648579809,0.0,0.0,-0.3115058,-0.11728914,-0.018650964,0.03501274,0.1884227,0.0047495156
1779711979648579809,1779711980670732541,0.0,0.0,-0.41104937,-0.14860024,-0.060261462,0.010223666,0.20516555,0.006102058
1779711980670732541,1779711981692381047,0.0,0.0,-0.38969636,-0.16195457,-0.005547967,0.05639341,0.1919372,0.0071077556
1779711981692381047,1779711982696275507,0.0,0.0,-0.28058738,-0.059203904,0.051900133,0.107908666,0.34193432,0.0045551565
1779711982696275507,1779711983710303724,0.0,0.0,-0.34750187,-0.10801879,0.0052423747,0.07704892,0.22278324,0.0063818563
1779711983710303724,1779711984726491681,0.0,0.0,-0.5068764,-0.26775086,-0.12937045,-0.070221245,0.11900518,0.0046792002
1779711984726491681,1779711985746266668,0.0,0.0,-0.36007506,-0.0804283,0.049546424,0.11051723,0.27806455,0.009976019
1779711985746266668,1779711986750405062,0.0,0.0,-0.24157605,-0.022830578,0.08910264,0.14320621,0.3400418,0.005168334
1779711986750405062,1779711987760658879,0.0,0.0,-0.48512453,-0.12920956,0.023526955,0.07913553,0.2729988,0.0034950818
1779711987760658879,1779711988768323521,0.0,0.0,-0.43582565,-0.20863083,-0.05104674,0.008289012,0.18863872,0.0059678545
1779711989772390253,1779711990780630003,0.0,0.0,-0.33818588,-0.08721208,0.008448153,0.067941435,0.24741192,0.0039357156
1779711990780630003,1779711991790483816,0.0,0.0,-0.5009513,-0.27024198,-0.122066915,-0.06422688,0.12626232,0.0034209103
1779711992820275154,1779711993830290110,0.0,0.0,-0.4335642,-0.18884692,-0.08521262,-0.022173345,0.1859397,0.0043626074
1779711994834387128,1779711995842390457,0.0,0.0,-0.45846123,-0.2122631,-0.07129901,0.0013183851,0.18240543,0.003073666
1779711995842390457,1779711996883081325,-1.2025167526366654,0.03879086298855698,-0.4842838,-0.20218302,-0.08349374,-0.002073501,0.1782217,0.0054276357
1779711996883081325,1779711997889480238,0.0,0.0,-0.29305074,-0.034394372,0.06394856,0.14947684,0.2844336,0.009449127
1779711997889480238,1779711998909883235,0.0,0.0,-0.35736123,-0.15445887,-0.043487184,0.01958848,0.18893409,0.0009763052
1779711998909883235,1779711999910499571,0.0,0.0,-0.2897765,-0.08083049,0.05299999,0.115214534,0.3159072,0.0066690063
1779712000917842070,1779712001922359543,0.0,0.0,-0.24112093,-0.012172551,0.09254606,0.14281589,0.31818923,0.011419668
1779712001922359543,1779712002938382817,0.0,0.0,-0.35960865,-0.15607171,-0.04544638,0.012045369,0.18030052,0.0053409087
1779712002938382817,1779712003938564773,0.0,0.0,-0.41585588,-0.18325567,-0.0829106,-0.009467898,0.1891495,0.005046694
1779712003938564773,1779712004944339398,0.0,0.0,-0.4411231,-0.21248059,-0.095665224,-0.020310493,0.1772034,0.0006661093
1779712004944339398,1779712005970717634,0.0,0.0,-0.36917707,-0.08596943,0.012660332,0.08860009,0.25643694,0.0070660366
1779712005970717634,1779712006984350588,0.0,0.0,-0.4048699,-0.2300094,-0.0808203,-0.0230695,0.15413488,0.0030841422
1779712006984350588,1779712007990390998,1.2025167526373708,0.03164517770119122,-0.4468115,-0.1983526,-0.056181505,0.014657085,0.2222956,0.0050889477
1779712007990390998,1779712009014325723,0.0,0.0,-0.31691888,-0.121017724,0.014576138,0.06533989,0.2832944,0.0064766826
1779712009014325723,1779712010038235735,0.762812009876553,0.020074000259945615,-0.36515266,-0.09617467,-0.0025006067,0.07245611,0.22321208,0.006620801
1779712010038235735,1779712011046483684,0.0,0.0,-0.4097483,-0.119521886,0.0029346177,0.06986629,0.23172235,0.007857633
1779712011046483684,1779712012052842979,0.3619921202442583,0.009783570817393799,-0.3129992,-0.07870847,0.03301034,0.081696115,0.2886474,0.008281934
1779712012052842979,1779712013056438379,0.0,0.0,-0.3525867,-0.099258006,0.0070234635,0.060639743,0.25594378,0.005426097
1779712013056438379,1779712014080379632,0.0,0.0,-0.36914787,-0.13424714,-0.016960293,0.04900249,0.24510297,0.006033291
1779712014080379632,1779712015080456272,0.0,0.0,-0.3734498,-0.13120316,0.02961092,0.09620481,0.24311107,0.005624702
1779712016102723581,1779712017116821104,0.0,0.0,-0.34459317,-0.13561216,0.008769491,0.05870252,0.22782104,0.0059411973
1779712017116821104,1779712018122764917,0.0,0.0,-0.34834698,-0.12052187,-0.031875614,0.04050675,0.2188421,0.009576547
1779712018122764917,1779712019130363363,0.0,0.0,-0.382911,-0.16281578,-0.03772738,0.021989383,0.22605672,0.0041291527
1779712019130363363,1779712020144520361,0.0,0.0,-0.23668759,-0.0129758855,0.082182124,0.13645124,0.29242313,0.009491391
1779712020144520361,1779712021162758199,0.0,0.0,-0.4182885,-0.16171513,-0.059590723,0.0008130617,0.16759358,0.007221982
1779712021162758199,1779712022172561836,0.0,0.0,-0.47084692,-0.26895034,-0.1449692,-0.07023772,0.10624706,0.0040428876
1779712022172561836,1779712023183119911,0.0,0.0,-0.38804588,-0.12151157,0.0027481597,0.0697421,0.24733381,0.007009437
1779712026545570589,1779712027551738853,-0.8401558300119496,0.016156842884781277,-0.43650565,-0.17889939,-0.046401344,0.02887799,0.1800114,0.0034683647
1779712027551738853,1779712028552429871,0.0,0.0,-0.35026577,-0.14193758,-0.02789298,0.037855495,0.26156068,0.0025250365
1779712028552429871,1779712029582694108,0.0,0.0,-0.29782665,-0.07308168,0.04283592,0.10382733,0.26252726,0.0030591327
1779712029582694108,1779712030586390840,0.0,0.0,-0.3822185,-0.107265264,-0.024981527,0.05475455,0.23687953,0.0045731207
1779712030586390840,1779712031598044847,0.0,0.0,-0.23891032,-0.046612177,0.047177967,0.108710855,0.27910063,0.0062964098
1779712031598044847,1779712032598291375,0.0,0.0,-0.31045842,-0.026960341,0.06411694,0.119455405,0.32910368,0.0063385675
1779712032598291375,1779712033626477443,0.0,0.0,-0.2970322,-0.045570903,0.078467876,0.12951851,0.3281044,0.006194791
1779712034643724937,1779712035650355615,0.0,0.0,-0.35831338,-0.11897822,-0.023244668,0.04224676,0.2163641,0.007638147
1779712035650355615,1779712036660203401,0.0,0.0,-0.3343845,-0.08055808,0.051640965,0.102036886,0.32230648,0.0035961892
1779712036660203401,1779712037672235357,0.0,0.0,-0.47504315,-0.15310119,-0.027474739,0.035924897,0.17384563,0.005284655
1779712037672235357,1779712038678178188,0.0,0.0,-0.35181254,-0.09053771,0.03098464,0.0853795,0.29202655,0.0069935895
1779712039689452565,1779712040702231797,-0.4265676685625005,0.011225464962250659,-0.3557431,-0.17235391,-0.0725709,-0.016502721,0.18516234,0.004232241
1779712041705927717,1779712042728341706,0.0,0.0,-0.44327152,-0.20885833,-0.11063466,-0.03818087,0.10635595,0.004071133
1779712042728341706,1779712043736332827,0.0,0.0,-0.2995735,-0.06572911,0.035595022,0.10041007,0.26931503,0.00868233
1779712043736332827,1779712044748444766,0.0,0.0,-0.4436989,-0.22252384,-0.10669749,-0.026101908,0.1423652,0.003183036
1779712044748444766,1779712045774223050,0.0,0.0,-0.24705596,-0.060752638,0.050001007,0.11195433,0.26373872,0.007285007
1779712045774223050,1779712046778273163,0.0,0.0,-0.37735605,-0.14116088,-0.05444644,0.035769418,0.23767778,0.0076282546
1779712046778273163,1779712047790273928,0.0,0.0,-0.34476563,-0.1501812,0.014909327,0.06888583,0.30439934,0.0018988953
1779712047790273928,1779712048802453728,0.0,0.0,-0.34259447,-0.13317442,-0.01669149,0.034046836,0.22055823,0.0039229374
1779712048802453728,1779712049806436229,0.0,0.0,-0.31396163,-0.09979746,0.042537678,0.095069855,0.25367022,0.0099434955
1779712049806436229,1779712050822351522,0.0,0.0,-0.3213336,-0.093724966,0.01841904,0.07948629,0.2661487,0.0047131586
1779712050822351522,1779712051828324187,0.0,0.0,-0.47203618,-0.2221502,-0.047886986,0.019510962,0.23645459,0.0010103899
1779712051828324187,1779712052836607448,0.0,0.0,-0.41390944,-0.14388227,-0.043471392,0.032977402,0.26004317,0.0048477706
1779712052836607448,1779712053856293307,0.0,0.0,-0.38170934,-0.1811432,-0.05690788,-0.0028709332,0.16728225,0.0007040893
1779712053856293307,1779712054858877391,0.0,0.0,-0.40197402,-0.15279634,-0.032828294,0.019744564,0.17245969,0.008348993
1779712054858877391,1779712055860382794,0.0,0.0,-0.42920393,-0.15125103,-0.050231837,0.016328977,0.1839695,0.003137286
1779712055860382794,1779712056874397196,0.0,0.0,-0.31817472,-0.101710394,0.0379729,0.09853137,0.26632142,0.004392155
1779712056874397196,1779712057880433985,0.0,0.0,-0.2692673,-0.076046884,0.028385846,0.08665191,0.27363276,0.003879086
1779712057880433985,1779712058888608432,0.0,0.0,-0.4913058,-0.2507849,-0.10704132,-0.0478805,0.15322016,0.004519914
1779712058888608432,1779712059892319163,0.0,0.0,-0.28819937,-0.0742186,0.055245273,0.10474695,0.30631375,0.00820117
1779712059892319163,1779712060916525432,0.0,0.0,-0.32066134,-0.035826758,0.068261005,0.12008341,0.31305405,0.0074663498
1779712060916525432,1779712061924378267,0.0,0.0,-0.41480452,-0.18110405,-0.06795296,-0.01600463,0.16008027,0.000904583
1779712061924378267,1779712062938979257,0.0,0.0,-0.4174222,-0.12568922,0.012848167,0.068962626,0.2767405,0.005197693
1779712062938979257,1779712063956325880,0.0,0.0,-0.3194417,-0.12516023,-0.031591836,0.043776445,0.21768671,0.0063676448
1779712063956325880,1779712064980239667,-0.6075671848367817,0.015988610127088146,-0.36027914,-0.13589264,0.010637498,0.067687236,0.24717185,0.008672786
1779712064980239667,1779712065984448479,0.0,0.0,-0.37208965,-0.11350683,-0.003463992,0.05791617,0.24098028,0.0028413401
1779712065984448479,1779712066986615436,0.0,0.0,-0.32256034,-0.062197305,0.01060666,0.08269039,0.256454,0.008204339
1779712066986615436,1779712068000342970,0.0,0.0,-0.3787661,-0.10683342,-0.011842628,0.04222089,0.2797399,0.008105924
1779712068000342970,1779712069010559886,0.0,0.0,-0.50074637,-0.2706511,-0.086041585,-0.0031932278,0.22129181,0.004926877
1779712069010559886,1779712070020634138,0.0,0.0,-0.50268537,-0.2792697,-0.15702637,-0.08293308,0.18571235,0.004662615
1779712071034564214,1779712072056286180,0.0,0.0,-0.2627232,-0.082531735,0.02108012,0.08889596,0.26446807,0.000100764315
1779712072056286180,1779712073074485697,0.0,0.0,-0.33180058,-0.10796129,0.008495858,0.060774695,0.2490027,0.0049368124
1779712073074485697,1779712074080704486,0.0,0.0,-0.36401147,-0.1416789,-0.013605009,0.055558518,0.26033297,0.003166355
1779712074080704486,1779712075082419366,-0.07756442533553586,0.0020963358198893937,-0.33014607,-0.15193686,-0.023014726,0.030119767,0.24666432,0.0026873776
1779712075082419366,1779712076106612672,0.0,0.0,-0.32724816,-0.06709805,0.04136369,0.10790239,0.34848723,0.004219504
1779712076106612672,1779712077116774251,0.0,0.0,-0.40629038,-0.17156433,-0.055209603,0.017739646,0.21643117,0.008089778
1779712079372355986,1779712080380540238,0.0,0.0,-0.38500494,-0.1638121,-0.02662328,0.027704097,0.18107599,0.007538366
1779712080380540238,1779712081608005474,0.0,0.0,-0.39544332,-0.16486393,-0.031103821,0.028664403,0.2592039,0.008723236
1779712081608005474,1779712082610341298,0.0,0.0,-0.39074796,-0.12608017,-0.025536679,0.052623246,0.2377797,0.004644485
1779712082610341298,1779712083612290594,0.0,0.0,-0.44160503,-0.19781774,-0.08365627,-0.015479991,0.16664094,0.003783629
1779712083612290594,1779712084624330108,0.0,0.0,-0.31599483,-0.10146438,-0.0001972119,0.050466746,0.25438032,0.003693211
1779712084624330108,1779712085628709650,0.0,0.0,-0.40787765,-0.18298061,-0.052056175,0.017181322,0.18147194,0.002029643
1779712085628709650,1779712086638551625,0.0,0.0,-0.33600265,-0.10325716,-0.0122351395,0.080809034,0.22108832,0.0049472754
1779712086638551625,1779712087640511998,0.0,0.0,-0.43982625,-0.1878298,-0.096905455,-0.019787954,0.16588913,0.005737954
1779712087640511998,1779712088656297015,0.0,0.0,-0.44641688,-0.21817225,-0.057161756,-0.0054594153,0.2055793,0.0011842473
1779712088656297015,1779712089676534827,0.0,0.0,-0.32355517,-0.09175793,0.002488873,0.06575419,0.28662425,0.0035236846
1779712089676534827,1779712090680252047,0.0,0.0,-0.4297468,-0.1684095,-0.074332416,-0.006121547,0.1747911,0.0044142073
1779712090680252047,1779712091688324652,0.2456284598203073,0.006463906837152566,-0.28575712,-0.037114024,0.06379847,0.12778358,0.3737881,0.007575773
1779712093709601532,1779712094733117197,0.2326950809005851,0.006123554760805698,-0.38320404,-0.1603209,-0.040545497,0.023459211,0.16647871,0.007241898
1779712094733117197,1779712095758947383,0.0,0.0,-0.4420945,-0.23142052,-0.11635057,-0.043203358,0.16289194,0.0054861167
1779712095758947383,1779712096768686652,0.0,0.0,-0.33747151,-0.12528317,-0.034386393,0.026400734,0.23302847,0.0024902518
1779712096768686652,1779712097776471972,0.0,0.0,-0.30096507,-0.06768798,0.0397828,0.10590547,0.35626826,0.004935444
1779712097776471972,1779712098796433373,0.3878131025730999,0.010205607961996509,-0.3485652,-0.13449614,-0.041300427,0.024633618,0.18976189,0.005108625
1779712098796433373,1779712099798269982,0.0,0.0,-0.31148016,-0.12024101,-0.029637584,0.03612442,0.18448965,0.0059059267
1779712099798269982,1779712100816310231,0.0,0.0,-0.27019238,-0.03341426,0.06234684,0.1218533,0.28115144,0.009036845
1779712100816310231,1779712101816564886,0.0,0.0,-0.36345187,-0.16563155,-0.037120838,0.0113847535,0.21095225,-0.00039306816
1779712101816564886,1779712102842974442,0.0,0.0,-0.43644348,-0.21019101,-0.0630828,-0.009996595,0.152742,0.0075678686
1779712102842974442,1779712103852643274,0.21975408226481313,0.005783002165091639,-0.33661944,-0.06977058,0.025937097,0.08264126,0.27137646,0.005975108
1779712103852643274,1779712104856368080,0.0,0.0,-0.19270346,0.0012353504,0.116401315,0.18964373,0.32463464,0.0039170817
1779712104856368080,1779712105868430042,0.0,0.0,-0.31753612,-0.0893853,0.024163986,0.09760426,0.23174335,0.005350918
1779712105868430042,1779712106873479392,0.80141514445972,0.021659868768954375,-0.36559054,-0.13480507,-0.042753927,0.030766176,0.1957912,0.007261425
1779712106873479392,1779712107874517689,0.0,0.0,-0.38210145,-0.1533687,-0.0068769893,0.04295543,0.22210431,0.008119804
1779712108894966686,1779712109911138802,0.9047463646667221,0.023809114859779948,-0.34406248,-0.108708404,-0.0024133148,0.07030152,0.2818992,0.005853844
1779712109911138802,1779712110918614972,0.0,0.0,-0.46611553,-0.24792676,-0.089272045,-0.032631453,0.1241863,0.0050859954
1779712110918614972,1779712111942571135,0.0,0.0,-0.22890763,0.0034102215,0.11834123,0.1829847,0.32545814,0.008936065
1779712112943439335,1779712113960398266,0.0,0.0,-0.3571658,-0.11806174,0.0003660574,0.056267515,0.24446948,0.004044734
1779712113960398266,1779712114974818760,0.0,0.0,-0.4515752,-0.22578108,-0.09778752,-0.031368915,0.12730683,0.0056885164
1779712114974818760,1779712116000405850,0.0,0.0,-0.51976013,-0.25209135,-0.12900667,-0.054059107,0.10156366,0.005358724
1779712116000405850,1779712117012398642,0.0,0.0,-0.45841065,-0.15939286,-0.03750992,0.037321337,0.21085732,0.0054507577
1779712117012398642,1779712118022323308,0.0,0.0,-0.31909508,-0.071973525,0.031289067,0.09125917,0.2649558,0.0057619764
1779712118022323308,1779712119026472390,0.0,0.0,-0.3357343,-0.1551432,-0.038674902,0.032924846,0.23241074,0.0032664575
1779712119026472390,1779712120030564300,0.9950724537255178,0.026186117203040815,-0.37957206,-0.1388837,-0.023402758,0.044231217,0.2549448,0.0073201116
1779712120030564300,1779712121036650128,0.5039599624275903,0.01362053952531879,-0.3374742,-0.14207482,-0.037046514,0.02081171,0.19310783,0.004654804
1779712121036650128,1779712122050322646,0.0,0.0,-0.3532675,-0.10237175,-0.0005675616,0.073232,0.25193334,0.0049135657
1779712122050322646,1779712123054756828,0.0,0.0,-0.2663583,-0.037104506,0.08341931,0.14046976,0.28709245,0.008205874
1779712123054756828,1779712124066527656,0.0,0.0,-0.4839311,-0.23509088,-0.079258606,-0.012411053,0.14989603,0.0007952015
1779712125078502185,1779712126090613176,0.0,0.0,-0.3485916,-0.10453539,0.06187079,0.12955964,0.29591125,0.0025970289
1779712127096944785,1779712128098571470,0.0,0.0,-0.30455974,-0.09377185,-0.022622053,0.04588685,0.20933636,0.005073049
1779712128098571470,1779712129124229199,0.0,0.0,-0.40471977,-0.19987169,-0.10450619,-0.037226766,0.12694913,0.0065775746
1779712129124229199,1779712130148646024,0.0,0.0,-0.45689458,-0.22682758,-0.091792695,-0.02429994,0.18331814,0.0067800772
1779712130148646024,1779712131158150915,-0.7882562741533361,0.02074358616199172,-0.35961214,-0.11615718,-0.0017463308,0.07014977,0.21632148,0.0067077065
1779712131158150915,1779712132196591819,0.0,0.0,-0.29400575,-0.061137486,0.024661426,0.0838828,0.29179084,0.0074250945
1779712133220109687,1779712134230465468,0.0,0.0,-0.39976165,-0.17854875,-0.07821092,-0.025219236,0.18388873,0.0055045662
1779712134230465468,1779712135234397606,0.0,0.0,-0.35308826,-0.10171331,-0.009827167,0.049372934,0.30001932,0.00563571
1779712136236878444,1779712137254310430,0.0,0.0,-0.34501848,-0.1465264,-0.00810512,0.050875723,0.23900454,0.004873323
1779712137254310430,1779712138256764948,0.23260667440136248,0.006286666875725304,-0.39396998,-0.11098749,-0.0023795129,0.064509846,0.24416144,0.006737424
1779712139263669948,1779712140279157313,0.0,0.0,-0.29552606,-0.037381407,0.059320588,0.12503365,0.30788225,0.009059611
1779712140279157313,1779712141288051612,0.0,0.0,-0.35998103,-0.096347205,0.0134055335,0.082221106,0.26091734,0.002021417
1779712145639977876,1779712146752372210,-3.3219328008332996,0.15099694549259757,-0.32569277,-0.104039565,-0.010443039,0.061232314,0.26478326,0.004835185
1779712146752372210,1779712147756919502,0.0,0.0,-0.37428674,-0.13210757,0.012657906,0.07740369,0.22008587,0.007833981
1779712148782959569,1779712149789266415,0.0,0.0,-0.22984345,0.036013637,0.12581618,0.18197657,0.43168804,0.0052851792
1779712149789266415,1779712150800471233,0.0,0.0,-0.4612564,-0.22394402,-0.06098821,0.022654034,0.1942777,0.003030058
1779712150800471233,1779712151820726145,0.0,0.0,-0.22425559,-0.067125514,0.043080885,0.11894052,0.27510187,0.004607593
1779712151820726145,1779712152838923912,-0.3232041163559542,0.008505371483137406,-0.38424984,-0.16597411,-0.031301383,0.038805816,0.24571268,0.0017298135
1779712152838923912,1779712153860645971,0.0,0.0,-0.37501305,-0.122868545,-0.035551142,0.026767071,0.22933714,0.0067361477
1779712153860645971,1779712154894338593,0.0,0.0,-0.38238263,-0.11105452,-0.02388331,0.060851138,0.2201134,0.009050754
1779712154894338593,1779712155902838253,0.0,0.0,-0.3660706,-0.147458,-0.043990966,0.016138274,0.19370864,0.0056095794
1779712155902838253,1779712156906871131,0.0,0.0,-0.34024245,-0.06641028,0.043381695,0.08892311,0.29746842,0.0076879524
1779712156906871131,1779712157910014254,0.0,0.0,-0.36113727,-0.13255101,-0.032617085,0.02037791,0.22991788,0.0042530284
1779712157910014254,1779712158934705424,0.0,0.0,-0.35071447,-0.12931655,-0.02319743,0.032262553,0.20691083,0.009101756
1779712159947866397,1779712160954543425,0.0,0.0,-0.34539148,-0.054535344,0.038221203,0.108517915,0.29999256,0.0041177864
1779712160954543425,1779712161962969621,0.0,0.0,-0.28520197,-0.08305898,0.04848315,0.10638516,0.2822098,0.010123334
1779712162966395699,1779712163974665012,0.0,0.0,-0.2993645,-0.04405778,0.06706287,0.12609534,0.29993019,0.0064830887
1779712163974665012,1779712165002695281,0.0,0.0,-0.47919837,-0.18809766,-0.08571775,-0.019343188,0.19035156,0.003944692
1779712165002695281,1779712166004327739,0.0,0.0,-0.3178782,-0.14024685,-0.015062124,0.037460323,0.23830828,0.0038490666
1779712167006768705,1779712168016603261,0.0,0.0,-0.26596898,-0.10831471,0.0065291743,0.08101903,0.23731954,0.004921352
1779712168016603261,1779712169030635001,0.0,0.0,-0.15095614,-0.025868082,0.074091084,0.1495592,0.288087,0.0047129253
1779712169030635001,1779712170038572359,0.0,0.0,-0.3046092,-0.12921016,-0.013375045,0.03830054,0.24505134,0.0036037047
1779712170038572359,1779712171044760144,0.0,0.0,-0.46283412,-0.16446579,-0.026587356,0.032740533,0.23552196,0.004894059
1779712171044760144,1779712172055205110,0.0,0.0,-0.4398579,-0.23076668,-0.09344874,-0.030743688,0.13402599,0.005447081
1779712172055205110,1779712173062577542,0.0,0.0,-0.42251265,-0.17095937,-0.052927718,0.0019427262,0.2208499,0.0060813082
1779712173062577542,1779712174070786338,0.0,0.0,-0.26243427,-0.0723519,0.047515027,0.106567584,0.287996,0.0072833025
1779712174070786338,1779712175076590770,0.0,0.0,-0.19664532,-0.025250752,0.06962569,0.14595804,0.29180378,0.0032908097
1779712175076590770,1779712176092508586,0.0,0.0,-0.35708934,-0.15190266,-0.046758257,0.020766664,0.22914004,0.0018417446
1779712176092508586,1779712177100570568,0.0,0.0,-0.32664463,-0.07007354,0.018658336,0.083677754,0.3106511,0.0053658364
1779712177100570568,1779712178124416180,0.0,0.0,-0.37716416,-0.16260949,-0.07537561,-0.023102136,0.19339892,0.0027997957
1779712178124416180,1779712179144363867,0.0,0.0,-0.35445356,-0.119239695,-0.004158619,0.041677587,0.26215866,0.003518239
1779712179144363867,1779712180154792518,0.0,0.0,-0.3573272,-0.13329206,-0.024198044,0.031602588,0.19932954,0.008067117
1779712181363976366,1779712182380762725,0.0,0.0,-0.47971475,-0.23142403,-0.11250267,-0.04629595,0.14693704,0.0039815106
1779712182380762725,1779712183390532454,0.0,0.0,-0.30163527,-0.08052523,0.035351224,0.08054513,0.29424977,0.0059142285
1779712183390532454,1779712184416687781,0.0,0.0,-0.4385074,-0.1817895,-0.074160494,0.014085558,0.23234123,0.0041676587
1779712184416687781,1779712185424622501,0.0,0.0,-0.40980545,-0.18106957,-0.022111153,0.033135846,0.24520867,0.0043629035
1779712185424622501,1779712186438603063,0.0,0.0,-0.46720755,-0.22666919,-0.117310055,-0.036839902,0.1194387,0.0017591524
1779712186438603063,1779712187438654108,0.0,0.0,-0.3478894,-0.14585283,-0.036755107,0.025542837,0.1991062,0.001403427
1779712187438654108,1779712188442605259,0.0,0.0,-0.3669789,-0.10589883,-0.039638054,0.041311204,0.23413783,0.006480711
1779712191846900507,1779712192854721226,0.6592912233929212,0.018313645094241653,-0.40283749,-0.15084693,-0.06780707,0.013362541,0.16520675,0.0048855618
1779712192854721226,1779712193876310000,0.0,0.0,-0.4052628,-0.16807024,-0.0032226674,0.05734714,0.20534396,0.008506316
1779712195913095647,1779712196922422173,0.0,0.0,-0.37834972,-0.14653562,-0.0037336594,0.068185836,0.2093508,0.0069529726
1779712196922422173,1779712197966258732,0.0,0.0,-0.36502832,-0.13997395,0.0034680509,0.05732323,0.23569147,0.006888392
1779712197966258732,1779712198974361910,0.0,0.0,-0.4432764,-0.1664188,-0.052418057,0.027283778,0.17361562,0.0091013005
1779712198974361910,1779712199982452172,0.0,0.0,-0.46084642,-0.21174966,-0.083374865,-0.0067471946,0.13812657,0.0020536415
1779712199982452172,1779712200987882564,0.0,0.0,-0.33697057,-0.12937228,-0.0010908473,0.063932255,0.22890559,0.008591834
1779712201989384212,1779712202999094391,0.0,0.0,-0.41435787,-0.16101101,-0.04797351,0.030940201,0.17112824,0.0062158927
1779712202999094391,1779712204022478198,0.0,0.0,-0.37553442,-0.103340946,-0.012993918,0.07196014,0.2208825,0.00771276
1779712204022478198,1779712205028605686,-0.6592878142741138,0.0173496793231502,-0.3184364,-0.08243199,0.022813782,0.08824738,0.2423058,0.0081620915
1779712205028605686,1779712206034691349,0.0,0.0,-0.26770747,-0.045983404,0.03435987,0.10041758,0.26503423,0.005148113
1779712206034691349,1779712207067408344,0.0,0.0,-0.23967467,0.001041416,0.09444469,0.15201582,0.3930205,0.005427223
1779712207067408344,1779712208082282499,0.0,0.0,-0.4228513,-0.18523367,-0.036798984,0.048951987,0.23227261,0.0070998594
1779712208082282499,1779712209085213366,0.0,0.0,-0.37154117,-0.1821454,-0.049091488,0.03024702,0.21986754,0.002672361
1779712209085213366,1779712210086413641,0.0,0.0,-0.37185445,-0.13164279,-0.038955767,0.0247322,0.22593397,0.00720047
1779712211110500694,1779712212124459065,0.0,0.0,-0.31342384,-0.11070007,0.011525792,0.06909191,0.27026847,0.004663452
1779712212124459065,1779712213131813645,0.0,0.0,-0.43040562,-0.17093845,-0.015786797,0.03195654,0.25719082,0.006960449
1779712214156526423,1779712215172648813,0.5170921582188186,0.013607688374468813,-0.28820217,-0.048254818,0.050243568,0.11854264,0.27618223,0.0069465856
1779712215172648813,1779712216186341337,0.09048837870955703,0.0024456318565486326,-0.38693744,-0.1886462,-0.06977333,-0.0020495201,0.23017466,0.0060035824
1779712216186341337,1779712217194583723,0.0,0.0,-0.30704856,-0.057124313,0.035407163,0.09564609,0.28865874,0.007659081
1779712217194583723,1779712218202467116,1.2926017311719464,0.034015835031048505,-0.29720938,-0.068858914,0.04427125,0.11248846,0.35144812,0.002821948
1779712218202467116,1779712219220633130,0.0,0.0,-0.2063841,0.012245824,0.10702161,0.16345006,0.31509534,0.009580595
1779712219220633130,1779712220222402469,0.0,0.0,-0.25087425,-0.0362178,0.05332746,0.104463056,0.25681847,0.0033141344
1779712220222402469,1779712221228623420,0.0,0.0,-0.41990095,-0.1514669,-0.05309563,0.005819874,0.17105238,0.0069822487
1779712221228623420,1779712222232325211,0.0,0.0,-0.4685245,-0.1889751,-0.07347615,0.011923272,0.26825354,0.006031063
1779712222232325211,1779712223254425070,0.0,0.0,-0.35313135,-0.114551984,-0.008377214,0.06439722,0.23975126,0.004439268
1779712224270607130,1779712225298607858,0.0,0.0,-0.442463,-0.19948415,-0.092736274,-0.02322822,0.13614205,0.003588178
1779712225298607858,1779712226302633887,0.07755079092140015,0.0020959673223446035,-0.5196512,-0.27399063,-0.1590176,-0.093909115,0.15459071,0.0062569515
1779712229694971443,1779712230723159416,0.0,0.0,-0.39863575,-0.15355831,-0.07190611,0.004485766,0.15725207,0.006078273
1779712231751221146,1779712232774645738,0.0,0.0,-0.39788485,-0.16126408,-0.0769446,-0.0021084459,0.16989668,0.006646336
1779712232774645738,1779712233793740893,0.3360217225442903,0.008842676909300675,-0.24164854,-0.0675919,0.102077335,0.16338551,0.40539032,0.0034897632
1779712233793740893,1779712234811370175,0.0,0.0,-0.3611052,-0.15572391,-0.062282756,0.02416408,0.19149812,0.0067972443
1779712234811370175,1779712235819447862,0.0,0.0,-0.45446724,-0.22780466,-0.071151346,0.003300115,0.21330704,0.0067197517
1779712235819447862,1779712236848129213,0.0,0.0,-0.35693175,-0.15901309,-0.013212311,0.054160304,0.21461245,0.00847415
1779712236848129213,1779712237868308529,0.0,0.0,-0.36203662,-0.13964641,-0.04836672,0.010575517,0.23055348,0.003234861
1779712237868308529,1779712238880167190,0.0,0.0,-0.36262563,-0.15830047,-0.068974175,0.013944565,0.19970821,0.0078072166
1779712241919687890,1779712242953334772,0.0,0.0,-0.39788783,-0.1410927,-0.054782264,0.014846132,0.17677717,0.0064301644
1779712242953334772,1779712243960112191,0.0,0.0,-0.41382983,-0.14241372,-0.026192373,0.04989279,0.21670868,0.006348352
1779712243960112191,1779712244965460756,0.0,0.0,-0.41720012,-0.15057425,-0.054317694,0.0059141642,0.1956349,0.0047381823
1779712244965460756,1779712245966956309,0.0,0.0,-0.296069,-0.05077285,0.031525165,0.08094877,0.29191417,0.0062406627
1779712245966956309,1779712246980710105,0.0,0.0,-0.38509172,-0.14641504,-0.06436596,0.01614623,0.19218203,0.0069295033
1779712246980710105,1779712247982536003,0.0,0.0,-0.4776604,-0.22141354,-0.111541316,-0.049955636,0.15908818,0.005918549
1779712247982536003,1779712249006400380,0.0,0.0,-0.33832967,-0.0969407,0.016548958,0.07163835,0.26075798,0.0077759805
1779712249006400380,1779712250028354058,0.0,0.0,-0.3641338,-0.12794936,0.039769597,0.10485904,0.28171143,0.0045310394
1779712250028354058,1779712251040538786,0.0,0.0,-0.30529717,-0.093769595,0.00048106269,0.074011266,0.24107245,0.004427945
1779712251040538786,1779712252048513439,0.0,0.0,-0.3558696,-0.13443308,-0.023554528,0.053222857,0.1959975,0.004360709
1779712252048513439,1779712253070445709,0.0,0.0,-0.42996106,-0.19726603,-0.06400478,-0.008125858,0.18585797,0.0053706234
1779712253070445709,1779712254080360255,0.0,0.0,-0.3013665,-0.08800191,0.0016338215,0.0754332,0.319707,0.0047664256
1779712254080360255,1779712255096650015,0.0,0.0,-0.3042961,-0.08252308,0.051984325,0.11315066,0.2672947,0.005369801
1779712255096650015,1779712256119757142,0.0,0.0,-0.32509884,-0.099989936,-0.0250527,0.03072666,0.21902908,0.0042657107
1779712259372786319,1779712260386474867,0.0,0.0,-0.2242516,-0.016194774,0.09607364,0.14252587,0.3463425,0.006602638
1779712260386474867,1779712261410601268,0.0,0.0,-0.40385744,-0.16366173,-0.058816433,-0.0061458545,0.18681225,0.008906454
1779712261410601268,1779712262411121713,0.0,0.0,-0.3595247,-0.10308936,-0.009853713,0.05734637,0.27493337,0.0020593868
1779712262411121713,1779712263414516126,0.0,0.0,-0.35921744,-0.1345074,-0.043734316,0.022052368,0.22960751,0.0065228147
1779712263414516126,1779712264613730287,0.0,0.0,-0.33272225,-0.09174018,0.0056107882,0.08360485,0.2508341,0.005334082
1779712264613730287,1779712265624302416,0.0,0.0,-0.35312343,-0.09336957,0.021919448,0.08280394,0.26369733,0.008279487
1779712265624302416,1779712266640557872,0.0,0.0,-0.34776053,-0.1378446,-0.051260326,0.00969175,0.21256523,0.0030118385
1779712267659826179,1779712268666243107,0.0,0.0,-0.19651595,0.04233214,0.13449213,0.18156542,0.39674854,0.008335808
1779712269688482492,1779712270692237878,0.0,0.0,-0.23961787,-0.03844706,0.06649452,0.12752467,0.25686026,0.0047815545
1779712270692237878,1779712271706395871,0.0,0.0,-0.4194867,-0.18884325,-0.06355586,0.021838687,0.16365331,0.0016989727
1779712271706395871,1779712272730354151,0.5040114140264563,0.013263458263853965,-0.35635716,-0.06821388,0.006936125,0.07966873,0.26488453,0.0060170093
1779712272730354151,1779712273738488195,0.0,0.0,-0.5045487,-0.22585566,-0.096558206,-0.032743428,0.1966701,0.0067719165
1779712273738488195,1779712274757264774,0.10338381694507186,0.002720626761537322,-0.37287226,-0.15307096,-0.070334226,0.0059914486,0.17545512,0.0067685405
1779712275770050206,1779712276784615183,0.0,0.0,-0.37968254,-0.14898679,-0.031709407,0.04065901,0.21445444,0.002532622
1779712276784615183,1779712277790111379,0.0,0.0,-0.5290927,-0.28614542,-0.11137559,-0.031293802,0.18870482,0.003628118
1779712277790111379,1779712278790375671,0.0,0.0,-0.36286947,-0.15817092,-0.06533007,0.028310195,0.20229262,0.0061622867
1779712278790375671,1779712279794821300,0.0,0.0,-0.3086413,-0.07220701,0.018531363,0.080384,0.24336351,0.008963142
1779712279794821300,1779712280798417058,0.0,0.0,-0.30831367,-0.09704057,-0.02606421,0.046380162,0.20856793,0.0038047214
1779712280798417058,1779712281816437402,0.0,0.0,-0.41120785,-0.19487467,-0.09522031,-0.027731227,0.17866367,0.0059203245
1779712281816437402,1779712282817181270,0.0,0.0,-0.34686026,-0.09330115,-0.011886461,0.051185865,0.25933325,0.0065581547
1779712283834299371,1779712284834474661,0.0,0.0,-0.30055216,-0.07696534,0.0015510317,0.09049815,0.24417101,0.0059727356
1779712284834474661,1779712285858509229,1.033766029947612,0.02720436920926255,-0.2522475,0.0057201716,0.101032026,0.14908585,0.3706751,0.007415753
1779712285858509229,1779712286877063059,0.0,0.0,-0.31415662,-0.101362415,-0.010607873,0.05845504,0.2298131,0.006029668
1779712286877063059,1779712287882994848,0.0,0.0,-0.5566246,-0.31790173,-0.18240874,-0.11053622,0.078475825,0.0040637576
1779712287882994848,1779712288886627894,0.0,0.0,-0.40578032,-0.17481251,-0.049209103,0.010439633,0.1957954,0.0055696885
1779712288886627894,1779712289892484046,0.0,0.0,-0.42033336,-0.18975306,-0.07304156,-0.0059841936,0.15387991,0.0045204605
1779712289892484046,1779712290900575473,0.0,0.0,-0.19850019,-0.00774837,0.11384413,0.16835803,0.2938154,0.004142583
1779712290900575473,1779712291906450873,0.0,0.0,-0.37289858,-0.1285201,-0.059029367,0.018495299,0.21440338,0.007932562
1779712294086888615,1779712295094596065,0.0,0.0,-0.43535632,-0.22529979,-0.09297776,-0.028621992,0.122434534,0.00490809
1779712295094596065,1779712296108463337,0.0,0.0,-0.35070333,-0.09265838,0.002802863,0.06686463,0.2292416,0.009069102
1779712296108463337,1779712297116390319,0.0,0.0,-0.49737486,-0.21656337,-0.1036659,-0.024591349,0.18209423,0.0030011544
1779712297116390319,1779712298120600192,0.0,0.0,-0.5070755,-0.20827289,-0.0801124,-0.021627152,0.12401162,0.0061883368
1779712298120600192,1779712299126640060,-0.6592332731629373,0.017348244030563665,-0.34879923,-0.15712772,-0.029168792,0.050215133,0.22187762,0.0017389883
1779712299126640060,1779712300152526140,0.0,0.0,-0.47905445,-0.15249617,-0.04197567,0.021725034,0.18859066,0.0030807413
1779712302171555378,1779712303189794225,0.0,0.0,-0.35004124,-0.113614626,-0.015170246,0.039842356,0.20344962,0.008758889
1779712303189794225,1779712304196516006,0.0,0.0,-0.30016267,-0.046807617,0.0518441,0.114656165,0.28113803,0.008725718
1779712304196516006,1779712305200626150,0.0,0.0,-0.22278045,-0.022629261,0.095425226,0.16685629,0.3070383,0.0065370244
1779712305200626150,1779712306220897674,0.0,0.0,-0.2795636,-0.07028521,0.053367466,0.10784531,0.25813928,0.00819069
1779712306220897674,1779712307248744007,0.0,0.0,-0.3424353,-0.08775745,0.028918346,0.094527766,0.22936052,0.011509887
1779712307248744007,1779712308277125895,0.9307177585725034,0.02585327107161738,-0.44171676,-0.21811849,-0.097528726,-0.036233336,0.13987376,0.0075850985
1779712308277125895,1779712309292532125,0.0,0.0,-0.4158073,-0.18793005,-0.094643936,-0.030197028,0.13204911,0.006081643
1779712309292532125,1779712310304484871,0.0,0.0,-0.33398277,-0.106471755,0.055752836,0.10493894,0.25125602,0.004795948
1779712316694598268,1779712317698535951,0.0,0.0,-0.29047266,-0.036481425,0.039243348,0.14031853,0.3010272,0.009330017
1779712317698535951,1779712318738046296,0.0,0.0,-0.39587146,-0.19372307,-0.05318866,0.031382725,0.20457658,0.0019084446
1779712319755116366,1779712320760718613,0.0,0.0,-0.5028552,-0.2603206,-0.108447835,-0.038699813,0.17303616,0.003189582
1779712320760718613,1779712321774384053,0.0,0.0,-0.32969564,-0.09487565,-0.0017100562,0.10175945,0.25187013,0.006553666
1779712321774384053,1779712322793024092,0.0,0.0,-0.35260186,-0.14445606,-0.041071817,0.025479572,0.19953762,0.0042878585
1779712322793024092,1779712323824681694,0.0,0.0,-0.40344062,-0.1542438,-0.050872225,0.04888905,0.19733377,0.0066032405
1779712323824681694,1779712324825739997,0.0,0.0,-0.4348858,-0.1733024,-0.033052333,0.05018411,0.21977603,0.0062303585
1779712324825739997,1779712325839876788,0.0,0.0,-0.41131857,-0.1929277,-0.07870943,0.013984082,0.16587289,0.00383552
1779712325839876788,1779712326860356800,0.0,0.0,-0.32387933,-0.069292106,0.04334365,0.106409796,0.2992139,0.008743225
1779712326860356800,1779712327867999808,0.0,0.0,-0.41964522,-0.1708446,-0.0654834,0.020890418,0.17471933,0.0053707287
1779712327867999808,1779712328880452908,0.0,0.0,-0.3889647,-0.18806508,-0.04522775,0.03650641,0.22797099,0.0030948634
1779712328880452908,1779712329959192850,0.0,0.0,-0.34644336,-0.13104542,-0.026080843,0.043639794,0.2410489,0.0022768788
1779712329959192850,1779712330962309742,0.0,0.0,-0.4417026,-0.18450548,-0.06455767,-0.003104023,0.19441754,0.00718168
1779712330962309742,1779712331968875438,-0.9823455705719238,0.030698299079978675,-0.39244282,-0.14988972,-0.042715784,0.023410503,0.20807628,0.006481509
1779712331968875438,1779712332976446310,-0.47828211414932353,0.011122839864243114,-0.36464188,-0.13290723,0.00023987817,0.06577463,0.21428727,0.008389709
1779712332976446310,1779712333992205598,0.0,0.0,-0.42816412,-0.16784213,-0.059087943,0.0040140343,0.18532068,0.0047795447
1779712333992205598,1779712335014654141,0.0,0.0,-0.28797776,-0.03263472,0.06398733,0.12907723,0.3912452,0.0074957316
1779712335014654141,1779712336020288794,0.0,0.0,-0.34632388,-0.113630794,0.0060758246,0.07327997,0.24004874,0.008471998
1779712338058383519,1779712339063042088,0.0,0.0,-0.4884836,-0.26879922,-0.12050809,-0.04761242,0.12362093,0.0027184277
1779712339063042088,1779712340074344426,0.0,0.0,-0.39448908,-0.18377046,-0.08165513,-0.015747722,0.18501215,0.007499511
1779712340074344426,1779712341076335016,0.0,0.0,-0.3673517,-0.14254011,-0.011629647,0.04583644,0.20821951,0.0076723313
1779712341076335016,1779712342080317599,0.0,0.0,-0.5119224,-0.26137793,-0.10593041,-0.0483604,0.1518618,0.0044035553
1779712343097015340,1779712344124803190,0.0,0.0,-0.32514814,-0.1523948,-0.040443487,0.019920245,0.20049883,0.0032720522
1779712344124803190,1779712345134290130,0.0,0.0,-0.29086038,-0.106233075,0.016185723,0.076361924,0.31136823,0.0033469424
1779712347163917159,1779712348170437284,0.0,0.0,-0.35072035,-0.11552712,-0.025708416,0.034650486,0.27799302,0.005270136
1779712348170437284,1779712349182598471,0.0,0.0,-0.34862435,-0.14541377,-0.006461664,0.061482664,0.21940437,0.008262239
1779712349182598471,1779712350198313098,0.0,0.0,-0.20722418,0.007959626,0.1233494,0.19190663,0.33911973,0.0070568887
1779712352386570015,1779712353396345275,0.0,0.0,-0.30950928,-0.11093675,-0.027016047,0.044444527,0.19809915,0.0058266995
1779712353396345275,1779712354404452648,0.0,0.0,-0.47422025,-0.23149432,-0.08269804,-0.01283361,0.20295577,0.004413888
1779712355416773953,1779712356422486046,0.0,0.0,-0.25016347,-0.087228045,0.020692017,0.08364325,0.25893793,0.0036644149
1779712356422486046,1779712357434391555,0.0,0.0,-0.4294714,-0.21105392,-0.05593647,0.009883643,0.22331469,0.001976156
1779712358442307211,1779712359448717367,0.0,0.0,-0.4613322,-0.23252377,-0.078977466,-0.0055217,0.15271951,0.0059749912
1779712359448717367,1779712360458528274,0.0,0.0,-0.40877652,-0.18280657,-0.08737416,-0.01477391,0.19788033,0.0056524375
1779712360458528274,1779712361467233557,0.0,0.0,-0.3414138,-0.08678632,-0.0033255655,0.06172833,0.33834222,0.003192938
1779712361467233557,1779712362472778852,0.0,0.0,-0.33323032,-0.08665553,0.0023669861,0.07631998,0.21530487,0.006363365
1779712364482351274,1779712365492347107,0.0,0.0,-0.41239667,-0.18520798,-0.05105418,0.014354993,0.19515991,0.004118381
1779712365492347107,1779712366494297355,0.0,0.0,-0.47888196,-0.21381304,-0.10239095,-0.040327057,0.17266884,0.00640218
1779712366494297355,1779712367506650882,0.0,0.0,-0.37994283,-0.11701914,-0.02174267,0.04083322,0.24820772,0.00835298
1779712367506650882,1779712368522082459,0.0,0.0,-0.2828201,-0.07294342,0.025064247,0.08468189,0.25903562,0.0064301034
1779712368522082459,1779712369534783677,0.0,0.0,-0.21906169,-0.0106175775,0.07666901,0.14698333,0.31500185,0.009145796
1779712369534783677,1779712370539000526,0.0,0.0,-0.3131818,-0.10013151,-0.0012378581,0.06718336,0.22879693,0.0066669374
1779712370539000526,1779712371552483927,0.0,0.0,-0.4271021,-0.20306371,-0.10711942,-0.043545596,0.11507522,0.005721725
1779712371552483927,1779712372562225758,0.0,0.0,-0.19439405,-0.024058452,0.06113745,0.12770092,0.30457905,0.0072241146
1779712372562225758,1779712373570394831,0.0,0.0,-0.3823261,-0.11228344,-0.014329892,0.04739958,0.2526102,0.0051555247
1779712374586357781,1779712375598469939,0.0,0.0,-0.41182756,-0.1776245,-0.06348245,-0.0056067994,0.22344519,0.00051094365
1779712377640278292,1779712378650463759,0.0,0.0,-0.2865104,-0.0997697,-0.0061912034,0.05872095,0.225649,0.0051622232
1779712378650463759,1779712379672996904,0.0,0.0,-0.3898042,-0.1184145,-0.021388603,0.041177396,0.2586053,0.0067525455
1779712379672996904,1779712380688868286,0.0,0.0,-0.38398543,-0.14529233,-0.062110994,0.021661956,0.1692888,0.0018414148
1779712380688868286,1779712381698668790,0.0,0.0,-0.34955668,-0.123720445,-0.030437164,0.028626192,0.20350225,0.0050988826
1779712382723031494,1779712383744372322,0.0,0.0,-0.30981615,-0.049637098,0.06379453,0.13088791,0.2736633,0.011610876
1779712383744372322,1779712384746270423,0.0,0.0,-0.3826714,-0.16839248,-0.03613662,0.025057342,0.22296119,0.004998473
1779712384746270423,1779712385766648847,0.0,0.0,-0.2746014,-0.100160435,-0.0076907277,0.051031157,0.21286419,0.0041275606
1779712387833101291,1779712388855904551,0.0,0.0,-0.399052,-0.1434093,-0.03254911,0.03221692,0.21912356,0.0071498165
1779712388855904551,1779712389866004019,0.0,0.0,-0.45084068,-0.22181022,-0.055757362,0.0051530297,0.21773902,0.006231574
1779712389866004019,1779712390868624774,0.0,0.0,-0.29217088,-0.06938822,0.04177671,0.11967643,0.25782725,0.006178775
1779712390868624774,1779712391882763130,0.0,0.0,-0.3483292,-0.13323948,-0.04095616,0.014326393,0.2392364,0.005188227
1779712391882763130,1779712392886244604,0.0,0.0,-0.34542137,-0.12922439,-0.044392202,0.02520216,0.2846091,0.0031664304
1779712392886244604,1779712393887778686,0.0,0.0,-0.36255267,-0.17080645,-0.028335227,0.028819438,0.23291194,0.0061542494
1779712393887778686,1779712394892270174,0.0,0.0,-0.30474064,-0.0416722,0.042448193,0.106413245,0.3122095,0.0057407306
1779712397036337638,1779712398055214365,0.0,0.0,-0.33317995,-0.12742703,-0.03955281,0.020514237,0.21996218,0.0037624214
1779712398055214365,1779712399058387290,0.0,0.0,-0.3803262,-0.18213373,-0.006725453,0.056923322,0.22256489,0.0050455383
1779712399058387290,1779712400068100851,0.0,0.0,-0.18091056,-0.02194883,0.064669445,0.13232759,0.31011218,0.0073696915
1779712400068100851,1779712401074306610,0.0,0.0,-0.22366646,-0.060711652,0.02571152,0.092954524,0.2532815,0.007329662
1779712401074306610,1779712402098237258,0.0,0.0,-0.39667827,-0.13338403,-0.04295893,0.029739667,0.2533007,0.0061540655
1779712402098237258,1779712403104536196,0.0,0.0,-0.4268058,-0.16976352,-0.058383003,0.002838881,0.18762834,0.005278674
1779712403104536196,1779712404104941282,0.0,0.0,-0.3754765,-0.15051763,-0.062165536,-0.0025270837,0.21521102,0.0041020922
1779712404104941282,1779712405111126900,0.0,0.0,-0.5030959,-0.25848567,-0.12078588,-0.04860865,0.12875395,0.003000988
1779712405111126900,1779712406134659679,0.0,0.0,-0.4124802,-0.19960019,-0.06931665,0.0019694597,0.20198022,0.006336813
1779712406134659679,1779712407150609576,0.0,0.0,-0.31927684,-0.049626928,0.06346663,0.12638596,0.30573747,0.0062308908
1779712407150609576,1779712408160348435,0.0,0.0,-0.42275116,-0.16640294,-0.058878694,0.009888355,0.19032007,0.0029048203
1779712409170313616,1779712410176684205,0.0,0.0,-0.5353361,-0.24005724,-0.10017543,-0.038756922,0.15390511,0.0049625426
1779712410176684205,1779712411186692371,0.0,0.0,-0.4436309,-0.1896795,-0.09230366,-0.013132344,0.1232419,0.0042530694
1779712411186692371,1779712412198360424,0.0,0.0,-0.36322466,-0.13828583,-0.013501271,0.06634377,0.28893164,0.0029813135
1779712412198360424,1779712413202255186,0.0,0.0,-0.38356778,-0.18081768,-0.059766147,-0.004606976,0.2328584,0.0038771122
1779712413202255186,1779712414217201782,0.0,0.0,-0.47916067,-0.20372087,-0.07366408,-0.006243224,0.18510239,0.00998404
1779712414217201782,1779712415222442824,0.0,0.0,-0.51539314,-0.2572047,-0.1423904,-0.064961284,0.14351329,0.0037789897
1779712417346501412,1779712418374644523,0.0,0.0,-0.27120116,-0.009033047,0.08866595,0.13838966,0.35170323,0.007236048
1779712419375468325,1779712420378674977,0.0,0.0,-0.47990024,-0.21239218,-0.07420295,0.0070757875,0.2121283,0.0048025046
1779712420378674977,1779712421399469072,-1.3190232264197603,0.03879480077680973,-0.44434622,-0.21670091,-0.06711942,-0.016173942,0.22054398,0.0070390017
1779712421399469072,1779712422410949396,-0.4267800609010542,0.010161430021648515,-0.3970106,-0.17294466,-0.009298912,0.049096152,0.19264519,0.008598556
1779712422410949396,1779712423434440507,0.0,0.0,-0.38789794,-0.16305596,-0.034652397,0.022657627,0.22693747,0.0054246765
1779712425459161607,1779712426480558309,0.6983578893025117,0.017906612546479933,-0.50063866,-0.24067566,-0.10111796,-0.019826164,0.16696891,0.0065826476
1779712426480558309,1779712427484291492,0.0,0.0,-0.4365197,-0.17727686,-0.0018974239,0.06704957,0.30648395,0.0069986153
1779712427484291492,1779712428490582669,0.0,0.0,-0.39539632,-0.15944096,-0.031105267,0.018716374,0.22860484,0.0072579724
1779712428490582669,1779712429508503346,0.0,0.0,-0.44796494,-0.21266294,-0.09091604,-0.0031135874,0.14622766,0.0027101936
1779712430527229714,1779712431536430262,0.0,0.0,-0.48988825,-0.24570751,-0.096743986,-0.02502599,0.16473638,0.0070893797
1779712431536430262,1779712432553971271,0.0,0.0,-0.44468194,-0.19238828,-0.07904619,-0.00390808,0.26014033,0.0082850335
1779712432553971271,1779712433565714909,0.0,0.0,-0.38151678,-0.12271677,-0.009050169,0.09565605,0.22568737,0.0041828933
1779712433565714909,1779712434587622223,1.0215838696918595,0.026883786044569556,-0.31475583,-0.037238616,0.048873186,0.11390767,0.31769392,0.0053499257
1779712437723225966,1779712438730485775,0.0,0.0,-0.33511028,-0.13877375,-0.03880283,0.03693641,0.19233899,0.0036683285
1779712439730768694,1779712440762420961,0.0,0.0,-0.34982765,-0.10282168,-0.026169628,0.071321145,0.22747102,0.008443196
1779712440762420961,1779712441774035670,0.0,0.0,-0.39977357,-0.15266271,-0.038822517,0.025603535,0.20241234,0.0060168654
1779712441774035670,1779712442775205797,0.9696662545651251,0.032322208485406165,-0.3093087,-0.030735314,0.05568691,0.12111283,0.3019705,0.0064796708
1779712443802473589,1779712444806720869,0.0,0.0,-0.34643805,-0.09946002,0.010547921,0.083728515,0.23775133,0.008470424
1779712444806720869,1779712445822050805,0.0,0.0,-0.45848688,-0.20706844,-0.080074936,-0.014258229,0.19420926,0.00668834
1779712445822050805,1779712446838392915,0.0,0.0,-0.3595682,-0.15356004,-0.052851018,0.023597825,0.18358324,0.004083231
1779712446838392915,1779712447869939056,0.0,0.0,-0.39681745,-0.19473334,-0.061944902,0.03091776,0.21701632,0.0015572831
1779712447869939056,1779712448886077213,0.0,0.0,-0.41466165,-0.15335147,-0.056914132,0.020875162,0.18695833,0.0067863506
1779712450921304224,1779712451926246872,0.0,0.0,-0.28808963,-0.06540584,0.0077659357,0.073018886,0.21592413,0.005413058
1779712451926246872,1779712452932081075,0.0,0.0,-0.19236791,0.030642178,0.11806393,0.17582229,0.42640963,0.0075446665
1779712452932081075,1779712453956459500,0.0,0.0,-0.30045897,-0.068536736,0.021317104,0.078511424,0.32331824,0.0048138755
1779712453956459500,1779712454969730208,0.0,0.0,-0.31989083,-0.05017587,0.041560344,0.13247858,0.32594216,0.0011635846
1779712454969730208,1779712455993198310,0.0,0.0,-0.33029544,-0.091069885,-0.0004106132,0.059030768,0.29194695,0.0041481266
1779712455993198310,1779712457012310364,0.0,0.0,-0.20093706,-0.013566937,0.08285396,0.1683435,0.29610512,0.006362355
1779712457012310364,1779712458018499535,0.0,0.0,-0.3532041,-0.10562085,-0.0025551468,0.048120942,0.20545937,0.009736274
1779712458018499535,1779712459044293923,0.0,0.0,-0.2558316,-0.013879598,0.07023599,0.12634511,0.36235934,0.0068026124
1779712459044293923,1779712460052581372,0.0,0.0,-0.29296792,-0.08294048,0.016943894,0.09505371,0.27121362,0.0057778624
1779712460052581372,1779712461062685295,0.0,0.0,-0.47476408,-0.16810738,-0.03586882,0.039952602,0.23686987,0.004506926
1779712461062685295,1779712462090345668,0.0,0.0,-0.41026828,-0.13942508,-0.06518257,-5.5286517e-05,0.24089684,0.0031702945
1779712463094392584,1779712464119822390,0.0,0.0,-0.27378592,-0.011597129,0.097102575,0.15597782,0.386941,0.004893042
1779712464119822390,1779712465140715932,0.0,0.0,-0.28795525,-0.04746408,0.046839878,0.10337573,0.3041007,0.0075012962
1779712465140715932,1779712466144560473,0.0,0.0,-0.37943432,-0.10050963,-0.016087629,0.044715572,0.27162674,0.004563714
1779712468386502348,1779712469400289088,0.0,0.0,-0.41366178,-0.20864712,-0.08495536,-0.030398019,0.20029129,0.0036058943
1779712469400289088,1779712470402734644,0.0,0.0,-0.3224895,-0.123462625,-0.010834664,0.061858963,0.2263102,0.005962259
1779712472644466135,1779712473672455541,0.0,0.0,-0.30812535,-0.06527091,0.035619844,0.09568643,0.2732105,0.0039685387
1779712473672455541,1779712474698508066,0.0,0.0,-0.385254,-0.14595075,-0.028045146,0.043444097,0.20615143,0.007540962
1779712474698508066,1779712475720311993,0.0,0.0,-0.37218472,-0.12753186,-0.042606123,0.034636654,0.17770608,0.0032618681
1779712475720311993,1779712476750044855,-0.4654280678519513,0.012928557440419455,-0.35029325,-0.12654202,-0.052160077,0.017242162,0.20448563,0.0068750787
1779712476750044855,1779712477759098999,-1.3964141916477404,0.034910354790973486,-0.41045114,-0.16374177,-0.012102102,0.050837234,0.18433481,0.0075277863
1779712478769121429,1779712479788426556,0.0,0.0,-0.38578457,-0.14857061,-0.0041621183,0.05980221,0.20097654,0.007105619
1779712479788426556,1779712480796173637,0.0,0.0,-0.22851963,-0.045827694,0.04570282,0.1266894,0.26944244,0.007636998
1779712481798422626,1779712482801865113,0.0,0.0,-0.4149282,-0.20845267,-0.06759488,-0.009796444,0.19826412,0.0040366994
1779712482801865113,1779712483802558966,0.0,0.0,-0.28961486,-0.05653382,0.038919117,0.0952282,0.26291955,0.007815193
1779712483802558966,1779712484816542641,0.0,0.0,-0.35705447,-0.09803767,-0.009586472,0.05395052,0.2866594,0.0029216288
1779712484816542641,1779712485817068871,0.0,0.0,-0.41163203,-0.14794964,-0.013129871,0.04163065,0.25737286,0.00634344
1779712485817068871,1779712486828298464,0.0,0.0,-0.4877224,-0.25200993,-0.11883734,-0.04423831,0.14818032,0.005091482
1779712486828298464,1779712487838286647,0.0,0.0,-0.33303103,-0.08376323,-0.0077600805,0.07201034,0.3314905,0.008483572
1779712487838286647,1779712488850476392,0.0,0.0,-0.26589197,-0.048460472,0.05499002,0.12220373,0.28111583,0.0051220693
1779712488850476392,1779712489866300208,0.0,0.0,-0.2957849,-0.099555105,0.037050575,0.0849781,0.2991491,0.0061811865
1779712489866300208,1779712490878428269,0.0,0.0,-0.35361174,-0.116944976,-0.014320117,0.057862192,0.22899804,0.0052802106
1779712491888265520,1779712492910645212,0.0,0.0,-0.37370104,-0.14974613,-0.054641623,0.019889873,0.23482402,0.0071646036
1779712492910645212,1779712493912748799,0.025862029948577264,0.0006989737826372859,-0.61657953,-0.35369933,-0.2040484,-0.12406178,0.090961434,0.0031745038
1779712493912748799,1779712494924320003,0.0,0.0,-0.49716774,-0.23932436,-0.14246106,-0.06827213,0.10969372,0.0034573954
1779712495944629527,1779712496973173178,0.0,0.0,-0.32022604,-0.10908086,-0.032835152,0.021314561,0.20584562,0.0065238276
1779712496973173178,1779712497990589624,0.0,0.0,-0.21354027,-0.010157556,0.08342288,0.16154632,0.2952687,0.007838223
1779712497990589624,1779712499000702680,0.0,0.0,-0.19374871,-0.043548524,0.056941345,0.11812591,0.28657174,0.0066748615
1779712500016311440,1779712501032291346,0.0,0.0,-0.40539548,-0.17308491,-0.04950546,0.006691395,0.22012016,0.0043607065
1779712501032291346,1779712502041807368,0.0,0.0,-0.3440024,-0.117217354,0.0063027563,0.07421167,0.2455883,0.005674676
1779712502041807368,1779712503048416413,0.0,0.0,-0.33573657,-0.12301695,-0.036202498,0.020285672,0.22840996,0.003598428
1779712503048416413,1779712504050453334,0.0,0.0,-0.4543579,-0.21783423,-0.09422698,-0.027780844,0.19622695,0.0028557868
1779712504050453334,1779712505058690712,0.0,0.0,-0.4171914,-0.18908197,-0.06809225,-0.008064693,0.18155313,0.004198016
1779712505058690712,1779712506064631013,0.0,0.0,-0.28861606,-0.092139155,-0.00054267095,0.06502838,0.21182059,0.0038572482
1779712506064631013,1779712507086357202,0.0,0.0,-0.3684128,-0.13718423,-0.016870249,0.043225143,0.3054053,0.0037272675
1779712509108303186,1779712510132613131,0.0,0.0,-0.4053998,-0.169791,-0.042176288,0.027788635,0.23637702,0.006467139
1779712511140381746,1779712512150296068,0.0,0.0,-0.44650897,-0.2247332,-0.09869446,-0.032604113,0.17597726,0.0053752568
1779712512150296068,1779712513158127579,0.0,0.0,-0.35594228,-0.08630953,0.039848235,0.096397474,0.31153387,0.007321935
1779712513158127579,1779712514180030237,0.0,0.0,-0.40326065,-0.1494334,-0.03657513,0.040529683,0.19449662,0.004881747
1779712514180030237,1779712515186376513,0.0,0.0,-0.39233714,-0.1518136,-0.0072770584,0.04437361,0.2404677,0.0055728746
1779712517216875509,1779712518243683898,0.0,0.0,-0.40019235,-0.12160302,-0.02693412,0.03539093,0.24944305,0.007011916
1779712518243683898,1779712519273610621,0.0,0.0,-0.3694481,-0.1542654,-0.04472432,0.01878939,0.1877577,0.004309285
1779712519273610621,1779712520284253430,0.0,0.0,-0.33468825,-0.067052394,0.024843078,0.08991955,0.2806983,0.004621343
1779712520284253430,1779712521286271578,0.0,0.0,-0.39121988,-0.12184502,0.0022952536,0.06797018,0.2756709,0.0042660167
1779712521286271578,1779712522294293697,0.0,0.0,-0.27375662,-0.05199564,0.055126537,0.122662626,0.27098113,0.004162193
1779712522294293697,1779712523294747150,0.0,0.0,-0.43356034,-0.18231547,-0.047726586,0.027502079,0.17668483,0.0061831027
1779712523294747150,1779712524298542555,0.0,0.0,-0.47224608,-0.2099354,-0.0577906,0.01265604,0.1980244,0.004211593
1779712524298542555,1779712525308659334,0.0,0.0,-0.28766966,-0.07551263,0.046936713,0.10587657,0.3482367,0.0026822954
1779712525308659334,1779712526330476260,0.41378338316357177,0.010889036399114024,-0.29710296,-0.14134371,-0.05082529,0.001758671,0.17875755,0.0040991805
1779712528390264075,1779712529392238151,0.0,0.0,-0.3720735,-0.14244862,-0.048734248,0.006689692,0.19630642,0.0073616565
1779712529392238151,1779712530393425798,-0.5430281968723568,0.014676437753030775,-0.35558656,-0.13603054,0.009151295,0.07226855,0.31126544,0.010239753
1779712530393425798,1779712531418912866,0.46545454553855836,0.012248803829930772,-0.40572068,-0.1533208,-0.05003411,0.017206376,0.18849301,0.0043797283
1779712531418912866,1779712532422606086,0.0,0.0,-0.45837384,-0.23797116,-0.06990805,-0.01184797,0.17326374,0.0055465377
1779712532422606086,1779712533430646413,0.0,0.0,-0.41980648,-0.20764762,-0.089131705,-0.012614983,0.1478362,0.0033539326
1779712533430646413,1779712534436514244,0.0,0.0,-0.32390696,-0.10567691,-0.019158155,0.05356734,0.20629443,0.006001453
1779712534436514244,1779712535448934031,0.0,0.0,-0.30226752,-0.10883591,-0.004171496,0.0434608,0.20972863,0.0012788177
1779712535448934031,1779712536458491310,0.0,0.0,-0.28398556,-0.098827936,0.004252326,0.07935192,0.20908199,0.0014477408
1779712536458491310,1779712537486351865,0.0,0.0,-0.34050804,-0.09290062,0.024154492,0.08630227,0.23971955,0.0049021305
1779712537486351865,1779712538512953019,0.4007907213588456,0.010547124246254737,-0.25361064,-0.0019713491,0.11868025,0.16775389,0.35890442,0.0066414503
1779712538512953019,1779712539522504544,0.0,0.0,-0.42573085,-0.1887202,-0.09684931,-0.036163095,0.16311309,0.00818069
1779712539522504544,1779712540534357783,0.0,0.0,-0.350992,-0.07070868,0.015773173,0.096921995,0.29790086,0.00399571
1779712540534357783,1779712541550406690,0.0,0.0,-0.32495376,-0.116737455,-0.021899013,0.044566344,0.30546924,0.0050726356
1779712541550406690,1779712542554943182,0.0,0.0,-0.4305636,-0.18368164,-0.05325034,0.025942206,0.17925927,0.004239171
1779712544636764869,1779712545640756108,0.16806874787933743,0.004542398591321382,-0.26686046,-0.027519995,0.08128923,0.14017269,0.37302536,0.009468219
1779712545640756108,1779712546666712897,0.0,0.0,-0.38923028,-0.13830265,-0.0038007263,0.054781098,0.24535242,0.006052465
1779712546666712897,1779712547682325678,0.0,0.0,-0.43272692,-0.16435744,-0.044983536,0.014936177,0.19504079,0.005662803
1779712547682325678,1779712548694287143,0.0,0.0,-0.22656302,-0.0009315195,0.090343185,0.14858834,0.28633446,0.0046168207
1779712548694287143,1779712549706928970,0.0,0.0,-0.3482383,-0.13708033,-0.009721936,0.049267285,0.29864806,0.009207757
1779712549706928970,1779712550708494456,0.0,0.0,-0.34167564,-0.1364752,-0.047235027,0.03397256,0.20504442,0.008552239
1779712550708494456,1779712551722815010,0.0,0.0,-0.37148768,-0.12878574,-0.00987914,0.036569767,0.23952219,0.0016566062
1779712552726497210,1779712553750463869,0.0,0.0,-0.41160014,-0.17227477,-0.04150837,0.0415993,0.18980207,0.0030115878
1779712553750463869,1779712554758526446,0.0,0.0,-0.2551749,-0.04001701,0.056679387,0.13074706,0.2809506,0.00435073
1779712554758526446,1779712555774691872,0.0,0.0,-0.48631242,-0.2298831,-0.07335433,-0.0046544713,0.20346291,0.0047308197
1779712555774691872,1779712556786553632,0.0,0.0,-0.38345376,-0.17126277,-0.0364012,0.023381975,0.23370793,0.004796488
1779712556786553632,1779712557804386568,0.0,0.0,-0.49960503,-0.2644371,-0.101471424,-0.03927008,0.17228925,0.006101446
1779712557804386568,1779712558820557309,0.0,0.0,-0.35164878,-0.14676811,-0.011879182,0.06675047,0.24652803,0.0027120996
1779712558820557309,1779712559838454053,0.0,0.0,-0.29180327,-0.05251687,0.03053766,0.09293495,0.30984098,0.004589012
1779712580400389126,1779712581404571977,0.0,0.0,-0.39079043,-0.16733691,-0.025262415,0.033792846,0.22222538,0.008652709
1779712581404571977,1779712582412423778,0.0,0.0,-0.38970876,-0.13895787,-0.0138824675,0.039354343,0.23922643,0.0058032726
1779712582412423778,1779712583438607538,0.0,0.0,-0.3244988,-0.10256435,-0.003764802,0.064907186,0.25149697,0.0069852285
1779712583438607538,1779712584466443667,0.0,0.0,-0.397127,-0.1386025,-0.026606718,0.046742395,0.24422999,0.0028130203
1779712584466443667,1779712585482477460,0.0,0.0,-0.46937445,-0.2588089,-0.07072531,-0.00761167,0.22566901,0.0021268083
1779712585482477460,1779712586486321857,0.0,0.0,-0.27471808,-0.06370849,0.01937958,0.09791713,0.24252109,0.004905586
1779712586486321857,1779712587498367966,0.0,0.0,-0.22771457,-0.021761728,0.09651987,0.1690893,0.32073274,0.006976263
1779712590710911183,1779712591718452711,0.0,0.0,-0.34070957,-0.07598761,0.016900692,0.07740602,0.27414656,0.0061374316
1779712591718452711,1779712592746346492,0.0,0.0,-0.42119926,-0.1810821,-0.068989106,-0.0060990127,0.18895423,0.0054941233
1779712593748301883,1779712594768432089,0.0,0.0,-0.37516618,-0.12945877,0.003144473,0.058559526,0.27276567,0.005559446
1779712594768432089,1779712595772470298,0.0,0.0,-0.28095466,-0.02893253,0.04431779,0.11249362,0.28269657,0.009004777
1779712595772470298,1779712596796611272,0.0,0.0,-0.32157138,-0.12973794,-0.043947764,0.029718556,0.20246394,0.005886046
1779712597802202618,1779712598814277831,0.0,0.0,-0.28479725,-0.05478684,0.042374477,0.09271635,0.2709597,0.009448462
1779712598814277831,1779712599823077088,0.46536308993983677,0.01257738080939463,-0.3731472,-0.16446362,0.010966722,0.06205678,0.2896924,0.0011555884
1779712599823077088,1779712600832251112,0.3877860326418786,0.010204895595690214,-0.36872256,-0.15412621,-0.010125737,0.058585837,0.24539655,0.006813233
1779712600832251112,1779712601849443971,0.0,0.0,-0.2861433,-0.052982934,0.057617042,0.11349811,0.3342351,0.009330647
1779712601849443971,1779712602862906179,0.0,0.0,-0.35174638,-0.08301884,0.008782765,0.07145313,0.2819632,0.0070523904
1779712602862906179,1779712603866773725,0.0,0.0,-0.41002798,-0.20054792,-0.089888506,-0.012634112,0.14290453,0.006777004
1779712603866773725,1779712604892291570,-1.4348834408057671,0.03679188309728232,-0.2675237,-0.088376954,0.011610588,0.08208191,0.20799081,0.0033278747
1779712604892291570,1779712605904414210,0.0,0.0,-0.34851235,-0.14275473,-0.038547717,0.03856036,0.27150157,0.002140278
1779712606908083234,1779712607912595284,0.0,0.0,-0.41423616,-0.13523842,-0.03007358,0.03240933,0.22388594,0.005609935
1779712607912595284,1779712608918307462,0.0,0.0,-0.2827908,-0.06319471,0.07445918,0.122770354,0.32448813,0.0008408874
1779712608918307462,1779712609930755855,0.0,0.0,-0.2523621,-0.07632028,0.019381912,0.07531843,0.2503882,0.0043269284
1779712609930755855,1779712610956290247,0.0,0.0,-0.3387473,-0.082014464,0.0017509962,0.073568486,0.31782803,0.0027701894
1779712610956290247,1779712611956383853,0.0,0.0,-0.36944237,-0.13475488,-0.019002838,0.051701758,0.29960406,0.007884438
1779712611956383853,1779712612962381013,0.0,0.0,-0.3157843,-0.07758989,0.031814612,0.086602435,0.27556893,0.006804471
1779712612962381013,1779712613970545851,0.0,0.0,-0.34661075,-0.11742581,-0.013331515,0.057076633,0.22831203,0.0063427496
1779712616000270977,1779712617015000843,0.0,0.0,-0.50381213,-0.2703183,-0.12185316,-0.049703464,0.1748246,0.0052364143
1779712617015000843,1779712618030580228,0.0,0.0,-0.340631,-0.16833946,0.0029144392,0.06825258,0.29695326,0.005823394
1779712618030580228,1779712619038905300,1.266844672963935,0.03333801770971353,-0.29220852,-0.052442946,0.037539754,0.089008465,0.33085898,0.0068586078
1779712619038905300,1779712620046293707,0.16803876784067445,0.004422072837497269,-0.3507801,-0.117838986,-0.032180976,0.032870237,0.2236511,0.0061384086
1779712620046293707,1779712621062492393,0.400696436311698,0.011130456564324554,-0.44615263,-0.17928852,-0.0014100161,0.079691894,0.29437092,0.005924565
1779712622087767394,1779712623094025236,0.0,0.0,-0.43680513,-0.23413622,-0.09578298,-0.01640997,0.19618082,0.005787546
1779712623094025236,1779712624094276585,0.0,0.0,-0.4294993,-0.18836346,-0.08633841,-0.019919569,0.16909565,0.006718885
1779712638936889976,1779712639944360603,0.0,0.0,-0.39003018,-0.122222364,-0.028980702,0.055585016,0.20588708,0.0077888705
1779712639944360603,1779712640968396435,0.0,0.0,-0.46316016,-0.24667294,-0.059088174,0.023209047,0.2282659,0.0045614196
1779712640968396435,1779712641973991914,0.0,0.0,-0.40996566,-0.17513977,-0.031488165,0.054892,0.2756337,0.0038844764
1779712641973991914,1779712642981057726,0.0,0.0,-0.43516788,-0.19853012,-0.10427445,-0.043754354,0.15325263,0.0066399784
1779712642981057726,1779712643988178982,0.0,0.0,-0.33503133,-0.079288,0.012531004,0.0775353,0.27660012,0.006508407
1779712643988178982,1779712644990295082,0.0,0.0,-0.46978655,-0.20751852,-0.1068707,-0.037029088,0.14879039,0.0049166884
1779712646006045352,1779712647006379043,0.0,0.0,-0.4308593,-0.1616347,-0.027453138,0.034311417,0.20371453,0.004816066
1779712647006379043,1779712648013372947,0.0,0.0,-0.29546508,-0.107810184,-0.020527393,0.03697926,0.21461253,0.0053284178
1779712648013372947,1779712649038454350,0.0,0.0,-0.39083773,-0.16615576,-0.06938565,-0.0039753336,0.21192199,0.0039386856
1779712649038454350,1779712650056095312,0.0,0.0,-0.37553734,-0.09977653,-0.018280545,0.050175477,0.20190789,0.0047178017
1779712650056095312,1779712651065997246,0.0,0.0,-0.42173156,-0.17940365,-0.09515315,-0.029001487,0.19926824,0.005567101
1779712651065997246,1779712652070334769,0.0,0.0,-0.3154733,-0.06374769,0.034604017,0.10150719,0.2896297,0.008795925
1779712652070334769,1779712653084550120,0.0,0.0,-0.32561347,-0.11610826,0.012106767,0.058630977,0.26926002,0.00565824
1779712653084550120,1779712654086313432,0.0,0.0,-0.44648936,-0.17959118,-0.014970422,0.06454736,0.24099472,0.0054919245
1779712654086313432,1779712655088395264,0.0,0.0,-0.48348907,-0.24438424,-0.07445629,0.0074140383,0.16252285,0.0036422915
1779712655088395264,1779712656096425867,-0.9565017893225518,0.02517109971917663,-0.41893005,-0.1534183,-0.042981952,0.01238264,0.22693178,0.0071899397
1779712656096425867,1779712657098414019,0.0,0.0,-0.3535143,-0.14115061,-0.024515323,0.058709756,0.19673736,0.0048169373
1779712657098414019,1779712658122442424,0.0,0.0,-0.30758297,-0.10686013,0.014636697,0.06583994,0.2981328,0.0065198797
1779712658122442424,1779712659143036701,0.0,0.0,-0.3178312,-0.08729923,0.017753573,0.079876535,0.288908,0.0044495626
1779712659143036701,1779712660168467710,0.0,0.0,-0.42367575,-0.19556093,-0.08306279,-0.026347734,0.16086939,0.0050540785
1779712660168467710,1779712661171023423,0.0,0.0,-0.40712777,-0.20886831,-0.066706516,0.014841374,0.19985987,0.0053548156
1779712664400163280,1779712665400560574,0.0,0.0,-0.32128397,-0.1304361,-0.042637754,0.014078723,0.20764606,0.0032475332
1779712666412372797,1779712667418358811,0.0,0.0,-0.3210906,-0.097340636,-0.026618054,0.048927423,0.21415868,0.0033151582
1779712667418358811,1779712668432806902,0.0,0.0,-0.3397908,-0.08971315,-0.015931848,0.07187033,0.27908573,0.008169721
1779712668432806902,1779712669440545432,0.0,0.0,-0.3611298,-0.17191653,-0.0037076024,0.05860912,0.2851048,0.007478926
1779712669440545432,1779712670456447144,0.0,0.0,-0.32127768,-0.089875326,-0.011464277,0.0409507,0.20493387,0.0042192927
1779712671464735055,1779712672472411803,0.0,0.0,-0.28551668,-0.07302497,0.04738654,0.11799143,0.24568714,0.0065410626
1779712672472411803,1779712673498525696,0.0,0.0,-0.36210698,-0.14891668,-0.01610284,0.034963753,0.22628663,0.0048355763
1779712673498525696,1779712674504389492,0.0,0.0,-0.40843588,-0.20998204,-0.034868155,0.01512737,0.23904929,0.0059770923
1779712674504389492,1779712675505946135,0.0,0.0,-0.45386183,-0.21657608,-0.10505257,-0.039866664,0.13771161,0.0045306687
1779712675505946135,1779712676510523816,0.0,0.0,-0.40437728,-0.18403164,-0.08831407,-0.01254388,0.13751417,0.0064837807
1779712676510523816,1779712677518393941,0.0,0.0,-0.46721596,-0.21689153,-0.112917975,-0.03378561,0.14777811,0.002591467
1779712677518393941,1779712678530287304,0.0,0.0,-0.35078776,-0.12677686,-0.016286708,0.0793397,0.2084388,0.0042587323
1779712678530287304,1779712679544257230,0.0,0.0,-0.3595146,-0.12320581,0.015717583,0.07878651,0.29397306,0.0075287637
1779712679544257230,1779712680546495498,0.0,0.0,-0.36218196,-0.12414295,-0.015133949,0.050423123,0.2518204,0.0027120202
1779712680546495498,1779712681570364002,0.0,0.0,-0.3504776,-0.14155912,-0.036727976,0.04058014,0.22506021,0.007869721
1779712687380412630,1779712688380558035,0.0,0.0,-0.45415196,-0.23626886,-0.11103119,-0.04699797,0.13937959,0.0044456874
1779712699712362558,1779712700734464715,0.0,0.0,-0.35785684,-0.14800419,-0.025080973,0.037411287,0.24953361,0.0034319605
1779712700734464715,1779712701736958388,0.0,0.0,-0.33585873,-0.12943639,-0.047550067,0.026472723,0.20264341,0.00620283
1779712701736958388,1779712702754464859,-1.1120946119492134,0.02926564768301887,-0.48912215,-0.2807481,-0.14384037,-0.073474474,0.08353396,0.005014048
1779712702754464859,1779712703758457941,0.0,0.0,-0.4388126,-0.20707242,-0.082667194,-0.012609852,0.18366064,0.0054796836
1779712703758457941,1779712704758814214,0.0,0.0,-0.35138533,-0.12170923,-0.015225067,0.04893491,0.24849115,0.0015602986
1779712705771468186,1779712706774400980,0.0,0.0,-0.28584003,-0.03333889,0.06201106,0.12261586,0.30064413,0.007134656
1779712706774400980,1779712707788370398,0.0,0.0,-0.26515818,-0.078800924,0.021788975,0.07228418,0.24314426,0.0011869398
1779712707788370398,1779712708800457027,-0.3233065204740014,0.008508066328186271,-0.35032177,-0.06610392,0.0490892,0.113213815,0.2951825,0.005651399
1779712710994229490,1779712712018310466,0.0,0.0,-0.27907434,-0.09463719,0.0104313055,0.0690948,0.2697211,0.002826273
1779712712018310466,1779712713040231583,0.0,0.0,-0.56220615,-0.30633578,-0.1100664,-0.053031806,0.17551929,0.0055626193
1779712713040231583,1779712714062949777,0.0,0.0,-0.3372584,-0.092547834,0.015789106,0.07176365,0.23726581,0.007483841
1779712714062949777,1779712715076680417,0.0,0.0,-0.33786577,-0.07398444,0.008300349,0.0745751,0.3092783,0.0028676556
1779712715076680417,1779712716105304880,0.0,0.0,-0.41328672,-0.1833371,-0.04777576,0.01783291,0.23128921,0.00053516176
1779712716105304880,1779712717106248881,0.0,0.0,-0.3151519,-0.071595155,0.016290814,0.074590564,0.26301295,0.0066324957
1779712718132600412,1779712719140563266,0.0,0.0,-0.37096283,-0.15049146,-0.06315068,0.0025763516,0.27331477,0.0044627357
1779712719140563266,1779712720142595079,0.0,0.0,-0.36358017,-0.13789864,-0.039981365,0.031599324,0.20976481,0.008387642
1779712720142595079,1779712721168522636,0.0,0.0,-0.28405932,-0.073986985,0.029288696,0.0748408,0.2257975,0.0049411515
1779712721168522636,1779712722176722383,0.0,0.0,-0.39969566,-0.17407946,-0.07237299,-0.0043210727,0.19560425,0.0077157216
1779712722176722383,1779712723180376090,0.0,0.0,-0.3182201,-0.07682302,0.021725034,0.087541856,0.30605713,0.009621903
1779712723180376090,1779712724188638329,0.0,0.0,-0.4056488,-0.18787143,-0.060460262,0.005217554,0.14731845,0.0044315592
1779712724188638329,1779712725194391082,0.0,0.0,-0.46403626,-0.21137182,-0.09657971,-0.023546318,0.17412756,0.003043676
1779712725194391082,1779712726208354998,0.0,0.0,-0.31260294,-0.07787612,0.043728743,0.103204854,0.2854099,0.012833581
1779712726208354998,1779712727216414740,0.0,0.0,-0.2898137,-0.075628966,0.009529692,0.083997644,0.24124269,0.0075091315
1779712727216414740,1779712728228514010,0.0,0.0,-0.39573646,-0.1892471,-0.059650976,0.015587718,0.17470011,0.0012364611
1779712728228514010,1779712729238381764,0.0,0.0,-0.2885688,-0.06277751,0.015964739,0.07976055,0.24768084,0.006690896
1779712729238381764,1779712730238525526,0.0,0.0,-0.29913872,-0.09198202,-0.00047520743,0.06731308,0.23734118,0.007844367
1779712730238525526,1779712731244584279,0.0,0.0,-0.3375364,-0.046491902,0.061369106,0.11408636,0.29304826,0.0051647183
1779712733392709774,1779712734414526792,0.0,0.0,-0.3213302,-0.09825167,0.0021139977,0.06549614,0.3082799,0.0072998796
1779712734414526792,1779712735422386359,0.0,0.0,-0.35971805,-0.16153698,-0.050099242,0.015791835,0.17919755,0.0073283175
1779712735422386359,1779712736424354977,0.0,0.0,-0.37447003,-0.16184178,-0.06987632,-0.012988809,0.2013952,0.0039172065
1779712736424354977,1779712737434393945,0.0,0.0,-0.29988688,-0.067491844,0.045699228,0.10031127,0.270344,0.0053605824
1779712737434393945,1779712738450404616,0.0,0.0,-0.3661273,-0.17213398,-0.054975115,7.630472e-05,0.21233398,0.004258715
1779712738450404616,1779712739462411636,0.0,0.0,-0.49468973,-0.18608223,-0.07071472,-0.010536164,0.17864394,0.005102148
1779712739462411636,1779712740478355728,1.4615401555076852,0.03846158303937541,-0.47735596,-0.22531128,-0.080713555,-0.009508301,0.14342466,0.00430326
1779712741504352615,1779712742510545922,0.0,0.0,-0.36795872,-0.1335971,0.00489134,0.058172658,0.24171843,0.010583432
1779712757441448852,1779712758454674294,0.0,0.0,-0.39169148,-0.1689855,-0.032388963,0.0431414,0.23032857,0.0058014793
1779712762000444121,1779712763000480765,0.0,0.0,-0.4029205,-0.18067664,-0.051272016,0.007984306,0.20751856,0.0036862402
1779712763000480765,1779712764016595001,0.0,0.0,-0.34471914,-0.08265423,0.0094736125,0.06751475,0.30547217,0.0030930436
1779712764016595001,1779712765026286709,0.0,0.0,-0.39199203,-0.15159866,-0.057811175,0.016901718,0.21203,0.0016275551
1779712767035220591,1779712768038200556,0.0,0.0,-0.4239491,-0.17305154,-0.041927125,0.02043035,0.17278986,0.007809377
1779712769055297204,1779712770076481232,-0.41386579760896997,0.010611943528132519,-0.24710162,-0.025453445,0.09405097,0.15736647,0.31495932,0.0027894943
1779712770076481232,1779712771101725254,-0.4009488260484066,0.010551284896091095,-0.34283808,-0.07991498,0.030336201,0.09198949,0.24907243,0.006661253
1779712771101725254,1779712772110474063,0.0,0.0,-0.3541319,-0.15356268,-0.06374204,-0.003172933,0.23108663,0.004366273
1779712772110474063,1779712773112239270,0.0,0.0,-0.4406629,-0.18866964,-0.049066946,0.011658456,0.21147457,0.001329845
1779712773112239270,1779712774122399686,0.0,0.0,-0.3702377,-0.12951338,-0.030465133,0.03357408,0.20962459,0.004424542
1779712774122399686,1779712775128495422,0.0,0.0,-0.3253809,-0.08455135,0.036914084,0.106123,0.3261323,0.0069037047
1779712775128495422,1779712776156478574,0.0,0.0,-0.40002435,-0.16362011,-0.057837952,0.011222883,0.17053403,0.0043012328
1779712776156478574,1779712777166534041,0.0,0.0,-0.37175915,-0.15736277,-0.023142073,0.0408722,0.21040627,0.005883937
1779712777166534041,1779712778178495092,0.0,0.0,-0.39250976,-0.15115789,-0.026752282,0.034949616,0.22511657,0.004500838
1779712778178495092,1779712779192362774,0.0,0.0,-0.24511288,-0.059401687,0.029960534,0.083555534,0.23812094,0.0058280514
1779712779192362774,1779712780216221842,0.0,0.0,-0.32139835,-0.060464412,0.05949767,0.11350392,0.28296158,0.005097222
1779712783405287524,1779712784414550037,0.0,0.0,-0.3331327,-0.11743014,-0.0045498004,0.071163684,0.2488774,0.007861903
1779712787649572256,1779712788654769268,0.0,0.0,-0.31713465,-0.05782755,0.018715676,0.10922698,0.26156092,0.009618172
1779712789662527767,1779712790688394537,0.0,0.0,-0.3785208,-0.14721021,-0.03057363,0.04463409,0.24412836,0.004633802
1779712790688394537,1779712791690551099,0.0,0.0,-0.31803542,-0.08056132,0.04380663,0.09117054,0.29187167,0.0054246173
1779712791690551099,1779712792695200372,0.0,0.0,-0.38023466,-0.13472433,-0.02994572,0.06697374,0.20160714,0.006572551
1779712792695200372,1779712793714012655,0.0,0.0,-0.43076912,-0.18097205,-0.07921662,-0.0033088862,0.15525022,0.003239415
1779712793714012655,1779712794714558961,0.0,0.0,-0.4044219,-0.18236092,-0.06644338,0.019369783,0.190252,0.0061701313
1779712794714558961,1779712795741816260,0.0,0.0,-0.14010833,0.041729573,0.123693675,0.18166824,0.35152733,0.007349316
1779712795741816260,1779712796758275318,0.0,0.0,-0.45337537,-0.18660603,-0.052478567,0.030774947,0.23548655,0.007722311
1779712796758275318,1779712797768285753,0.0,0.0,-0.33930746,-0.07990693,0.037987646,0.10074708,0.23964678,0.007929679
1779712798794455069,1779712799808959672,0.0,0.0,-0.3979296,-0.16135943,-0.008737509,0.054785296,0.20030645,0.0081270235
1779712799808959672,1779712800832412676,0.0,0.0,-0.41998097,-0.16747424,-0.06529015,0.0026441885,0.17841434,0.0047691967
1779712869464221881,1779712870488569390,0.0,0.0,-0.37935644,-0.16547021,-0.065805465,0.010639039,0.23835286,0.006636289
1779712870488569390,1779712871506402295,0.0,0.0,-0.4234357,-0.1663682,-0.045538127,0.042293716,0.2034924,0.005553866
1779712881616589714,1779712882644285487,0.0,0.0,-0.40905905,-0.19389695,-0.038758647,0.03454124,0.2474756,0.0062270407
1779712943640536096,1779712944658997712,0.49151013264327326,0.012934477174933602,-0.43964195,-0.23821166,-0.10367528,-0.038861055,0.11488188,0.0056226193
1779712944658997712,1779712945662264389,0.025868285159845163,0.0006991428418783668,-0.101958364,0.070907325,0.1520089,0.20849185,0.35466057,0.0065632123
1779712945662264389,1779712946682224915,0.0,0.0,-0.438033,-0.20839913,-0.059951812,0.0030330135,0.22137216,0.004776156
1779712948692270639,1779712949721959126,0.0,0.0,-0.33487985,-0.10796341,0.018394897,0.08108908,0.2941824,0.006939633
1779712949721959126,1779712950724559535,0.0,0.0,-0.33946094,-0.059442498,0.033563253,0.09970982,0.26255745,0.0048582354
1779712951728406527,1779712952736639042,0.0,0.0,-0.25540146,-0.03746051,0.06671666,0.13316824,0.2924667,0.005615001
1779712952736639042,1779712953740487316,0.0,0.0,-0.30947384,-0.092072204,0.029474922,0.10069424,0.25488088,0.007451591
1779712953740487316,1779712954760427446,0.0,0.0,-0.28408363,-0.08597902,0.0387544,0.118282914,0.267645,0.0060479725
1779712954760427446,1779712955766402093,0.0,0.0,-0.31104612,-0.08556097,0.035454355,0.098002024,0.30780712,0.0073160697
1779712955766402093,1779712956773758037,0.0,0.0,-0.37451282,-0.17821674,-0.06988192,-0.011462014,0.179575,0.00458512
1779712956773758037,1779712957790204377,0.0,0.0,-0.24794887,-0.004188922,0.08443413,0.13435808,0.3235367,0.0075299717
1779712957790204377,1779712958802272978,0.0,0.0,-0.14057879,0.026272655,0.11642227,0.17278492,0.3162241,0.0073245442
1779712958802272978,1779712959810331397,0.0,0.0,-0.37665793,-0.14292628,-0.047711704,0.031177768,0.25875273,0.00613631
1779712960818199661,1779712961832459501,0.0,0.0,-0.2973063,-0.0601138,0.063728206,0.11918471,0.33518735,0.0087151425
1779712961832459501,1779712962842274881,0.0,0.0,-0.36256602,-0.15035227,-0.064656086,-0.0017792694,0.14901675,0.0019523562
1779712963853170503,1779712964856366646,0.0,0.0,-0.5174947,-0.2721499,-0.119133994,-0.048841506,0.16592033,0.004488476
1779712964856366646,1779712965876258006,0.0,0.0,-0.45498428,-0.18285759,-0.08770172,-0.026247425,0.12683894,0.004319885
1779712965876258006,1779712966885930298,0.0,0.0,-0.27833816,-0.070299275,0.019042123,0.09971989,0.26956493,0.0061866604
1779712966885930298,1779712967896385494,0.0,0.0,-0.2609441,0.008106146,0.09981862,0.16189459,0.35700986,0.008701906
1779712967896385494,1779712968904479505,0.0,0.0,-0.5214335,-0.24236928,-0.06634209,-0.011319739,0.23694181,0.007102462
1779712968904479505,1779712969916279482,0.0,0.0,-0.3683001,-0.15054691,-0.025979577,0.03955678,0.22797705,0.005304795
1779712970922002656,1779712971940575452,0.0,0.0,-0.37346786,-0.17623349,-0.08709383,-0.021437684,0.14742307,0.002416531
1779712972953087053,1779712973981035434,0.0,0.0,-0.45561156,-0.1982709,-0.08212679,-0.01951278,0.22549266,0.007211989
1779712973981035434,1779712974986770674,0.0,0.0,-0.3550294,-0.1605343,-0.016322656,0.049586803,0.28950328,0.0017295002
1779712974986770674,1779712975994644466,0.0,0.0,-0.28103405,-0.07334895,0.012021318,0.07397177,0.21843441,0.006068145
1779712975994644466,1779712977008282504,0.0,0.0,-0.44219354,-0.25342247,-0.12618916,-0.06092623,0.119324535,0.006425506
1779712977008282504,1779712978026637067,0.0,0.0,-0.31026116,-0.10214979,-0.0060530338,0.061246917,0.23329481,0.005748203
1779712978026637067,1779712979044701719,0.0,0.0,-0.28026208,-0.0647397,0.037254293,0.09241043,0.26902336,0.005048134
1779712980060180200,1779712981086198054,0.0,0.0,-0.420443,-0.16251212,-0.02360039,0.040555436,0.2601953,0.007568316
1779712981086198054,1779712982105986253,0.0,0.0,-0.4146379,-0.18058613,-0.065957956,0.0027035805,0.17481317,0.00909199
1779712982105986253,1779712983128428936,0.0,0.0,-0.17565757,0.005403627,0.10457807,0.18769339,0.30594885,0.007218192
1779713003626306251,1779713004630401961,0.0,0.0,-0.2814329,-0.019026842,0.07985312,0.14881788,0.36459598,0.0037451116
1779713004630401961,1779713005634392043,0.0,0.0,-0.3476301,-0.11626215,-0.01678921,0.060521264,0.24191068,0.0059369192
1779713005634392043,1779713006644243616,0.0,0.0,-0.3743652,-0.122126095,0.005421438,0.059813153,0.30279174,0.0025741432
1779713006644243616,1779713007650221820,0.0,0.0,-0.3358492,-0.11182689,0.022928135,0.067542255,0.28969598,0.0062447833
1779713007650221820,1779713008668220411,0.0,0.0,-0.4057644,-0.15613721,-0.053884525,0.0014644628,0.19274737,0.0071407678
1779713008668220411,1779713009682151740,0.0,0.0,-0.40643477,-0.114697985,-0.013045052,0.05113639,0.19517185,0.004827971
1779713009682151740,1779713010686284015,0.0,0.0,-0.2705353,0.002807202,0.1196528,0.16515884,0.38251874,0.0070013977
1779713010686284015,1779713011698573532,0.0,0.0,-0.3240537,-0.11391448,0.00054451387,0.052784067,0.25082076,0.0074939188
1779713011698573532,1779713012712302752,0.0,0.0,-0.33686897,-0.078742415,0.0041088145,0.09028435,0.25640684,0.005465122
1779713012712302752,1779713013726515530,0.0,0.0,-0.4190996,-0.15921919,-0.041651927,0.025320897,0.20661369,0.0024989934
1779713013726515530,1779713014746458305,0.0,0.0,-0.24279568,-0.053161904,0.06429437,0.119076565,0.318768,0.005203429
1779713014746458305,1779713015754202111,0.0,0.0,-0.45934945,-0.21223257,-0.10879579,-0.028921613,0.13118269,0.0026190286
1779713016760390420,1779713017774132212,0.0,0.0,-0.46541724,-0.23170131,-0.086850844,-0.03162062,0.14058684,0.006890523
1779713017774132212,1779713018786107711,0.0,0.0,-0.19709101,0.02611721,0.14247043,0.19410697,0.38079953,0.005915791
1779713018786107711,1779713019800259089,0.0,0.0,-0.3320412,-0.12347912,0.0016101673,0.0805608,0.27293357,0.0039025429
1779713019800259089,1779713020822369659,-0.9571141721632208,0.025187215057012748,-0.43174687,-0.1493391,-0.029377062,0.025356542,0.23292102,0.006624028
1779713020822369659,1779713021830312994,0.0,0.0,-0.37396777,-0.15454863,-0.023007471,0.036176533,0.21791208,0.005064955
1779713021830312994,1779713022840476595,0.0,0.0,-0.4686175,-0.22157685,-0.09636713,-0.033909902,0.18073381,0.0021253205
1779713022840476595,1779713023850654462,0.0,0.0,-0.32212016,-0.12482727,-0.021727905,0.039153606,0.24302503,0.004372928
1779713023850654462,1779713024878189314,0.0,0.0,-0.5116239,-0.28231102,-0.159118,-0.09131779,0.15988156,0.0067948797
1779713024878189314,1779713025882844363,0.0,0.0,-0.431278,-0.19242615,-0.07324563,-0.0009135572,0.16041693,0.0049185436
1779713025882844363,1779713026908502570,0.0,0.0,-0.4179001,-0.22050115,-0.06614726,0.00015074323,0.19660431,0.0031643894
1779713026908502570,1779713027936317336,0.5691059540994754,0.0149764724766717,-0.40665942,-0.17652608,-0.040936492,0.013355963,0.20517395,0.0031124728
1779713029968123672,1779713030988449141,0.0,0.0,-0.25727418,-0.015681168,0.08520492,0.14483987,0.37946087,0.009723572
1779713030988449141,1779713032010276781,0.0,0.0,-0.3625867,-0.1102122,-0.016344536,0.049956895,0.21659176,0.007416682
1779713032010276781,1779713033010322454,0.0,0.0,-0.32062173,-0.071215585,0.029341277,0.093372904,0.28090915,0.007975795
1779713033010322454,1779713034016509734,0.0,0.0,-0.43181777,-0.21138158,-0.09300549,-0.024088545,0.14743271,0.0055237277
1779713034016509734,1779713035034303354,0.0,0.0,-0.4778081,-0.2318459,-0.13721195,-0.06771259,0.12034494,0.0038100048
1779713036045350632,1779713037050207151,0.0,0.0,-0.29375803,-0.104593314,-0.015844392,0.04144753,0.19477785,0.0061937044
1779713037050207151,1779713038066496293,0.0,0.0,-0.42035416,-0.19462825,-0.060636852,0.010499166,0.17088063,0.0023851786
1779713038066496293,1779713039082224303,0.0,0.0,-0.25884783,-0.061384223,0.0315205,0.088469975,0.22385785,0.0045675384
1779713040094287299,1779713041098026035,0.0,0.0,-0.36505184,-0.14246467,-0.038121477,0.023958493,0.2110668,0.0059225103
1779713041098026035,1779713042110352949,0.0,0.0,-0.3326637,-0.11741391,-0.03418832,0.042288095,0.20230159,0.005434217
1779713049534149105,1779713050550206132,0.0,0.0,-0.29227653,-0.07325533,0.05464484,0.10197241,0.3222594,0.0030052743
1779713050550206132,1779713051558445178,0.0,0.0,-0.37905344,-0.1879585,-0.05478684,-0.0030487832,0.21626191,-0.00023639451
1779713063626201416,1779713064645273570,0.0,0.0,-0.41673002,-0.13560276,-0.0030638995,0.06337878,0.23386388,0.0069720773
1779713066659132419,1779713067678077544,0.685462124606361,0.01803847696336154,-0.31549984,-0.08611495,0.021566104,0.08365967,0.2550254,0.0041126725
1779713069933624734,1779713070934338923,0.0,0.0,-0.3360886,-0.12576686,0.024888357,0.09720634,0.28354317,0.007670298
1779713070934338923,1779713071944471913,0.0,0.0,-0.3987193,-0.14987293,-0.056334604,0.0036993444,0.19962688,0.006342242
1779713071944471913,1779713072948104424,0.0,0.0,-0.31839687,-0.13641089,-0.035563365,0.022289027,0.20280433,0.0062029595
1779713072948104424,1779713073950252056,0.0,0.0,-0.35929,-0.15126918,-0.021442024,0.04750367,0.22049233,0.0068013845
1779713073950252056,1779713074955772658,0.0,0.0,-0.5128551,-0.22589552,-0.05809787,0.0030585807,0.23383355,0.005637921
1779713074955772658,1779713075960496425,0.0,0.0,-0.39121994,-0.16676952,-0.06911855,-0.0016776075,0.20248698,0.004557655
1779713075960496425,1779713076966299635,0.0,0.0,-0.54513425,-0.29892933,-0.16733336,-0.10250778,0.13673937,0.0063131545
1779713076966299635,1779713077992476500,0.0,0.0,-0.38683605,-0.15094498,-0.009333437,0.05334696,0.2536118,0.007095054
1779713077992476500,1779713079000542233,0.0,0.0,-0.3659923,-0.13345993,-0.041703437,0.032671157,0.18955171,0.005061039
1779713079000542233,1779713080014514155,0.0,0.0,-0.42816347,-0.14490901,-0.005550393,0.082724534,0.2502771,0.001463118
1779713080014514155,1779713081020819786,0.0,0.0,-0.288468,-0.1090736,0.017856471,0.07884634,0.31173295,0.002385823
1779713081020819786,1779713082030590979,0.0,0.0,-0.44431543,-0.20365007,-0.0714494,-0.0069971266,0.18664275,0.004167736
1779713082030590979,1779713083044227829,0.0,0.0,-0.3336915,-0.07269727,0.021908063,0.09099274,0.2384654,0.0063846447
1779713084051373314,1779713085072430150,0.0,0.0,-0.428634,-0.20406379,-0.08837739,-0.0031182528,0.14478885,0.004628894
1779713085072430150,1779713086094589251,0.0,0.0,-0.36553523,-0.105580755,0.007870911,0.07770331,0.22635363,0.0040921355
1779713086094589251,1779713087110272918,0.0,0.0,-0.23219301,-0.051103964,0.052765895,0.11078902,0.24911077,0.00480874
1779713087110272918,1779713088128376780,0.0,0.0,-0.30105022,-0.03586259,0.0842016,0.14490071,0.31258616,0.00878862
1779713088128376780,1779713089152402998,0.0,0.0,-0.37054113,-0.17478585,-0.043626357,0.018643709,0.19593398,0.0046233363
1779713090178365539,1779713091180452837,0.0,0.0,-0.3138491,-0.0663001,0.03959065,0.11396361,0.24889994,0.009790645
1779713091180452837,1779713092192489823,0.0,0.0,-0.35014346,-0.115838826,-0.011140256,0.055973094,0.22020102,0.005864659
1779713092192489823,1779713093212102650,0.0,0.0,-0.35807207,-0.10180135,-0.016301101,0.066095404,0.23739673,0.0068892413
1779713093212102650,1779713094218269448,0.0,0.0,-0.3523822,-0.10789607,-0.018743202,0.07666742,0.21981266,0.0068085482
1779713094218269448,1779713095232119934,0.0,0.0,-0.43139333,-0.19066966,-0.08131639,-0.014807316,0.19333452,0.008711446
1779713095232119934,1779713096240521967,0.0,0.0,-0.48323637,-0.19314761,-0.089034244,-0.014449703,0.16985655,0.0030047505
1779713096240521967,1779713097256472540,0.0,0.0,-0.3307549,-0.14725627,-0.022990769,0.033883262,0.22042395,0.003241085
1779713097256472540,1779713098268553789,0.0,0.0,-0.30987155,-0.066765375,0.036657527,0.08940716,0.27628738,0.006423146
1779713098268553789,1779713099280248816,0.0,0.0,-0.3465489,-0.07322758,0.039245937,0.09144919,0.23465937,0.008883266
1779713099280248816,1779713100298161254,0.0,0.0,-0.21976337,-0.058729745,0.051953647,0.11896706,0.27048045,0.005548506
1779713100298161254,1779713101324611444,0.0,0.0,-0.32495087,-0.10169369,0.0055224462,0.06890895,0.24149124,0.0072341845
1779713112342847348,1779713113357769302,-1.3199620335964732,0.07764539667501494,-0.3021361,-0.029079635,0.06579151,0.13712567,0.28934675,0.0038885109
1779713117033894276,1779713118045761447,0.0,0.0,-0.38754293,-0.11289481,-0.022437181,0.048931647,0.23132172,0.007606519
1779713118045761447,1779713119047754896,0.0,0.0,-0.4108762,-0.17143975,-0.038928613,0.035645805,0.20395797,0.002298121
1779713119047754896,1779713120063729666,0.2328983094929392,0.006128902881348614,-0.3510085,-0.11773579,-0.012298404,0.049804427,0.24028878,0.0075441008
1779713125177702218,1779713126350514726,0.0,0.0,-0.29427168,-0.022932077,0.084338225,0.15025444,0.28589737,0.0070140054
1779713126350514726,1779713127377679218,0.0,0.0,-0.38260475,-0.13431607,0.0064915936,0.07468828,0.26977402,0.007908589
1779713127377679218,1779713128381520451,0.0,0.0,-0.3617372,-0.16536717,-0.045442436,0.025639156,0.2076102,0.005378374
1779713128381520451,1779713129391973288,0.0,0.0,-0.41792828,-0.13592076,-0.023625538,0.062073555,0.21642758,0.0053433343
1779713129391973288,1779713130397779615,0.0,0.0,-0.4515663,-0.22689976,-0.07008802,-0.01124887,0.19335239,0.002219861
1779713130397779615,1779713131420888315,0.0,0.0,-0.3826961,-0.1731433,-0.030221522,0.026371084,0.25913543,0.0062558395
1779713131420888315,1779713132431528502,1.02215752959648,0.026898882357541176,-0.3317827,-0.09563105,-0.0003124738,0.074187316,0.2679119,0.0043926747
1779713132431528502,1779713133433549516,0.0,0.0,-0.41710332,-0.13815732,-0.013298856,0.074893355,0.2713117,0.0038509243
1779713135451534337,1779713136474342052,0.0,0.0,-0.35079515,-0.12678042,-0.05808609,0.012772678,0.20041628,0.008894829
1779713136474342052,1779713137489107290,-0.8408786022047772,0.023357738949927567,-0.3801989,-0.15624942,-0.009329937,0.054752033,0.22596079,0.0070679365
1779713137489107290,1779713138503508432,0.0,0.0,-0.43227556,-0.20124991,-0.063005164,0.002304538,0.18040372,0.0034511115
1779713138503508432,1779713139511544629,0.0,0.0,-0.35257238,-0.091165364,-0.00025791043,0.08010265,0.22967713,0.005757177
1779713139511544629,1779713140535635260,0.0,0.0,-0.36566645,-0.11670606,-0.041994262,0.027540896,0.23034635,0.00828842
1779713140535635260,1779713141541921303,0.0,0.0,-0.37052688,-0.11017581,0.01601865,0.0725901,0.2440772,0.0049063475
1779713144621478542,1779713145635638221,0.0,0.0,-0.1989541,-0.031362873,0.047342055,0.1135495,0.272599,0.005071842
1779713146637055260,1779713147672397596,0.0,0.0,-0.36235338,-0.16655536,-0.011560854,0.051037617,0.2245546,0.004994875
1779713147672397596,1779713148679462061,0.0,0.0,-0.3929684,-0.15372558,-0.04621043,0.029606605,0.17095831,0.0071732835
1779713148679462061,1779713149683562943,0.0,0.0,-0.3721188,-0.16432041,-0.029295461,0.034945603,0.22828433,0.0026745691
1779713150691506004,1779713151699545686,0.0,0.0,-0.2977555,-0.08744437,0.013712059,0.08301198,0.27353805,0.0033822507
1779713151699545686,1779713152707691733,0.0,0.0,-0.3391958,-0.15654708,-0.047052022,0.0004669261,0.17642295,0.004290165
1779713153707740361,1779713154730717791,0.0,0.0,-0.4277825,-0.17597,-0.032102432,0.052226022,0.21426482,0.0068786046
1779713154730717791,1779713155747958905,0.0,0.0,-0.40317115,-0.14730115,-0.03462954,0.036513176,0.20447622,0.0069416114
1779713155747958905,1779713156767828911,0.0,0.0,-0.4160806,-0.19072859,-0.093818836,-0.034817114,0.1559291,0.0066628787
1779713156767828911,1779713157793918286,0.0,0.0,-0.34578297,-0.12941071,0.012747391,0.07735568,0.27340138,0.0089427475
1779713158814789269,1779713159869924085,0.7504549636735154,0.02084597121291646,-0.25922778,0.0036468338,0.101843365,0.16644022,0.3437453,0.0070919907
1779713159869924085,1779713160883535547,0.0,0.0,-0.3698775,-0.14348222,0.0041542803,0.069030836,0.20765401,0.007349439
1779713164128491523,1779713165136955224,-1.3714306436629222,0.06233775653008422,-0.24502167,-0.066938594,0.016076386,0.08047048,0.24426445,0.00616348
1779713165136955224,1779713166150341693,0.2846520161648434,0.009488400538752254,-0.38445768,-0.13931279,0.0063867825,0.066590436,0.20599765,0.007552184
1779713166150341693,1779713167159742186,0.0,0.0,-0.5339479,-0.24947383,-0.10762969,-0.032932848,0.16033164,0.0065177567
1779713169347929202,1779713170372639887,0.0,0.0,-0.30021366,-0.06603543,0.021976413,0.08042838,0.2762168,0.0058414005
1779713170372639887,1779713171381508867,0.0,0.0,-0.4008401,-0.1295437,-0.025757195,0.049795374,0.19154987,0.007158807
1779713171381508867,1779713172381547696,0.0,0.0,-0.35531285,-0.08550111,0.014263688,0.08966227,0.34914643,0.0032794767
1779713172381547696,1779713173601231839,0.0,0.0,-0.37128657,-0.1195178,-0.021345261,0.039490387,0.25332546,0.004854219
1779713173601231839,1779713174615648811,0.0,0.0,-0.1968507,-0.013467212,0.08346337,0.16323794,0.28638062,0.0065745465
1779713175625607401,1779713176649961806,0.0,0.0,-0.4642133,-0.22502886,-0.08699501,-0.01646204,0.1712208,0.005199122
1779713176649961806,1779713177676014774,0.0,0.0,-0.27280563,-0.102233134,0.04455286,0.09857824,0.2825066,0.008587679
1779713178683799665,1779713179699434716,0.0,0.0,-0.40996674,-0.21152747,-0.07510897,0.007092117,0.18021145,0.0021756012
1779713179699434716,1779713180705422053,0.0,0.0,-0.3864275,-0.14541571,-0.03402675,0.0357324,0.22570899,0.009596586
1779713185371284706,1779713186371676518,0.0,0.0,-0.48043808,-0.24356864,-0.08798128,-0.018405464,0.15463349,0.0030557134
1779713235227900546,1779713236251656616,0.0,0.0,-0.43308747,-0.20724246,-0.05949699,0.015161522,0.25323012,0.008130965
1779713236251656616,1779713237278641674,1.708157426390978,0.053379919574547685,-0.24835114,-0.030658076,0.056406874,0.1142274,0.3391065,0.008206747
1779713238295836935,1779713239317870886,0.0,0.0,-0.3700911,-0.106929,0.0067659733,0.07300139,0.24911936,0.006538746
1779713239317870886,1779713240337489303,0.0,0.0,-0.41663024,-0.16944733,-0.072782785,-0.0102207735,0.1787392,0.0076522827
1779713241347573203,1779713242357946057,0.0,0.0,-0.43756416,-0.15106024,-0.046107553,0.034602266,0.25045535,0.0035533223
1779713242357946057,1779713243373437659,0.0,0.0,-0.34161738,-0.1433292,-0.0054632407,0.052271325,0.24193668,0.0063341735
1779713849763146903,1779713850806184269,0.0,0.0,-0.28703055,-0.05641282,0.022699548,0.12662002,0.272119,0.007363602
1779713850806184269,1779713851809413091,0.0,0.0,-0.28656653,-0.029935153,0.0589595,0.12573735,0.29418945,0.007950442
1779713861619480468,1779713862627071305,0.0,0.0,-0.33304507,-0.092701375,0.040387616,0.10043248,0.36141223,-0.00080943183
1779713863633358251,1779713864657239795,0.0,0.0,-0.27624857,-0.05193571,0.049124986,0.13560668,0.27053997,0.008379684
1779713864657239795,1779713865669258922,0.0,0.0,-0.26146588,-0.029943153,0.062194113,0.11710981,0.358505,0.0075241965
1779713865669258922,1779713866687358039,0.0,0.0,-0.4894422,-0.24708414,-0.08058889,-0.023852095,0.20493816,0.0010729005
1779713866687358039,1779713867711453313,0.0,0.0,-0.3382277,-0.105012655,-0.016372133,0.041626617,0.25552922,0.0042639864
1779713867711453313,1779713868717338535,0.0,0.0,-0.4010814,-0.14564626,-0.063602656,0.020809425,0.22481504,0.005064373
1779713870747829467,1779713871760807597,0.0,0.0,-0.3764997,-0.17948383,-0.009701057,0.05557468,0.2768835,0.005377797
1779713872774171627,1779713873795786698,-0.15509977762858573,0.004081573095411117,-0.4361529,-0.2140912,-0.040756986,0.03904516,0.21887787,0.0031086965
1779713873795786698,1779713874821199279,0.0,0.0,-0.3272836,-0.0965223,0.0118293315,0.069176845,0.21729474,0.00869658
1779713875828032538,1779713876837310432,0.0,0.0,-0.363692,-0.13961098,-0.032563873,0.029673066,0.17784713,0.007869965
1779713876837310432,1779713877848085703,0.0,0.0,-0.31773758,-0.081658274,0.03966425,0.09047958,0.3020526,0.0072006825
1779713877848085703,1779713878867381142,-0.5170166331863911,0.013605700873311009,-0.28726947,-0.07658279,-0.009636557,0.058424737,0.21499246,0.0038580378
1779713878867381142,1779713879871747775,0.0,0.0,-0.29458115,-0.07429477,0.06421751,0.120529175,0.2705352,0.009969773
1779713879871747775,1779713880885387296,0.0,0.0,-0.3863519,-0.16852702,-0.0673554,-0.00852721,0.16075961,0.0067374324
1779713880885387296,1779713881897685206,0.0,0.0,-0.29906842,-0.042439073,0.045128025,0.096504085,0.28850836,0.005062737
1779713881897685206,1779713882903338646,0.0,0.0,-0.32785428,-0.08963906,0.015341518,0.07435411,0.2798386,0.0052990247
1779713882903338646,1779713883921350729,0.0,0.0,-0.41594732,-0.17021379,-0.077142045,-0.013238158,0.16153456,0.005670356
1779713883921350729,1779713884945499469,0.0,0.0,-0.3349762,-0.09796637,-0.00040713736,0.06738344,0.2380643,0.004041604
1779713884945499469,1779713885955644608,0.0,0.0,-0.45027882,-0.18817703,-0.08330418,-0.012713613,0.1633556,0.0058578844
1779713885955644608,1779713886961605842,0.0,0.0,-0.3543978,-0.13460769,-0.04537735,0.02202132,0.2137686,0.0036538008
1779713886961605842,1779713887963475210,0.0,0.0,-0.35367864,-0.14649175,-0.018812671,0.041214045,0.24763893,0.008204237
1779713887963475210,1779713888969188593,0.0,0.0,-0.34517238,-0.09603489,-0.013729531,0.040176082,0.18325473,0.0024834506
1779713888969188593,1779713889971359537,0.0,0.0,-0.32329744,-0.12954344,-0.03991703,0.03361434,0.18259218,0.0050437367
1779713889971359537,1779713890975302477,0.0,0.0,-0.3666155,-0.14382519,-0.009634597,0.045916572,0.20293261,0.00787381
1779713890975302477,1779713891979736024,0.0,0.0,-0.24001743,0.020960145,0.11199096,0.15813133,0.37043217,0.009207232
1779713891979736024,1779713892995724543,0.0,0.0,-0.31875467,-0.12408779,-0.011494533,0.062395196,0.317492,0.0041474095
1779713892995724543,1779713894003242567,0.0,0.0,-0.5241578,-0.3023289,-0.12048136,-0.053839687,0.15250312,0.0050349524
1779713894003242567,1779713895011596049,0.0,0.0,-0.41313347,-0.19647652,-0.05662732,-0.00085234543,0.207873,0.0032938342
1779713895011596049,1779713896021713200,0.0,0.0,-0.45220408,-0.19422795,-0.09792124,-0.027153984,0.15034518,0.00423114
1779713896021713200,1779713897029369106,0.0,0.0,-0.4340075,-0.16666332,-0.04840351,0.0146031985,0.17833522,0.004405231
1779713897029369106,1779713898047416215,0.0,0.0,-0.3793937,-0.13046838,-0.029991418,0.041590575,0.25342372,0.002605624
1779713898047416215,1779713899047509102,0.0,0.0,-0.31486315,-0.06060074,0.03090003,0.081791386,0.28392673,0.0063483557
1779713899047509102,1779713900051807608,0.0,0.0,-0.41239145,-0.17093961,-0.05444145,0.024081966,0.17527874,0.0045132977
1779713901053322522,1779713902079246316,0.0,0.0,-0.31270033,-0.07828388,0.03420502,0.1019136,0.2492613,0.0050284327
1779713902079246316,1779713903083324777,0.0,0.0,-0.34359828,-0.1436054,-0.045187302,0.01831262,0.22947021,0.0037807818
1779713903083324777,1779713904103207669,0.0,0.0,-0.37948012,-0.106871635,0.0038987724,0.060997542,0.23262765,0.008266312
1779713904103207669,1779713905107433133,0.0,0.0,-0.35554138,-0.09622578,-0.003275901,0.0636108,0.2015849,0.0046759723
1779713905107433133,1779713906131662514,0.0,0.0,-0.5639737,-0.31374305,-0.15078415,-0.08100086,0.12968351,0.0032176424
1779713906131662514,1779713907145522910,0.0,0.0,-0.30390877,-0.06808103,0.043544687,0.10891821,0.31325248,0.0065701874
1779713907145522910,1779713908153686342,0.0,0.0,-0.49332476,-0.19211602,-0.069789544,-0.009278057,0.14302622,0.0066786264
1779713978605255892,1779713979611602130,0.0,0.0,-0.28958797,-0.07190373,0.025076214,0.08136892,0.29983887,0.0034677973
1779713985765246302,1779713986767330338,0.0,0.0,-0.47514576,-0.22168808,-0.07119438,-0.011461291,0.15196271,0.0077605434
1779713986767330338,1779713987780173553,-0.5559987743601266,0.014631546693765148,-0.31552798,-0.07593144,0.019667093,0.08184933,0.24446787,0.008497233
1779713987780173553,1779713988780526160,0.0,0.0,-0.13118678,0.0071828146,0.11614584,0.18693766,0.33380628,0.006114006
1779713988780526160,1779713989816459151,0.0,0.0,-0.29441366,-0.03420488,0.06359552,0.13671063,0.2756954,0.0086450055
1779713989816459151,1779713990851272832,-1.3448690357060586,0.04202715736589813,-0.41434407,-0.17001201,-0.0115482565,0.04924153,0.19728501,0.007866644
1779713990851272832,1779713991866725464,0.0,0.0,-0.41777515,-0.17332418,-0.059872426,0.01385494,0.14895302,0.0070514274
1779713992872692594,1779713993888132627,0.0,0.0,-0.47327864,-0.24212387,-0.1055148,-0.038686704,0.16343786,0.0050617876
1779713993888132627,1779713994892504141,0.0,0.0,-0.29550582,-0.11196269,-0.0034638285,0.06813988,0.27744648,0.0012466264
1779713994892504141,1779713995921577094,0.0,0.0,-0.39899033,-0.16447729,-0.06313599,0.0005974676,0.21444225,0.0034400306
1779713995921577094,1779713996930117036,0.0,0.0,-0.33257264,-0.06437683,0.020517293,0.07985034,0.32082826,0.00470421
1779713996930117036,1779713997936105610,0.0,0.0,-0.4286177,-0.19302714,-0.104485914,-0.042156506,0.16036071,0.0066431174
1779713998940793591,1779713999967173939,0.0,0.0,-0.27997386,-0.09503028,-0.00911299,0.05347776,0.19134837,0.0026463317
1779732262084529130,1779732263090253358,0.0,0.0,-0.3859899,-0.15546417,-0.053608,0.03440004,0.1702726,0.005432941
1779732330642136207,1779732331652913027,0.0,0.0,-0.43439656,-0.22108671,-0.07609055,0.0022564363,0.19827919,0.006871531
1779732332662322585,1779732333683731042,0.0,0.0,-0.3230722,-0.0772894,0.0332097,0.10281374,0.34056327,0.002120832
1779732333683731042,1779732334694321553,0.0,0.0,-0.34066752,-0.102974825,0.0022282333,0.06840554,0.24660397,0.0060513853
1779732380667814238,1779732381684655541,0.0,0.0,-0.31238085,-0.055468053,0.037790526,0.1001493,0.27227116,0.00867845
1779732387248156616,1779732388270051436,0.0,0.0,-0.31290963,-0.04906909,0.045515288,0.10535424,0.2707146,0.0082942
1779732393440327994,1779732394458459161,0.0,0.0,-0.37457037,-0.16406006,-0.037033543,0.042393863,0.24740377,0.0046083196
1779732398800311355,1779732399816528428,0.0,0.0,-0.51973027,-0.27584282,-0.10452586,-0.051620018,0.18009883,0.006357415
1779732401846458806,1779732402870311421,0.0,0.0,-0.42760378,-0.16964175,-0.074431814,0.0042521628,0.16002241,0.0045815776
1779732402870311421,1779732403874298691,0.0,0.0,-0.42012313,-0.16084386,-0.009201729,0.057078313,0.23086986,0.005002745
1779732403874298691,1779732404882272357,0.0,0.0,-0.3850947,-0.13544418,-0.024800364,0.033714462,0.2096376,0.0019860251
1779732404882272357,1779732405895007137,0.0,0.0,-0.36283204,-0.15939203,-0.06460644,0.01820655,0.17530984,0.005555342
1779732405895007137,1779732406908458486,0.0,0.0,-0.4914394,-0.2660698,-0.110504776,-0.04722523,0.1690566,0.0063305954
1779732407924144134,1779732408936257701,0.0,0.0,-0.34547588,-0.12112912,-0.035984475,0.026219152,0.24795121,0.0041846577
1779732409937263683,1779732410938074857,0.0,0.0,-0.46344978,-0.22206223,-0.080212265,-0.01422767,0.15270121,0.007819629
1779732410938074857,1779732411952263336,0.0,0.0,-0.3536564,-0.14055547,-0.049831208,0.02748603,0.16045383,0.0040293876
1779732411952263336,1779732412957372588,0.438210682743022,0.011843531966080165,-0.49395302,-0.24388802,-0.089867555,-0.017475905,0.14047231,0.005470106
1779732412957372588,1779732413984309312,0.0,0.0,-0.38326412,-0.15158147,-0.03318719,0.020666216,0.25782853,0.0059858668
1779732413984309312,1779732414990205487,0.0,0.0,-0.113713175,0.069075145,0.15093827,0.20002246,0.34582198,0.007511321
1779732414990205487,1779732416006268217,0.0,0.0,-0.30967563,-0.10193786,0.006073912,0.054492418,0.25325003,0.005403294
1779732416006268217,1779732417018474416,0.45107917478246445,0.011870504599393053,-0.40926656,-0.1343563,-0.010368998,0.078150265,0.22806281,0.0054569715
1779732418034206689,1779732419042128305,0.0,0.0,-0.38855442,-0.12926057,-0.021477016,0.04026986,0.25902927,0.0039262623
1779732419042128305,1779732420060425742,0.0,0.0,-0.37574074,-0.13946053,0.039939027,0.103830084,0.2812188,0.0040290803
1779732420060425742,1779732421074311557,0.0,0.0,-0.4099227,-0.18079507,-0.056798846,0.0035064248,0.25011125,0.002042473
1779732421074311557,1779732422086171741,0.0,0.0,-0.381475,-0.14550698,-0.03277732,0.02777646,0.24736494,0.0017542709
1779732422086171741,1779732423100187871,0.0,0.0,-0.4205384,-0.20116225,-0.08745165,-0.025048152,0.15661111,0.006911096
1779732423100187871,1779732424108283490,0.0,0.0,-0.35010782,-0.105185166,0.053959195,0.10270529,0.3286123,0.0058641303
1779732424108283490,1779732425114609092,0.0,0.0,-0.46245044,-0.15583356,-0.016349925,0.04078302,0.22221246,0.00783015
1779732426128194238,1779732427136273865,0.0,0.0,-0.21550567,0.022378722,0.12198844,0.17183417,0.3640304,0.006017212
1779732428140209629,1779732429158229552,0.0,0.0,-0.3907016,-0.16268043,-0.06770219,0.012657766,0.2386466,0.0064597987
1779732431384294167,1779732432395196604,0.0,0.0,-0.34823382,-0.10827045,0.0061884974,0.06867257,0.2754002,0.006144134
1779732432395196604,1779732433398491458,0.0,0.0,-0.38287514,-0.19216111,-0.07750962,-0.018597335,0.14764409,0.008057302
1779732433398491458,1779732434414239075,0.0,0.0,-0.43858442,-0.16019735,-0.050445937,0.013458044,0.20247877,0.005056087
1779732434414239075,1779732435430211942,0.0,0.0,-0.2840612,-0.062630266,0.05052399,0.120182104,0.2689453,0.0059183417
1779732435430211942,1779732436438470609,0.0,0.0,-0.3261655,-0.11587023,0.002029575,0.06529536,0.23671892,0.0032248783
1779732436438470609,1779732437452496285,0.0,0.0,-0.29575616,-0.07481112,0.048965354,0.10033829,0.2981988,0.004669551
1779732437452496285,1779732438459321490,0.0,0.0,-0.3676918,-0.1453143,-0.022082275,0.059191704,0.27262253,0.0017034222
1779732440630504750,1779732441654230688,0.0,0.0,-0.44403413,-0.18099226,-0.08103599,-0.017621795,0.17010798,0.0056999703
1779732443686347832,1779732444706210173,0.0,0.0,-0.36070067,-0.14687397,-0.029869648,0.034214467,0.22280666,0.0053540575
1779732444706210173,1779732445710430639,0.0,0.0,-0.30666324,-0.11654382,-0.017609386,0.044691194,0.25753355,0.0046761003
1779732445710430639,1779732446718267924,0.0,0.0,-0.3058654,-0.06350088,0.040563576,0.10842178,0.29385093,0.00164907
1779732448741266226,1779732449756310130,0.0,0.0,-0.43350676,-0.17822137,-0.067793004,0.002137232,0.13879174,0.006271455
1779732449756310130,1779732450770218602,0.0,0.0,-0.3728987,-0.15524974,0.0074177007,0.08694929,0.26339903,0.0043634507
1779732450770218602,1779732451778498007,0.0,0.0,-0.28950816,-0.071121715,0.021613738,0.08635992,0.23618495,0.0073363017
1779732451778498007,1779732452798365665,0.0,0.0,-0.29294342,-0.11016732,-0.016213296,0.04477676,0.17526908,0.0032415004
1779732452798365665,1779732453806449167,0.0,0.0,-0.46886405,-0.17529105,-0.05678947,0.0151585825,0.16317117,0.0087231845
1779732453806449167,1779732454811242961,0.0,0.0,-0.42284766,-0.16225365,-0.062486827,-0.003129077,0.16648524,0.007822419
1779732454811242961,1779732455816386183,0.0,0.0,-0.41909534,-0.1790741,-0.08995065,-0.015305547,0.15172575,0.0068435553
1779732456832328319,1779732457840259278,0.0,0.0,-0.3847298,-0.14356802,-0.029863233,0.039161794,0.25160497,0.0063431407
1779732457840259278,1779732458841501050,0.0,0.0,-0.35876107,-0.12278256,0.006380157,0.061057076,0.20999022,0.008187854
1779732458841501050,1779732459848251306,0.0,0.0,-0.35238177,-0.09739515,0.007302509,0.06905727,0.24535576,0.009841868
1779732459848251306,1779732460863299665,0.0,0.0,-0.31379437,-0.078859545,0.015656231,0.09029086,0.28918198,0.005534301
1779732460863299665,1779732461876373226,0.0,0.0,-0.32212302,-0.03758865,0.054127693,0.122947015,0.2568768,0.00622373
1779732462880375259,1779732463884164013,0.0,0.0,-0.35237753,-0.09362303,0.009052595,0.085683435,0.2747048,0.004845215
1779732464907350651,1779732465932400548,0.0,0.0,-0.5283332,-0.20612477,-0.08126479,-0.020058649,0.1455803,0.002135672
1779732465932400548,1779732466948532975,0.0,0.0,-0.41224104,-0.14513741,-0.0012318395,0.062549345,0.2150994,0.008379389
1779732466948532975,1779732467958542077,0.012886930077210838,0.00034829540765015835,-0.3780808,-0.12256134,-0.015682125,0.04172294,0.2838062,0.0072154757
1779732467958542077,1779732468964311242,0.06443440126958226,0.001741470304418081,-0.293457,-0.08200019,0.03771793,0.110855296,0.26936072,0.007579538
1779732468964311242,1779732469980339358,0.0,0.0,-0.25909802,-0.0495973,0.053502068,0.11973688,0.26493642,0.0042773057
1779732470996194609,1779732472008306921,0.0,0.0,-0.39149505,-0.14995578,-0.033840805,0.026893275,0.21987092,0.0016902443
1779732472008306921,1779732473016233614,0.0,0.0,-0.37246343,-0.1641285,-0.057576895,-0.0096050175,0.16897994,0.0047544036
1779732473016233614,1779732474032191033,0.0,0.0,-0.32213193,-0.06948176,0.02843642,0.08754431,0.2452144,0.0073265247
1779732474032191033,1779732475042202761,0.0,0.0,-0.36478922,-0.14107728,-0.040440172,0.021039272,0.29045144,0.008553325
1779732475042202761,1779732476061277761,0.0,0.0,-0.33467194,-0.097787894,0.03320289,0.095412605,0.2667431,0.0042923135
1779732478096814042,1779732479106161565,0.0,0.0,-0.35304487,-0.108633175,0.0038737184,0.07703399,0.22226956,0.0068906294
1779732481389229915,1779732482417164519,0.0,0.0,-0.24959974,-0.035924643,0.050816543,0.1161136,0.26864207,0.008396461
1779732482417164519,1779732483419486936,0.0,0.0,-0.17138486,0.021141866,0.11543919,0.19304585,0.324809,0.0074848067
1779732483419486936,1779732484425549638,0.0,0.0,-0.22069281,-0.004226339,0.07920446,0.14209503,0.3152326,0.0065757027
1779732484425549638,1779732485430420876,0.0,0.0,-0.42653775,-0.13394015,-0.020057248,0.0642127,0.21539113,0.0044995756
1779732485430420876,1779732486450320759,0.0,0.0,-0.34760723,-0.15192406,-0.033136033,0.034671083,0.26708743,0.002055893
1779732486450320759,1779732487458262136,0.0,0.0,-0.2811808,-0.05822461,0.0521761,0.120718665,0.36566728,0.0030619216
1779732487458262136,1779732488482182751,0.0,0.0,-0.4505337,-0.23847486,-0.04921895,0.019728655,0.245008,0.005586986
1779732489503200756,1779732490522185575,0.0,0.0,-0.3280081,-0.087973654,0.029147938,0.09487115,0.23679915,0.011749786
1779732490522185575,1779732491536182309,0.0,0.0,-0.3161968,-0.053217236,0.025892705,0.11084391,0.2559366,0.008900582
1779732491536182309,1779732492542553643,0.0,0.0,-0.38643277,-0.1564627,-0.03744166,0.046529457,0.199118,0.002480263
1779732492542553643,1779732493557112526,0.0,0.0,-0.39434457,-0.16468929,-0.045777887,0.018143402,0.16294299,0.007554771
1779732496808212868,1779732497817269328,0.0,0.0,-0.4585132,-0.2162115,-0.061385997,0.024736214,0.20192198,0.0045828274
1779732497817269328,1779732498887473482,0.837609437383588,0.02991462276367786,-0.3430266,-0.11631852,-0.020364659,0.04034894,0.21605784,0.0044471896
1779732498887473482,1779732499898887576,0.5798423603536204,0.021475642975877497,-0.4200248,-0.1670947,-0.013457858,0.051535476,0.18311888,0.0063209035
1779732499898887576,1779732500923474861,0.0,0.0,-0.30479982,-0.07831309,0.024200471,0.11241181,0.29258376,0.002547141
1779732500923474861,1779732501931385719,0.0,0.0,-0.33238164,-0.11460801,0.02181585,0.08954295,0.26779315,0.007937715
1779732503935348143,1779732504972183888,0.0,0.0,-0.4532894,-0.2048647,-0.08076947,-0.008845982,0.13593863,0.0024760943
1779732504972183888,1779732505989480205,0.0,0.0,-0.43332112,-0.20039599,-0.040456712,0.042316113,0.21738449,0.0056905486
1779732505989480205,1779732507014532070,0.0,0.0,-0.39184037,-0.14264108,-0.033344906,0.04210803,0.17225803,0.0068529104
1779732507014532070,1779732508084665334,0.0,0.0,-0.3384019,-0.11432302,-0.043516226,0.024453552,0.19096261,0.0068608937
1779732509085131738,1779732510109224275,0.0,0.0,-0.34329158,-0.13649128,-0.028816056,0.037321664,0.22151193,0.0046246005
1779732510109224275,1779732511162494914,-0.37367233579335596,0.015569680657338363,-0.3123316,-0.040715184,0.059579596,0.13917057,0.27513632,0.008879451
1779732511162494914,1779732512180398190,0.0,0.0,-0.16213839,0.027305543,0.11637724,0.20005661,0.32827836,0.006399604
1779732513208200699,1779732514253922004,0.0,0.0,-0.32687712,-0.057318445,0.033023406,0.10609053,0.29958558,0.003495367
1779732514253922004,1779732515273437970,0.0,0.0,-0.50508934,-0.22795977,-0.09852556,-0.016222883,0.16833176,0.006200586
1779732517413711784,1779732518446031214,0.0,0.0,-0.2729779,-0.041327324,0.058612477,0.13285509,0.26742312,0.009624023
1779732518446031214,1779732519483689307,0.0,0.0,-0.51568097,-0.24430305,-0.09234603,-0.016982244,0.1568911,0.006224912
1779732519483689307,1779732520507318001,0.0,0.0,-0.47182232,-0.18414429,-0.06151327,0.013750013,0.14913465,0.0076581626
1779732520507318001,1779732521516800767,0.0,0.0,-0.49536592,-0.20127465,-0.07149708,0.0048993183,0.18625998,0.006348576
1779732521516800767,1779732522578824636,0.0,0.0,-0.36313498,-0.12863857,-0.03616347,0.025604142,0.19950226,0.0064657927
1779732522578824636,1779732523580350442,0.0,0.0,-0.36615446,-0.0984636,-0.012481829,0.07241533,0.22186701,0.008504775
1779732524587493694,1779732525598463791,0.0,0.0,-0.33299005,-0.124988236,-0.0023889607,0.056142196,0.286815,0.0056530614
1779732526604278068,1779732527609141514,0.0,0.0,-0.37750012,-0.13589367,-0.005413273,0.052682918,0.310773,0.004709994
1779732527609141514,1779732528628120185,0.0,0.0,-0.35146528,-0.11251662,-0.036985748,0.04183407,0.21391422,0.0068049333
1779732530882124571,1779732531888342010,0.0,0.0,-0.31351963,-0.11498616,-0.020806322,0.05701255,0.19630651,0.0032865219
1779732531888342010,1779732532916251619,0.0,0.0,-0.24591373,-0.031115275,0.081877604,0.13757992,0.3547655,0.0060539125
1779732532916251619,1779732533920238356,0.0,0.0,-0.41683868,-0.17901646,-0.08105811,0.008119653,0.17638475,0.0069282614
1779732533920238356,1779732534940628983,0.0,0.0,-0.37409517,-0.16493262,-0.0691276,-0.0021617494,0.17047182,0.005923906
1779732534940628983,1779732535952204772,0.0,0.0,-0.49062365,-0.21001117,-0.09907577,-0.03872221,0.16659492,0.0039797607
1779732535952204772,1779732536964202893,0.0,0.0,-0.4165933,-0.19965807,-0.08008019,0.005895409,0.15029395,0.0038704732
1779732536964202893,1779732537984184339,0.0,0.0,-0.37213847,-0.13511166,-0.010251613,0.045661762,0.28811538,0.0038716465
1779732537984184339,1779732538994380417,0.0,0.0,-0.27229947,-0.033179328,0.051770736,0.1290855,0.30159402,0.009287743
1779732538994380417,1779732540006398384,0.0,0.0,-0.39715925,-0.14511232,-0.022751218,0.04361714,0.2295231,0.0051555457
1779732540006398384,1779732541006951135,0.0,0.0,-0.44811368,-0.21888195,-0.1227785,-0.06123292,0.12100865,0.005977022
1779732541006951135,1779732542020714023,0.0,0.0,-0.35706306,-0.10844686,-0.009945111,0.057827804,0.20191142,0.007129778
1779732542020714023,1779732543026306929,0.0,0.0,-0.44530293,-0.23961048,-0.11736861,-0.045634422,0.1368896,0.006151968
1779732543026306929,1779732544040195708,0.0,0.0,-0.4154381,-0.14407472,-0.046494957,0.011825716,0.19524729,0.0044791074
1779732544040195708,1779732545056276344,0.0,0.0,-0.3340005,-0.09472962,0.027336406,0.088114575,0.26761678,0.0071653123
1779732545056276344,1779732546070341398,0.0,0.0,-0.51681644,-0.28736106,-0.10967702,-0.053732336,0.17603865,0.0058003943
1779732547076276107,1779732548094280419,0.0,0.0,-0.46743593,-0.18179615,-0.016703712,0.04200436,0.21928513,0.004921804
1779732548094280419,1779732549104156308,0.0,0.0,-0.35447177,-0.07562901,-0.0022785042,0.062228963,0.23443937,0.0076211933
1779732549104156308,1779732550126300369,0.0,0.0,-0.3614398,-0.105818346,0.0036632332,0.06157819,0.22229703,0.006128571
1779732550126300369,1779732551134193404,0.0,0.0,-0.399157,-0.174892,-0.06898581,-0.014654612,0.1717772,0.003097865
1779732551134193404,1779732552148282699,0.0,0.0,-0.2693836,0.025566071,0.13964252,0.19739622,0.43165818,0.0029094447
1779732557626372249,1779732558636161781,0.0,0.0,-0.3395491,-0.11703379,-0.01091806,0.06937942,0.2550559,0.0049140025
1779732558636161781,1779732559636313689,0.0,0.0,-0.33139905,-0.061734416,0.027198236,0.111363836,0.28114727,0.00761834
1779732559636313689,1779732560640280289,0.0,0.0,-0.52051073,-0.24300936,-0.1084058,-0.04622746,0.18649374,0.0061895647
1779732561648572537,1779732562649905566,0.0,0.0,-0.35233226,-0.17001759,-0.039256483,0.02188042,0.21156621,0.0015535065
1779732562649905566,1779732563672174416,0.0,0.0,-0.30775502,-0.071987525,0.0048856484,0.09704827,0.24475676,0.0057636057
1779732565676474169,1779732566687380759,0.0,0.0,-0.4137738,-0.18912153,-0.084440984,-0.027761389,0.21097302,0.005566639
1779732566687380759,1779732567714204707,0.0,0.0,-0.39638898,-0.13228185,-0.035455078,0.045679867,0.20687565,0.0063835275
1779732567714204707,1779732568741307653,0.0,0.0,-0.2099139,-0.031507157,0.04724163,0.11390986,0.2670405,0.0062614684
1779732573019370712,1779732574034311859,0.0,0.0,-0.3835955,-0.13072464,-0.041836426,0.03360655,0.21732019,0.0031270012
1779732574034311859,1779732575065142040,0.0,0.0,-0.3123515,-0.085266225,-0.005280632,0.075205944,0.21643491,0.0068886806
1779732575065142040,1779732576075105970,0.0,0.0,-0.3408694,-0.10878245,-0.01287245,0.059493423,0.25440088,0.0044382694
1779732576075105970,1779732577090888060,0.0,0.0,-0.32287887,-0.06574339,0.025637547,0.10452601,0.2861867,0.007712699
1779732577090888060,1779732578101541152,0.0,0.0,-0.36215603,-0.1843621,-0.030825196,0.035865832,0.22935008,0.00196148
1779732578101541152,1779732579112312807,0.0,0.0,-0.36693025,-0.1463431,0.003434319,0.07014569,0.24501176,0.0064928406
1779733003464480264,1779733004466110010,0.0,0.0,-0.2215947,-0.033515293,0.064792156,0.14018248,0.2567982,0.006732651
1779733005485102609,1779733006504135714,0.0,0.0,-0.5319034,-0.25384918,-0.10338873,-0.038032785,0.11431138,0.005011115
1779733014493831442,1779733015498944405,0.0,0.0,-0.37420008,-0.11135605,-0.009539303,0.089365356,0.22496471,0.0064202924
1779733015498944405,1779733016528370462,0.0,0.0,-0.35179415,-0.09023965,0.018449087,0.10086477,0.2743237,0.0034178805
1779733016528370462,1779733017601582269,0.0,0.0,-0.32386985,-0.057682544,0.031467825,0.09582119,0.30265686,0.004991995
1779733017601582269,1779733018603599717,0.0,0.0,-0.32637733,-0.037184473,0.049471587,0.11775235,0.32386133,0.005186972
1779733018603599717,1779733019612192380,0.0,0.0,-0.37168238,-0.10607038,-0.00919753,0.08617371,0.22593546,0.006737484
1779733019612192380,1779733020620010723,0.0,0.0,-0.41389105,-0.20601112,-0.07862718,-0.009192305,0.13408002,0.00440244
1779733022631995393,1779733023653877609,0.0,0.0,-0.4729284,-0.2135123,-0.078348085,-0.0054388866,0.20687449,0.0056872373
1779733023653877609,1779733024676968831,0.0,0.0,-0.4480137,-0.13303363,-0.01747735,0.056494467,0.20963737,0.0059412634
1779733025694238859,1779733026707888831,0.0,0.0,-0.48733786,-0.24940018,-0.08211382,-0.005995111,0.2246048,0.0038836128
1779733026707888831,1779733027718272265,0.5283089861411837,0.013902868056335723,-0.47851297,-0.20143633,-0.092276275,-0.028145736,0.13745992,0.0075078374
1779733027718272265,1779733028726098378,0.0,0.0,-0.42292443,-0.20140542,-0.08269174,0.0003859792,0.15149033,0.0048320093
1779733028726098378,1779733029736081030,0.0,0.0,-0.42283392,-0.16938598,-0.047783133,0.01788148,0.20251483,0.0016535423
1779733029736081030,1779733030746233422,0.0,0.0,-0.43517625,-0.18073127,-0.085863456,-0.018636735,0.16735443,0.0047801393
1779733030746233422,1779733031756082433,0.0,0.0,-0.3276571,-0.100476034,0.0039283754,0.06681499,0.27837643,0.0045778262
1779733031756082433,1779733032778039672,0.0,0.0,-0.30897388,-0.09672621,-0.003917948,0.06603069,0.24947102,0.008340984
1779733033778073724,1779733034784233962,0.0,0.0,-0.24604204,-0.008333824,0.106845856,0.16204531,0.36504802,0.007191369
1779733034784233962,1779733035800387025,0.0,0.0,-0.40149796,-0.13901232,-0.0057482114,0.05051755,0.26770705,0.0069037047
1779733035800387025,1779733036808090476,0.0,0.0,-0.40238035,-0.14374635,-0.047153845,0.014285989,0.23213786,0.0027106837
1779733036808090476,1779733037828122629,1.1724885244843473,0.030854961170851722,-0.3868205,-0.11951881,-0.010484283,0.055136144,0.21108429,0.00745555
1779733039857750240,1779733040872002388,0.0,0.0,-0.3806227,-0.18305056,-0.07905237,-0.023420908,0.19120578,0.004530922
1779733040872002388,1779733041884365817,0.0,0.0,-0.20077571,0.02375909,0.10331118,0.16966806,0.4281224,0.0076331743
1779733041884365817,1779733042892042064,0.0,0.0,-0.3426354,-0.14804655,-0.018784795,0.03977494,0.22024153,0.005397266
1779733042892042064,1779733043921971524,0.0,0.0,-0.27582163,-0.048536383,0.0305043,0.093180455,0.25763473,0.006104158
1779733043921971524,1779733044923920143,0.0,0.0,-0.36573383,-0.11773474,-0.00611021,0.066499695,0.22230726,0.008490455
1779733045932218877,1779733046940082620,0.0,0.0,-0.32212165,-0.10470562,0.0030785026,0.070316054,0.28906357,0.0059407447
1779733046940082620,1779733047946244475,0.0,0.0,-0.2734711,-0.033660088,0.063155584,0.13282196,0.3848967,0.006838424
1779733048957079759,1779733049985903575,0.0,0.0,-0.37310067,-0.17604503,-0.07085256,-0.017127506,0.18159515,0.004775615
1779733049985903575,1779733050987283540,0.0,0.0,-0.30880395,-0.0527857,0.029565526,0.07837265,0.27875698,0.0061782394
1779733050987283540,1779733052004245504,0.0,0.0,-0.3974863,-0.13471499,-0.053189524,0.017293436,0.21640877,0.004255017
1779733052004245504,1779733053020013332,0.0,0.0,-0.36156443,-0.16310889,0.003865997,0.05555362,0.23522136,0.0057404563
1779733053020013332,1779733054034238760,0.0,0.0,-0.37324056,-0.13798817,-0.016611919,0.05387321,0.1879676,0.0043319785
1779733055038022035,1779733056054065001,0.0,0.0,-0.3312077,-0.1230878,0.0040236455,0.058677446,0.25337422,0.0030374052
1779733056054065001,1779733057079986582,0.0,0.0,-0.3763204,-0.15101112,-0.036544852,0.034880847,0.24958666,0.004927984
1779733074629007819,1779733075652143918,0.0,0.0,-0.36456844,-0.15389079,0.0033384657,0.071212254,0.26526597,0.0073988726
1779733121106202477,1779733122123669660,0.0,0.0,-0.39121395,-0.16881183,-0.04024063,0.04419063,0.22672296,0.0029448539
1779733122123669660,1779733123142038853,0.0,0.0,-0.36743084,-0.17616369,-0.028730046,0.055752322,0.25006837,0.0024668674
1779733123142038853,1779733124156374443,0.0,0.0,-0.38557017,-0.14115077,-0.034735516,0.040942907,0.18031947,0.008033856
1779733127901727463,1779733128912174635,0.0,0.0,-0.32307598,-0.054666582,0.05305777,0.111868955,0.29593182,0.010095596
1779733130920988071,1779733131936182208,0.0,0.0,-0.1796819,-0.053753644,0.06147415,0.13719396,0.30141604,0.0055407505
1779733137414106936,1779733138430339023,0.0,0.0,-0.35065493,-0.08685129,0.005691945,0.084936276,0.28065637,0.008150885
1779733138430339023,1779733139450097820,0.0,0.0,-0.40005413,-0.1969141,-0.055619586,0.020782365,0.1848447,0.003491563
1779733139450097820,1779733140459010416,0.0,0.0,-0.33610258,-0.13278142,-0.0062057367,0.05457239,0.29810497,0.006811929
1779733140459010416,1779733141476034722,0.0,0.0,-0.26996237,-0.059319865,0.07272356,0.12237253,0.33388996,0.008430336
1779733141476034722,1779733142476236332,0.0,0.0,-0.29568237,-0.055623274,0.05370805,0.1213923,0.3558826,0.0027484847
1779733142476236332,1779733143486071277,0.0,0.0,-0.31080946,-0.0704591,0.04319552,0.11064003,0.3604069,0.0024579205
1779733143486071277,1779733144491970500,0.0,0.0,-0.48937076,-0.20381318,-0.036752284,0.021711925,0.2550368,0.0065075248
1779733146518179856,1779733147529127883,0.0,0.0,-0.33587807,-0.09407567,-0.018023964,0.049653824,0.22115456,0.0057931053
1779733147529127883,1779733148537336284,0.9275368299953203,0.02612274123335744,-0.27208698,-0.09061082,-0.0014381493,0.07635516,0.25136054,0.0057834764
1779733151637347361,1779733152655393899,0.0,0.0,-0.42992914,-0.17511727,-0.083251625,-0.021758113,0.1671889,0.00504084
1779733152655393899,1779733153659720662,-0.953302970068427,0.025086920264658523,-0.3475626,-0.11998914,0.015981372,0.08208475,0.22754969,0.0069605825
1779733153659720662,1779733154677916017,-0.4895692757586944,0.013599146549106125,-0.3788335,-0.16369805,-0.06339413,-0.0038868987,0.18494865,0.008566324
1779733154677916017,1779733155679317850,0.0,0.0,-0.33762583,-0.13525027,-0.023901971,0.04079781,0.26548725,0.002593161
1779733155679317850,1779733156684080434,0.0,0.0,-0.3927741,-0.12887105,-0.01715291,0.042764656,0.28167164,0.0071592615
1779733156684080434,1779733157701056925,0.0,0.0,-0.3104392,-0.038360536,0.059055705,0.12002833,0.28301033,0.009081397
1779733158765811578,1779733159767714939,-0.4252577320212947,0.009244733305064054,-0.38827017,-0.15457995,0.00062989304,0.06357875,0.20815326,0.008384185
1779733159767714939,1779733160786142115,0.0,0.0,-0.515113,-0.25448948,-0.09790985,-0.019140752,0.16758513,0.003608157
1779733161786994387,1779733162806079384,-0.3221786493777499,0.008478385509915287,-0.4837172,-0.28489995,-0.14984159,-0.08226414,0.08597403,0.006615789
1779733162806079384,1779733163814085505,0.0,0.0,-0.377104,-0.14707361,-0.025972998,0.044417933,0.26767832,0.0073975353
1779733163814085505,1779733164825057114,0.0,0.0,-0.43055212,-0.21403694,-0.06953401,-0.010118272,0.17358884,0.0058497344
1779733164825057114,1779733165838081980,0.0,0.0,-0.3805441,-0.15378098,-0.029793996,0.03627612,0.22192208,0.0076675816
1779733165838081980,1779733166859973453,0.0,0.0,-0.41476128,-0.18489783,-0.039913297,0.027070424,0.24409173,0.0012134784
1779733166859973453,1779733167866559086,0.0,0.0,-0.35895112,-0.099363215,-0.00019854157,0.06693401,0.24868365,0.002859419
1779733169952202794,1779733170974338760,0.0,0.0,-0.40791115,-0.16257861,-0.047706176,0.02851226,0.17916736,0.0045752088
1779733171988010861,1779733172988016003,-0.43817962149491546,0.011842692472800469,-0.38776624,-0.18101989,-0.08433919,-6.8676585e-05,0.17548686,0.0072584352
1779733172988016003,1779733173994079778,0.0,0.0,-0.37800866,-0.15449946,-0.051285382,0.012207566,0.19233297,0.0044023325
1779733173994079778,1779733175002189725,0.0,0.0,-0.469603,-0.2245575,-0.082130685,-0.013504046,0.15787077,0.0028100754
1779733175002189725,1779733176016118244,0.0,0.0,-0.5375384,-0.29365936,-0.13186002,-0.05856265,0.15290543,0.0027806042
1779733176016118244,1779733177023972143,0.0,0.0,-0.33417952,-0.12044357,0.006263099,0.062319472,0.23357774,0.0067867027
1779733178042112808,1779733179061878449,0.0,0.0,-0.49975634,-0.24960038,-0.11940145,-0.058254633,0.16373631,0.0060456246
1779733179061878449,1779733180070942085,0.0,0.0,-0.3030936,-0.054097507,0.029773165,0.09135945,0.33227304,0.0040874984
1779733180070942085,1779733181082876359,0.0,0.0,-0.3951511,-0.16631827,-0.062747814,-0.0057126367,0.1676546,0.0072436263
1779733181082876359,1779733182084083152,0.0,0.0,-0.38951194,-0.1462843,-0.07241575,-0.0064470144,0.17755602,0.008508688
1779733182084083152,1779733183110282683,0.0,0.0,-0.36788642,-0.13295056,-0.016237557,0.05675161,0.2569125,0.0010880193
1779733183110282683,1779733184124123817,0.0,0.0,-0.1700269,0.01812433,0.11536471,0.19555357,0.31334266,0.00680073
1779733184124123817,1779733185130158473,0.0,0.0,-0.35128874,-0.12944241,-0.008312269,0.05326956,0.28312594,0.0031549826
1779733185130158473,1779733186156144242,0.0,0.0,-0.27378651,-0.063363455,0.04113389,0.092238836,0.27146205,0.006152102
1779733187170092032,1779733188178075541,0.0,0.0,-0.3306833,-0.15316622,-0.04551319,0.012759171,0.20244826,0.0044091726
1779733188178075541,1779733189180173817,0.0,0.0,-0.29325968,-0.05423782,0.074892186,0.13625714,0.28201628,0.0067805788
1779733189180173817,1779733190204152354,0.0,0.0,-0.27149242,-0.04342413,0.081455864,0.16300781,0.28763658,0.006395041
1779733190204152354,1779733191212217559,0.0,0.0,-0.4698096,-0.2589917,-0.11710855,-0.06589061,0.097523175,0.0069142943
1779733191212217559,1779733192232246048,0.0,0.0,-0.2782315,-0.022217527,0.086395465,0.16018794,0.29255044,0.0053778733
1779733192232246048,1779733193244187327,0.0,0.0,-0.3238901,-0.1154421,-0.016054224,0.050602347,0.2163124,0.004774311
1779733193244187327,1779733194258108224,0.0,0.0,-0.36842716,-0.14587103,-0.026032483,0.03576044,0.2510144,0.0019577846
1779733194258108224,1779733195270177305,0.0,0.0,-0.38827616,-0.14022961,-0.012487334,0.051878393,0.27082857,0.002676165
1779733196291131268,1779733197318176338,-0.09021583494165046,0.0023741009195981334,-0.33838046,-0.10275108,-0.034920596,0.03716903,0.20804577,0.007823466
1779733197318176338,1779733198334289302,-0.16754585279386935,0.004409101389020526,-0.50520307,-0.24160154,-0.069598116,-0.0072087552,0.2533614,0.007974662
1779733198334289302,1779733199338137115,0.0,0.0,-0.3184667,-0.04193067,0.06554963,0.13000426,0.28344133,0.0035568078
1779733199338137115,1779733200367114848,-0.5155433086525644,0.013566929175411996,-0.33670464,-0.10422887,0.035042062,0.08532221,0.3025882,0.0032976486
1779733200367114848,1779733201380170131,-0.18044643738058339,0.004748590456989183,-0.3197472,-0.09916488,-0.020405576,0.036793854,0.25775203,0.0040221536
1779733201380170131,1779733202405975926,0.0,0.0,-0.24997288,-0.09464935,0.022930047,0.07795324,0.24136166,0.0069897813
1779733202405975926,1779733203408360239,0.0,0.0,-0.33687162,-0.061642576,0.032970384,0.09565862,0.31451628,0.0068450877
1779733204412137620,1779733205414062584,0.0,0.0,-0.3167698,-0.110341065,-0.013669416,0.048436213,0.2520402,0.0056550866
1779733206436791501,1779733207462025118,0.0,0.0,-0.49977368,-0.19818032,-0.06973323,0.0039110193,0.14030075,0.0074300547
1779733208471080898,1779733209486096067,0.5283811562481846,0.013904767269753836,-0.32296845,-0.12758712,-0.03632898,0.024464447,0.26673198,0.0050989143
1779733211650156901,1779733212677960188,0.0,0.0,-0.43053398,-0.18930203,-0.053111352,0.00089480175,0.20206359,0.0041664313
1779733215704119247,1779733216710321765,0.0,0.0,-0.2923494,-0.06473799,0.037606683,0.09806704,0.31676865,0.004977947
1779733216710321765,1779733217712171898,0.0,0.0,-0.38871422,-0.15594399,-0.0866241,-0.014220672,0.1629569,0.0064016967
1779733218749001835,1779733219756705686,0.0,0.0,-0.39957482,-0.15389843,-0.039846834,0.021657292,0.20795031,0.0072202343
1779733219756705686,1779733220786803786,0.0,0.0,-0.36168736,-0.14586309,-0.04721898,0.029660026,0.26413247,0.0034330792
1779733220786803786,1779733221788391030,0.0,0.0,-0.38637456,-0.16937287,-0.076856606,-0.016907923,0.21702145,0.0032987983
1779733221788391030,1779733222799208289,0.0,0.0,-0.28855643,-0.06106811,0.05018322,0.11145995,0.2719839,0.002826753
1779733222799208289,1779733223813834576,0.0,0.0,-0.3080699,-0.08492,0.024465006,0.079445206,0.25167474,0.009887914
1779733223813834576,1779733224820137789,0.0,0.0,-0.25970978,-0.03144359,0.05216768,0.11980171,0.40772504,0.005526392
1779733225820907675,1779733226827031090,0.0,0.0,-0.40755975,-0.17404766,-0.020467814,0.041628182,0.18574706,0.007549565
1779733226827031090,1779733227834764997,0.0,0.0,-0.39249268,-0.14231123,-0.030112699,0.03490128,0.26011726,0.008242705
1779733227834764997,1779733228840080071,0.0,0.0,-0.39484107,-0.1565562,-0.049433377,0.034973502,0.21140891,0.0055760746
1779733230873323788,1779733231882043803,0.0,0.0,-0.32383394,-0.0651856,0.014681859,0.082027785,0.31170627,0.0023715692
1779733231882043803,1779733232890901055,0.0,0.0,-0.4060158,-0.18077998,-0.061785575,0.018178487,0.170423,0.003898577
1779733232890901055,1779733233916976704,0.0,0.0,-0.33543977,-0.07543064,-0.00030053002,0.07130738,0.2606524,0.007907552
1779733233916976704,1779733234935505481,0.0,0.0,-0.42719388,-0.15614517,-0.04191161,0.0379168,0.18500623,0.008260201
1779733234935505481,1779733235945028414,0.0,0.0,-0.3817791,-0.16751148,-0.053338796,-0.0022709696,0.19456655,0.0029233107
1779733235945028414,1779733236962021012,0.0,0.0,-0.52869374,-0.27303872,-0.10158522,-0.03213691,0.17660075,0.004153699
1779733236962021012,1779733237987945094,0.0,0.0,-0.34988064,-0.13616131,-0.036188032,0.035774622,0.20880294,0.004622083
1779733237987945094,1779733239010035276,-0.05154715566097697,0.001356504096418719,-0.4267436,-0.17494147,-0.051539302,0.012452296,0.19677885,0.0075666807
1779733239010035276,1779733240026094864,0.0,0.0,-0.16330834,-0.012700258,0.10728244,0.17943437,0.3076208,0.0039415364
1779733242234193631,1779733243244100927,0.0,0.0,-0.39395478,-0.18368572,-0.080492735,-0.011797886,0.18536529,0.0047080615
1779733243244100927,1779733244262194048,0.0,0.0,-0.39835364,-0.14606442,-0.027041638,0.042295117,0.23329659,0.0074645914
1779733246464315112,1779733247470138557,0.0,0.0,-0.3528967,-0.14254886,-0.020328643,0.049875483,0.21910368,0.005497156
1779733247470138557,1779733248482025358,0.0,0.0,-0.3071918,-0.10367075,0.02507339,0.093902074,0.27437064,0.005041261
1779733248482025358,1779733249497931220,0.0,0.0,-0.31981936,-0.123647176,-0.0043492294,0.055838354,0.20914416,0.009185284
1779733250505187592,1779733251518971139,0.0,0.0,-0.36936396,-0.106332205,-0.0035186484,0.06873161,0.24771641,0.0060341754
1779733253647692848,1779733254670332319,0.0,0.0,-0.353093,-0.11107304,0.009700848,0.071353294,0.23312463,0.004498355
1779733255678793986,1779733256682221540,0.0,0.0,-0.3502538,-0.14560463,-0.020348843,0.059618227,0.27603796,0.0054924
1779733257705019265,1779733258712129171,0.0,0.0,-0.40904495,-0.17534499,-0.059032794,0.02916086,0.20467064,0.0056432886
1779733258712129171,1779733259741338571,0.0,0.0,-0.40010965,-0.147729,-0.04036681,0.025658961,0.20580511,0.005054128
1779733259741338571,1779733260766203552,0.0,0.0,-0.4562658,-0.17531548,-0.05458902,0.024298493,0.16339853,0.007898041
1779733261769474687,1779733262868415389,0.0,0.0,-0.25652477,-0.0072904252,0.09323681,0.14992845,0.3633281,0.009088748
1779733262868415389,1779733263868531158,0.0,0.0,-0.41762874,-0.17876056,-0.023557747,0.04334631,0.19010551,0.007371906
1779733263868531158,1779733264914615650,0.0,0.0,-0.36522546,-0.093111634,0.004311625,0.08425978,0.26958054,0.006395983
1779733264914615650,1779733265979846855,0.0,0.0,-0.33663625,-0.104104206,-0.008178205,0.067744665,0.27154994,0.0035997336
1779733265979846855,1779733267013435477,0.0,0.0,-0.3547737,-0.13879456,-0.04129163,0.020560192,0.20184349,0.005220891
1779733267013435477,1779733268039883413,0.0,0.0,-0.38683704,-0.15342811,-0.03325778,0.03282745,0.23406501,0.0068740835
1779733268039883413,1779733269040146450,0.0,0.0,-0.35473686,-0.09136962,-0.0044408604,0.079850405,0.23539494,0.008183235
1779733269040146450,1779733270052435332,0.0,0.0,-0.36310688,-0.14719135,-0.05507722,0.010410381,0.19677654,0.0067807618
1779733270052435332,1779733271062147307,0.0,0.0,-0.4094035,-0.19274119,-0.057374526,0.0076747946,0.2656026,0.006250343
1779733273306132171,1779733274326119908,0.0,0.0,-0.37723953,-0.10406245,0.0066930745,0.06639061,0.24081524,0.005870214
1779733274326119908,1779733275338031910,0.0,0.0,-0.47323656,-0.1809495,-0.076122254,-0.011205107,0.16548453,0.0031869686
1779733275338031910,1779733276338348454,0.0,0.0,-0.3489355,-0.09099372,0.025447287,0.09202802,0.2630742,0.007738889
1779733278358099644,1779733279366987651,0.0,0.0,-0.32575488,-0.12225981,-0.015968682,0.044776853,0.27014038,0.0067392834
1779733280372732358,1779733281388021047,0.0,0.0,-0.4092034,-0.14827475,-0.041722376,0.015112534,0.19139352,0.006265486
1779733281388021047,1779733282392182126,0.0,0.0,-0.3012929,-0.07025845,0.011266412,0.07634266,0.30696234,0.0029765866
1779733283408672908,1779733284426088093,0.0,0.0,-0.28423882,-0.026854036,0.07229832,0.13352816,0.3205895,0.0075440626
1779733284426088093,1779733285440444114,0.0,0.0,-0.326115,-0.1436053,-0.06150422,-0.004806031,0.17394173,0.0049656266
1779733285440444114,1779733286446248311,0.0,0.0,-0.30961484,-0.08185971,0.03919928,0.10296901,0.29021484,0.012666658
1779733286446248311,1779733287456042185,0.0,0.0,-0.22149678,-0.053792614,0.054594103,0.13319027,0.2476736,0.0025796646
1779733287456042185,1779733288479993333,0.0,0.0,-0.2992487,-0.10428757,0.007944789,0.07516678,0.27343646,0.0019040492
1779733288479993333,1779733289500092084,0.0,0.0,-0.3406614,-0.1428316,-0.0064104833,0.060301375,0.27894536,0.001286797
1779733290513340683,1779733291515361280,0.0,0.0,-0.4030213,-0.14976369,-0.047651563,0.0355706,0.21745895,0.0067478227
1779733291515361280,1779733292529924804,0.0,0.0,-0.32605967,-0.13422698,-0.03498582,0.04257099,0.20727283,0.004259218
1779733292529924804,1779733293550050946,0.0,0.0,-0.43044472,-0.17967208,-0.07341865,0.0023601044,0.16461171,0.0036948482
1779733293550050946,1779733294576782674,0.0,0.0,-0.29609817,-0.079817355,-0.0045637735,0.064287744,0.23889446,0.004438398
1779733298652918567,1779733299672145814,0.0,0.0,-0.48730472,-0.22483444,-0.11092304,-0.04542424,0.18266395,0.0055796923
1779733299672145814,1779733300695372825,0.0,0.0,-0.35904628,-0.14229351,-0.037185732,0.03725847,0.25923672,0.0018360666
1779733300695372825,1779733301709957066,0.0,0.0,-0.3421447,-0.09090473,0.024893606,0.09205989,0.24088554,0.011327161
1779733301709957066,1779733302725060214,0.0,0.0,-0.33669358,-0.088522434,-0.011734901,0.06433727,0.24560188,0.008039034
1779733303732658800,1779733304754346865,0.0,0.0,-0.43849248,-0.21059509,-0.07812591,-0.004706352,0.19831207,0.0070377984
1779733304754346865,1779733305760897179,0.0,0.0,-0.5442572,-0.27717254,-0.12471019,-0.047758453,0.14096266,0.0061706384
1779733305760897179,1779733306770187915,0.0,0.0,-0.4031063,-0.16252838,-0.05528199,0.026706653,0.198803,0.0053834915
1779733306770187915,1779733307796039121,0.0,0.0,-0.2720436,-0.042046584,0.042201456,0.09244671,0.30936557,0.007477688
1779733307796039121,1779733308802419652,0.0,0.0,-0.5098537,-0.22256602,-0.09310618,-0.022999657,0.17524257,0.0037442285
1779733309805240658,1779733310824077266,0.0,0.0,-0.3677997,-0.17061016,-0.06190466,-0.0015737995,0.16567533,0.0016670019
1779733310824077266,1779733311834027503,0.0,0.0,-0.33691415,-0.119483516,0.0077701584,0.06947514,0.23632695,0.0092419805
1779733311834027503,1779733312842262775,0.0,0.0,-0.26959258,-0.024192447,0.05489228,0.11631565,0.34129897,0.0049623656
1779733312842262775,1779733313869159986,0.0,0.0,-0.40539786,-0.18896396,-0.05993497,0.0012034732,0.21852367,0.0037506474
1779733314888704812,1779733315894034297,0.0,0.0,-0.35962838,-0.09523737,-0.009178774,0.0576455,0.2862611,0.004320433
1779733315894034297,1779733316920045287,0.0,0.0,-0.44044995,-0.19504672,-0.0648093,0.008603748,0.1910611,0.0024809034
1779733317928912817,1779733318949885063,0.0,0.0,-0.39860538,-0.15395635,-0.051608633,0.034788657,0.21099094,0.0049821083
1779733319963518561,1779733320980568861,0.0,0.0,-0.3976476,-0.14754847,0.012843081,0.10571887,0.2704887,0.004160327
1779733320980568861,1779733321998036044,0.0,0.0,-0.3189387,-0.10373393,-0.02251043,0.054079242,0.23770443,0.0047228886
1779733321998036044,1779733323009807213,0.0,0.0,-0.35272822,-0.12738839,-0.057131104,0.013198664,0.20377485,0.008736157
1779733323009807213,1779733324018259246,0.0,0.0,-0.35905132,-0.16206694,-0.0023101366,0.060365178,0.23494945,0.0064802864
1779733324018259246,1779733325033866215,0.0,0.0,-0.36113995,-0.17109425,-0.04339427,0.008952497,0.2285259,-0.0007327925
1779733325033866215,1779733326062045563,0.0,0.0,-0.38197342,-0.14539504,-0.03255424,0.051941425,0.24073713,0.0061178184
1779733328118125120,1779733329126101624,0.0,0.0,-0.34659323,-0.11128294,0.0123356115,0.06597207,0.29868123,0.003456632
1779733329126101624,1779733330137993155,0.0,0.0,-0.40380347,-0.16025169,-0.053073864,0.017847374,0.23415174,0.0056942576
1779733330137993155,1779733331150179300,0.0,0.0,-0.38058534,-0.16354568,-0.033975173,0.016751582,0.2276569,0.0014667454
1779733331150179300,1779733332172992278,0.0,0.0,-0.41278434,-0.091249995,0.0040955413,0.06674323,0.23513407,0.00052731053
1779733335452408012,1779733336468625698,0.0,0.0,-0.42526403,-0.19566724,-0.06383152,0.00076538,0.18126759,0.0038051396
1779733336468625698,1779733337481523729,0.0,0.0,-0.5060315,-0.23110916,-0.078027,0.0015607127,0.19812444,0.0046424214
1779733337481523729,1779733338501597277,0.0,0.0,-0.29843175,-0.0357268,0.049191236,0.11754772,0.34264034,0.005939527
1779733339533274843,1779733340540786230,0.0,0.0,-0.4425964,-0.15157524,-0.028807634,0.049956337,0.21645534,0.0054727504
1779733340540786230,1779733341550204886,0.0,0.0,-0.3476074,-0.124447845,-0.020253014,0.07180687,0.21029213,0.004586012
1779733342569248554,1779733343602091871,0.0,0.0,-0.34205988,-0.117364615,-0.019354222,0.053667065,0.2588008,0.0056520426
1779733343602091871,1779733344622708626,0.0,0.0,-0.38196027,-0.11179071,-0.023816988,0.06270494,0.20714873,0.0073856437
1779733346647183253,1779733347665097359,0.0,0.0,-0.46012446,-0.16925076,-0.03864672,0.048459213,0.23960872,0.0057311296
1779733347665097359,1779733348689837900,0.0,0.0,-0.3305789,-0.0901141,0.004396328,0.07280077,0.26841608,0.004470695
1779733348689837900,1779733349706641830,0.0,0.0,-0.43949407,-0.14148265,-0.023786684,0.06228047,0.20509389,0.0071665957
1779733349706641830,1779733350722196547,0.0,0.0,-0.3305736,-0.1016591,-0.008227264,0.06002611,0.2551517,0.005077632
1779733350722196547,1779733351737962606,0.0,0.0,-0.38893616,-0.17088073,-0.03736524,0.04382275,0.29446942,0.008120478
1779733351737962606,1779733352761751606,0.0,0.0,-0.31930745,-0.07469225,0.02579797,0.09201206,0.30205724,0.008452183
1779733352761751606,1779733353783872644,0.0,0.0,-0.28069335,-0.0453366,0.038367514,0.08946025,0.2980353,0.005866156
1779733354793621921,1779733355796244247,0.0,0.0,-0.37134236,-0.17424133,-0.06882686,-0.015840963,0.17362878,0.0042813425
1779733355796244247,1779733356806322141,0.0,0.0,-0.25337678,-0.08898084,0.029120319,0.093559526,0.2499,0.005615804
1779733358835416225,1779733359851184917,-0.32220273256529575,0.009476550957810513,-0.40338758,-0.1603188,-0.009206768,0.056499414,0.20351997,0.008555048
1779733359851184917,1779733360872128504,0.0,0.0,-0.38559717,-0.122436,-0.0052108127,0.052022442,0.21587908,0.008093919
1779733360872128504,1779733361890068978,0.0,0.0,-0.47259465,-0.2255816,-0.1238678,-0.055850297,0.13155004,0.0038855898
1779733361890068978,1779733362912038959,0.0,0.0,-0.22881648,-0.016339405,0.057167493,0.10715112,0.2679254,0.0049730563
1779733364994781767,1779733366053098049,-0.6832644055423122,0.03596128450180763,-0.35428733,-0.12716113,0.013629899,0.086959764,0.26849404,0.007002881
1779733366053098049,1779733367159825958,-0.2062776742506685,0.0055750722769841035,-0.41838795,-0.15318573,-0.03760365,0.027953843,0.20687915,0.006460717
1779733367159825958,1779733368216514998,-0.4899265304578923,0.013609070290934413,-0.26281226,-0.022665676,0.07169425,0.15429045,0.29249313,0.00980426
1779733368216514998,1779733369245731345,0.0,0.0,-0.35933858,-0.13335846,-0.037630428,0.024576817,0.20072806,0.004996939
1779733369245731345,1779733370283647329,0.48992653045711076,0.00907271352728961,-0.35699368,-0.08831326,-0.0030554547,0.08666401,0.23254839,0.00756636
1779733370283647329,1779733371291810965,0.9282160274768835,0.016003724611577702,-0.3635927,-0.13067108,0.01179329,0.07542347,0.21751803,0.006738365
1779733371291810965,1779733372304023507,0.0,0.0,-0.4047802,-0.16615528,-0.08462012,-0.010239296,0.1537866,0.0062115677
1779733372304023507,1779733373314049004,0.0,0.0,-0.39845854,-0.18740071,-0.05637307,0.024838248,0.23631313,0.0053070383
1779733373314049004,1779733374316476763,0.7347765895743756,0.02041046082121609,-0.41152105,-0.19970483,-0.06650496,-0.0048846686,0.17772342,0.004390939
1779733374316476763,1779733375332394299,0.0,0.0,-0.39173752,-0.15754282,-0.012077001,0.041698117,0.2699814,0.00781677
1779733376346341108,1779733377366113556,0.0,0.0,-0.35762924,-0.10529546,0.01754668,0.06620747,0.25716853,0.0040149684
1779733377366113556,1779733378390055489,0.0,0.0,-0.3820393,-0.15986772,-0.023256844,0.05612918,0.2773617,4.066119e-05
1779733378390055489,1779733379405989797,0.0,0.0,-0.36358416,-0.16091695,-0.05017137,0.020890512,0.22448958,0.0042722034
1779733379405989797,1779733380416029649,0.0,0.0,-0.32573202,-0.072691664,0.03588158,0.0964609,0.34095967,0.005579576
1779733380416029649,1779733381416116924,0.0,0.0,-0.40571257,-0.11468682,-0.0016451587,0.06036863,0.21952367,0.004277567
1779733381416116924,1779733382422050505,0.0,0.0,-0.36072674,-0.087421186,0.019548682,0.0733157,0.23030931,0.008907493
1779733382422050505,1779733383443925001,0.0,0.0,-0.45143902,-0.20970656,-0.0347957,0.012265208,0.20976591,0.0045219297
1779733387683794222,1779733388688659667,0.0,0.0,-0.34094822,-0.10315419,-0.005744479,0.06186216,0.22859327,0.008269789
1779733388688659667,1779733389700126088,0.0,0.0,-0.4154722,-0.17561446,-0.087586254,-0.01627523,0.15183297,0.007239836
1779733389700126088,1779733390704003298,0.0,0.0,-0.28451207,-0.04622615,0.04055889,0.09610938,0.28452808,0.0048842025
1779733390704003298,1779733391724232202,0.0,0.0,-0.25371823,-0.010300717,0.06227228,0.12916936,0.313984,0.008913769
1779733391724232202,1779733392740773177,0.0,0.0,-0.30463156,-0.057635307,0.011776075,0.08366002,0.26194802,0.008894044
1779733393753097262,1779733394756842905,0.0,0.0,-0.30311692,-0.12413447,-0.009102097,0.04680251,0.24970223,0.003058238
1779733394756842905,1779733395764021543,0.0,0.0,-0.5206044,-0.2863442,-0.10255327,-0.019639496,0.21378265,0.0039184405
1779733395764021543,1779733396770053519,0.0,0.0,-0.3233829,-0.073904075,0.0238618,0.08390477,0.28855345,0.007513562
1779733396770053519,1779733397790027744,0.0,0.0,-0.39268506,-0.16023579,-0.05034642,0.007814294,0.21402301,0.0034021365
1779733398807937423,1779733399821820400,0.0,0.0,-0.33406156,-0.09120871,-0.0028837167,0.06841522,0.2683335,0.004272569
1779733399821820400,1779733400844111868,0.0,0.0,-0.33110124,-0.077031896,0.026666716,0.122572586,0.26203796,0.00663963
1779733400844111868,1779733401848098362,0.0,0.0,-0.32628292,-0.094016775,-0.012039211,0.04197273,0.18859066,0.0031518664
1779733401848098362,1779733402850166195,0.0,0.0,-0.44574368,-0.1858197,-0.05910063,0.011712624,0.21965873,0.007260134
1779733402850166195,1779733403867978286,0.0,0.0,-0.37041688,-0.15792271,-0.01812929,0.055468634,0.23828126,0.004267372
1779733403867978286,1779733404881986720,0.0,0.0,-0.2956352,-0.073946394,0.032953165,0.09186067,0.28589356,0.010963163
1779733405896861906,1779733406914356714,0.0,0.0,-0.32910758,-0.1312673,-0.023059469,0.040795967,0.28038135,0.0046109282
1779733406914356714,1779733407922032074,0.0,0.0,-0.23442788,-0.09469114,0.045544706,0.103214115,0.2585937,0.0016599208
1779733408929974253,1779733409949894650,0.0,0.0,-0.3280592,-0.12259232,-0.0059602363,0.05551277,0.2959537,0.005320807
1779733411998031755,1779733413032290992,0.0,0.0,-0.4113321,-0.123505175,-0.0150246825,0.06820392,0.23144168,0.005019201
1779733413032290992,1779733414042880673,0.0,0.0,-0.19556586,-0.009904299,0.09340434,0.17180353,0.30944014,0.007082539
1779733415050837597,1779733416077043215,0.0,0.0,-0.30411008,-0.056151226,0.022817561,0.10282298,0.2497312,0.007034241
1779733416077043215,1779733417094107009,0.0,0.0,-0.31338277,-0.063551754,-0.00047849663,0.0780019,0.28162315,0.007389174
1779733417094107009,1779733418102008329,0.0,0.0,-0.462229,-0.24633715,-0.09571381,-0.03145719,0.198998,0.0057472424
1779733418102008329,1779733419112160489,0.0,0.0,-0.41960055,-0.16730177,-0.07942662,0.00714717,0.1711295,0.0047477274
1779733419112160489,1779733420138704698,0.0,0.0,-0.52775675,-0.23707443,-0.11882369,-0.057741098,0.113914855,0.005451497
1779733422396998155,1779733423403120577,0.0,0.0,-0.29558417,-0.08142253,0.026963048,0.088872984,0.26631662,0.0062213647
1779733423403120577,1779733424405309146,0.0,0.0,-0.3765373,-0.1605801,-0.032929815,0.034997158,0.1993474,0.005183204
1779733424405309146,1779733425406018146,0.0,0.0,-0.34455496,-0.10382446,-0.004684774,0.07485965,0.21547994,0.005746558
1779733425406018146,1779733426422688189,0.0,0.0,-0.4089042,-0.17555232,-0.07782965,-0.0059748627,0.16753596,0.0028686575
1779733426422688189,1779733427449666159,-0.5156270444947958,0.01718756814976056,-0.33251897,-0.13087294,-0.031892434,0.043220293,0.2364705,0.0025649774
1779733427449666159,1779733428455952447,-0.6961386865765693,0.015469748590469913,-0.350071,-0.056561932,0.03706562,0.10232377,0.25983766,0.005114529
1779733430634882010,1779733431649191029,0.0,0.0,-0.4160501,-0.1754496,-0.07568703,-0.0072569503,0.23650195,0.0059426725
1779733431649191029,1779733432664662759,0.0,0.0,-0.27207783,-0.039342795,0.058014333,0.11243362,0.31907696,0.008309558
1779733432664662759,1779733433669245936,0.0,0.0,-0.39775896,-0.13243671,-0.04385581,0.022240948,0.22073139,0.005955116
1779733433669245936,1779733434676250242,0.0,0.0,-0.42224368,-0.1875946,-0.07122181,0.01854529,0.16203666,0.0015892038
1779733434676250242,1779733435687897739,-0.051567756488318295,0.001357046223229998,-0.49501908,-0.2021652,-0.07822249,0.005446678,0.15338248,0.00752988
1779733436691387849,1779733437720922759,0.0,0.0,-0.2831691,-0.07598789,0.000933339,0.061499413,0.21018063,0.006810669
1779733441416587511,1779733442416660807,0.0,0.0,-0.4132744,-0.16930372,-0.073377825,0.006181919,0.17463084,0.006617271
1779733442416660807,1779733443434826712,0.0,0.0,-0.4218506,-0.19915067,-0.035819292,0.030433618,0.21231262,0.005161586
1779733443434826712,1779733444447287197,0.0,0.0,-0.38332695,-0.10388222,-0.034507114,0.036882453,0.29712918,0.0030234389
1779733444447287197,1779733445464264059,0.0,0.0,-0.33930582,-0.09533931,-0.004229955,0.059043784,0.22818054,0.006948666
1779733445464264059,1779733446479986087,0.0,0.0,-0.36636442,-0.06741006,0.0062343595,0.082123056,0.2689351,0.005981594
1779733448650800016,1779733449656155220,0.0,0.0,-0.392865,-0.14555873,-0.0529241,0.03270139,0.17378409,0.00503405
1779733449656155220,1779733450669853077,0.0,0.0,-0.43495917,-0.18617742,-0.08410614,-0.012647082,0.14092869,0.004857489
1779733450669853077,1779733451682223990,0.0,0.0,-0.3662405,-0.12523073,-0.011957494,0.05827516,0.26149616,0.009472375
1779733451682223990,1779733452692787262,0.0,0.0,-0.3702767,-0.12872705,-0.012533873,0.06728555,0.20446675,0.006642569
1779733454966930149,1779733455976267424,0.0,0.0,-0.46112093,-0.22196627,-0.09026384,-0.025186578,0.15771373,0.005221911
1779733455976267424,1779733457000162546,0.0,0.0,-0.1281648,0.062198415,0.14052543,0.19836326,0.35397768,0.0070876596
1779733457000162546,1779733458004199055,0.0,0.0,-0.34668,-0.13899553,-0.022479871,0.04559598,0.20935959,0.009088933
1779733458004199055,1779733459022115496,0.0,0.0,-0.38410956,-0.16611935,-0.037934553,0.030494899,0.23203963,0.0026046538
1779733459022115496,1779733460040034728,0.0,0.0,-0.34053987,-0.16016863,-0.04163266,0.035171136,0.2376376,0.002899965
1779733460040034728,1779733461043884083,0.0,0.0,-0.28217906,-0.11624647,-0.0269637,0.037668988,0.18827526,0.0023436742
1779733462055951997,1779733463074318737,0.0,0.0,-0.26594245,-0.096893154,-0.012944976,0.04740604,0.19912323,0.0038669212
1779733463074318737,1779733464091964345,0.0,0.0,-0.2755221,-0.070282504,0.023062525,0.07773583,0.23460831,0.005913
1779733464091964345,1779733465097981078,0.0,0.0,-0.39920425,-0.20095144,-0.07731392,-0.0045253765,0.16255784,0.004774492
1779733467383024744,1779733468392894915,0.0,0.0,-0.35930526,-0.10996632,-0.0053935377,0.07214645,0.27573782,0.0055047055
1779733468392894915,1779733469408335588,0.0,0.0,-0.39310706,-0.15347056,-0.053924624,0.020801587,0.22905703,0.0015470653
1779733470422103259,1779733471428134123,0.0,0.0,-0.46213937,-0.20090017,-0.08858962,-0.024795,0.15523908,0.0054655783
1779733471428134123,1779733472457803079,0.0,0.0,-0.33983767,-0.11835014,-0.02050192,0.03733594,0.2381298,0.010779142
1779733473471344791,1779733474478427230,0.0,0.0,-0.3259835,-0.12399611,-0.031053036,0.06712924,0.22828417,0.0047772937
1779733475483165036,1779733476502615266,0.0,0.0,-0.27265543,-0.09154438,-0.0064571616,0.059423767,0.19875279,0.0031406963
1779733476502615266,1779733477515799152,0.0,0.0,-0.298392,-0.08353319,0.0048854384,0.08808966,0.24583445,0.0050937925
1779733477515799152,1779733478517878195,0.0,0.0,-0.29856667,-0.111353226,-0.014163938,0.044863608,0.20542465,0.003034217
1779733478517878195,1779733479520418012,0.9797419032494378,0.04898709516254485,-0.3434972,-0.100493714,0.01212361,0.08847202,0.23644407,0.007463983
1779733479520418012,1779733480555080309,0.0,0.0,-0.42176557,-0.17646201,-0.060224187,0.0059464495,0.19820748,0.00544345
1779733480555080309,1779733481573281946,0.0,0.0,-0.37050793,-0.12712663,-0.024980197,0.0683234,0.21123593,0.0072398526
1779733483592532936,1779733484598312468,0.0,0.0,-0.2616084,-0.056382146,0.048179377,0.10495296,0.28525102,0.004641638
1779733485608389065,1779733486632286614,0.0,0.0,-0.3898324,-0.20225944,-0.05623964,0.022473292,0.2003058,0.0033721973
1779733487644552956,1779733488659161036,0.0,0.0,-0.32676652,-0.077886574,0.03916308,0.10729692,0.24539937,0.011475134
1779733488659161036,1779733489666592216,0.0,0.0,-0.40645978,-0.13878332,-0.024489174,0.0668972,0.23752469,0.0058974777
1779733489666592216,1779733490678459925,0.0,0.0,-0.25072077,-0.05615162,0.015428063,0.0758252,0.24009646,0.003865729
1779733490678459925,1779733491700802291,0.0,0.0,-0.42980534,-0.19192702,-0.06787663,0.0036678521,0.20038493,0.006923252
1779733491700802291,1779733492706576494,0.0,0.0,-0.42011836,-0.18184127,-0.07700838,0.0035263933,0.17805338,0.0059090583
1779733492706576494,1779733493748203436,0.0,0.0,-0.46325144,-0.19649985,-0.075594,0.0009475689,0.187198,0.00789735
1779733493748203436,1779733494771889598,0.0,0.0,-0.34251928,-0.09099433,0.0077322274,0.07456574,0.27862486,0.006749296
1779733495787845550,1779733496799820741,0.0,0.0,-0.35615203,-0.14074716,-0.027367175,0.056920033,0.2928079,0.007680017
1779733496799820741,1779733497817845739,0.0,0.0,-0.38855493,-0.13846156,-0.040563438,0.022644797,0.21634887,0.0020493534
1779733498826298564,1779733499840453159,0.0,0.0,-0.31151956,-0.087669834,-0.008662067,0.06902046,0.267153,0.00806295
1779733499840453159,1779733500845559056,0.0,0.0,-0.28548506,-0.11341127,-0.013813371,0.046023715,0.19726215,0.0027094914
1779733502870003743,1779733503887834438,0.0,0.0,-0.24017419,0.0070560756,0.10030849,0.14598148,0.36068404,0.008662459
1779733503887834438,1779733504905822635,0.0,0.0,-0.3332116,-0.12933046,-0.02361588,0.0437799,0.21801558,0.005669936
1779733504905822635,1779733505925817166,0.0,0.0,-0.31339377,-0.03525719,0.05120684,0.11898167,0.32155538,0.0051863994
1779733505925817166,1779733506946639447,0.0,0.0,-0.3432971,-0.11127745,-0.014917818,0.05656956,0.24626838,0.0047649983
1779733506946639447,1779733507960680133,0.0,0.0,-0.24529149,-0.021584043,0.08139789,0.13957462,0.31360924,0.006474938
1779733507960680133,1779733508982761569,0.0,0.0,-0.35222977,-0.11339514,-0.018087883,0.053564914,0.25936642,0.0043744403
1779733514650191245,1779733515717834978,0.0,0.0,-0.33099744,-0.09325804,-0.008865158,0.07823266,0.21831712,0.0057938783
1779733515717834978,1779733516726720840,0.0,0.0,-0.40904635,-0.1488342,-0.055384982,0.017277014,0.18023488,0.006206257
1779733516726720840,1779733517727237540,0.0,0.0,-0.4153536,-0.17587014,-0.026328279,0.057288636,0.22953412,0.0071248086
1779733517727237540,1779733518728542875,0.0,0.0,-0.30661893,-0.09038025,0.03634356,0.10158321,0.23301181,0.007829745
1779733518728542875,1779733519746771508,0.0,0.0,-0.39363816,-0.18010063,-0.07726209,-0.0038386104,0.1872642,0.0036144152
1779733519746771508,1779733520796337227,0.0,0.0,-0.23628487,0.010586388,0.10814439,0.15696555,0.37052494,0.0073433756
1779733522822340234,1779733523825161727,0.0,0.0,-0.5248211,-0.2694538,-0.13844742,-0.07873621,0.13721786,0.0065461774
1779733524828130408,1779733525836066790,0.0,0.0,-0.31528845,-0.03919856,0.06743882,0.1306711,0.30626807,0.008927886
1779733525836066790,1779733526850834281,0.0,0.0,-0.31217527,-0.05488407,0.023363031,0.1053297,0.2569586,0.010379978
1779733526850834281,1779733527869058230,0.0,0.0,-0.45378152,-0.20073731,-0.09334221,-0.023646953,0.14329892,0.006939985
1779733528876834192,1779733529894058490,0.0,0.0,-0.3444685,-0.1130292,-0.0058051776,0.06262086,0.28628758,0.0068123643
1779733530903984086,1779733531922276065,0.0,0.0,-0.3766365,-0.16181603,-0.04749606,0.028311059,0.23009542,0.0034818011
1779733532927966019,1779733533959373695,0.0,0.0,-0.32944041,-0.12650844,-0.03720127,0.049195457,0.22749634,0.0063055535
1779733533959373695,1779733534971366934,0.0,0.0,-0.4345917,-0.19870627,-0.06624132,0.0017240528,0.18395965,0.0057575023
1779733534971366934,1779733535995394769,0.0,0.0,-0.37617388,-0.093258224,-0.011652742,0.06054023,0.26225057,0.006242874
1779733535995394769,1779733537013113291,0.0,0.0,-0.4668107,-0.24272794,-0.12099155,-0.067426175,0.14962034,0.005900285
1779733538022139090,1779733539039829447,0.0,0.0,-0.3519028,-0.12695384,-0.03433006,0.029987639,0.23375382,0.006420854
1779733539039829447,1779733540055474543,0.0,0.0,-0.37593982,-0.14209063,-0.043230392,0.02741614,0.24638648,0.003369007
1779733541069700420,1779733542080181318,0.0,0.0,-0.31591108,-0.09192953,0.010352808,0.075386174,0.26588255,0.006692481
1779733542080181318,1779733543094163493,0.0,0.0,-0.34590346,-0.12773238,-0.011448764,0.059836898,0.25088763,0.004632935
1779733543094163493,1779733544111936555,0.0,0.0,-0.22033365,-0.0048365905,0.10394332,0.15234806,0.36461863,0.006877759
1779733546358645655,1779733547384149001,0.0,0.0,-0.37379363,-0.15028134,-0.0233607,0.046781678,0.19240329,0.005252429
1779733547384149001,1779733548388129502,0.0,0.0,-0.43753478,-0.14410637,-0.022950577,0.05750549,0.20885977,0.0044832616
1779733548388129502,1779733549388195671,0.0,0.0,-0.3147241,-0.098993376,0.019825768,0.092071526,0.3420975,0.0018852516
1779733549388195671,1779733550416357698,0.0,0.0,-0.42624277,-0.16479172,-0.05496875,0.010773359,0.19504887,0.004694273
1779733550416357698,1779733551421231785,0.0,0.0,-0.35836688,-0.15166043,-0.036217473,0.030580582,0.24333797,0.0064479266
1779733551421231785,1779733552440101790,0.0,0.0,-0.2806756,-0.023579583,0.06909473,0.13602255,0.28886285,0.007008582
1779733554447955624,1779733555486492450,0.0,0.0,-0.345341,-0.068307444,0.02048909,0.09125517,0.29787707,0.004583675
1779733555486492450,1779733556487944017,0.0,0.0,-0.40197387,-0.16341607,-0.035262045,0.032151513,0.24477538,0.006622341
1779733556487944017,1779733557507437838,0.0,0.0,-0.4861585,-0.22232439,-0.1090202,-0.04771441,0.16972676,0.0062190285
1779733557507437838,1779733558531416234,0.0,0.0,-0.3404464,-0.117724404,-0.010974513,0.047223058,0.27534917,0.006907909
1779733558531416234,1779733559538156087,0.0,0.0,-0.34137484,-0.11386755,-0.021792335,0.034678828,0.24367285,0.003673658
1779733559538156087,1779733560542393279,0.0,0.0,-0.37975833,-0.1673946,-0.062257867,0.021551734,0.18118536,0.0066167866
1779733561550078240,1779733562558147203,0.0,0.0,-0.3376328,-0.035574097,0.068241805,0.124505885,0.2931482,0.003985776
1779733563573050804,1779733564584048185,0.0,0.0,-0.38988206,-0.17226298,-0.07165431,-0.0062281545,0.16194946,0.0047210855
1779733564584048185,1779733565594010766,0.0,0.0,-0.31367004,-0.09838138,0.0105053475,0.0754022,0.25892553,0.0060682786
1779733565594010766,1779733566607058550,0.0,0.0,-0.34479326,-0.13047412,-0.006247143,0.08490628,0.2578091,0.0021274718
1779733566607058550,1779733567621718281,0.0,0.0,-0.40812913,-0.19337516,-0.103846855,-0.038015753,0.17837338,0.0066471025
1779733567621718281,1779733568627911887,0.0,0.0,-0.31751493,-0.12832224,0.006097706,0.071730874,0.24196641,0.009274832
1779733568627911887,1779733569650136480,0.0,0.0,-0.3708966,-0.13267772,-0.016483126,0.056694154,0.23941804,0.0039076786
1779733570667907457,1779733571679692832,0.0,0.0,-0.25343665,0.00693048,0.10551182,0.15401648,0.37809154,0.008194296
1779733571679692832,1779733572694275369,0.0,0.0,-0.39419264,-0.19754654,-0.050821837,0.035920233,0.2284465,0.0017202179
1779733573707788184,1779733574728016901,0.0,0.0,-0.26503035,-0.045721434,0.054471355,0.110888466,0.30031943,0.0050150594
1779733574728016901,1779733575743803243,0.0,0.0,-0.32506153,-0.110618986,0.022807088,0.088766724,0.26978862,0.003979661
1779733575743803243,1779733576764717775,0.0,0.0,-0.30087566,-0.109144635,0.0030129985,0.06741363,0.26621014,0.002347046
1779733576764717775,1779733577793907996,0.0,0.0,-0.43055493,-0.16452645,-0.06568932,0.014488753,0.19744755,0.00632575
1779733577793907996,1779733578805770707,0.0,0.0,-0.339921,-0.07557177,0.02734135,0.114662275,0.2930846,0.0041722767
1779733578805770707,1779733579823929705,0.0,0.0,-0.364539,-0.11435043,0.01381659,0.0733639,0.2606217,0.005505708
1779733579823929705,1779733580836309849,0.0,0.0,-0.33684447,-0.14969087,-0.056037735,0.012317252,0.16197254,0.0053345785
1779733580836309849,1779733581849811492,0.0,0.0,-0.42377186,-0.21315601,-0.07997579,-0.014006477,0.14176941,0.005074745
1779733581849811492,1779733582861898001,0.0,0.0,-0.34294295,-0.1247683,0.0005934086,0.07779354,0.26145324,0.003830684
1779733582861898001,1779733583867826886,0.0,0.0,-0.43119735,-0.21054398,-0.08576698,-0.00487949,0.17004924,0.006316568
1779733583867826886,1779733584888176678,0.0,0.0,-0.35051978,-0.10035758,-0.027484817,0.048632864,0.3070011,0.0044843485
1779733585899959739,1779733586909915250,0.0,0.0,-0.3854517,-0.1495164,-0.06403396,0.018278843,0.20006813,0.0063828826
1779733586909915250,1779733587923905977,0.0,0.0,-0.3869353,-0.17473657,-0.03521779,0.031168904,0.2138586,0.002294927
1779733587923905977,1779733588935764609,0.0,0.0,-0.3835578,-0.16446273,-0.031233523,0.047736432,0.27033395,0.005871975
1779733591960171533,1779733592976055600,0.0,0.0,-0.36660954,-0.10409637,-0.024821034,0.04264447,0.26373637,0.0034452903
1779733592976055600,1779733593992044001,0.0,0.0,-0.13965975,0.03909628,0.12610245,0.18605927,0.34583217,0.0080427695
1779733594996181184,1779733596006090879,0.0,0.0,-0.363888,-0.16347866,-0.085380785,-0.010684224,0.18840383,0.0046286103
1779733597059274473,1779733598069701647,0.0,0.0,-0.3357044,-0.117365085,0.022822693,0.096710816,0.2765073,0.0061221328
1779733598069701647,1779733599094214753,0.0,0.0,-0.28770164,-0.04924267,0.04853027,0.10739865,0.3032871,0.0032845717
1779733599094214753,1779733600106368201,0.0,0.0,-0.3275765,-0.13056692,-0.04525647,0.0068364926,0.1823667,0.0053630993
1779733600106368201,1779733601119485584,0.0,0.0,-0.33953565,-0.12748179,-0.03038134,0.040730044,0.28240177,0.003065679
1779733601119485584,1779733602139817053,0.0,0.0,-0.29401663,-0.0989204,0.026132047,0.101880595,0.25035447,0.0065284846
1779733602139817053,1779733603149332900,0.0,0.0,-0.41775542,-0.17258784,-0.025234446,0.06307254,0.23120303,0.0062643006
1779733603149332900,1779733604149948074,0.0,0.0,-0.40404072,-0.16741104,-0.051410582,0.025148366,0.16406056,0.0049494067
1779733605166110768,1779733606184051951,0.0,0.0,-0.31820622,-0.103215165,0.002396542,0.07121757,0.31332797,0.005472773
1779733606184051951,1779733607204186886,0.0,0.0,-0.27244744,-0.06686494,0.051204808,0.108153835,0.2653472,0.008114047
1779733609470194601,1779733610475987995,0.0,0.0,-0.31142262,-0.08601542,0.031253934,0.0827805,0.28436002,0.002754051
1779733610475987995,1779733611480145702,0.0,0.0,-0.28809538,-0.07700663,0.020254903,0.08403599,0.32006392,0.0025227326
1779733611480145702,1779733612489573453,0.0,0.0,-0.42050505,-0.2048177,-0.10108367,-0.0416115,0.15140462,0.001729964
1779733612489573453,1779733613493734578,0.0,0.0,-0.36429802,-0.081437595,0.010546988,0.08994729,0.27311203,0.0074406057
1779733613493734578,1779733614509858159,0.0,0.0,-0.3190799,-0.094465554,-0.025561498,0.061728586,0.28472793,0.008904939
1779733616622324322,1779733617625989266,0.0,0.0,-0.33717677,-0.05773643,0.027722666,0.10825321,0.30251613,0.008019485
1779733618641826997,1779733619646055442,0.0,0.0,-0.28646266,-0.054110594,0.034564942,0.0893661,0.2842211,0.0053077457
1779733619646055442,1779733620657810420,0.0,0.0,-0.42858997,-0.20797496,-0.034855604,0.044359475,0.2407753,0.0036598034
1779733621680956716,1779733622775286768,0.6831437504663902,0.018976215290480682,-0.32016486,-0.07795784,0.015106189,0.07875011,0.23163095,0.007892187
1779733622775286768,1779733623795687480,0.0,0.0,-0.35510156,-0.13400133,0.010232274,0.07596172,0.21345872,0.00769519
1779733623795687480,1779733624822631570,0.0,0.0,-0.32764545,-0.14642382,-0.026332173,0.033320997,0.2267197,0.0021445525
1779733624822631570,1779733625841797997,0.0,0.0,-0.3752315,-0.16049676,-0.046740036,0.020570014,0.23103061,0.007038961
1779733625841797997,1779733626861823069,0.0,0.0,-0.3191308,-0.10362739,-0.020946007,0.029909771,0.20470093,0.0054588164
1779733626861823069,1779733627878258108,0.0,0.0,-0.35822085,-0.11465584,-0.012365658,0.04861206,0.23386173,0.008092149
1779733627878258108,1779733628897811940,0.0,0.0,-0.33883262,-0.119724885,-0.005181583,0.06100277,0.21711627,0.005416386
1779733628897811940,1779733629907976894,0.0,0.0,-0.3326186,-0.09854357,-0.015969591,0.068027586,0.2698656,0.009786875
1779733630915826397,1779733631933955055,0.0,0.0,-0.36004683,-0.14084275,-0.008349244,0.047743384,0.18020506,0.0032984798
1779733631933955055,1779733632943919955,0.0,0.0,-0.37277728,-0.15529892,-0.06288741,0.017246827,0.23574576,0.0067833206
1779733632943919955,1779733633957921865,0.0,0.0,-0.4930229,-0.24174453,-0.09925712,-0.021061784,0.15914987,0.0068278583
1779733633957921865,1779733634970727596,0.0,0.0,-0.34164917,-0.16067488,-0.049032096,0.02859176,0.22216684,0.0019452055
1779733634970727596,1779733635976115829,0.0,0.0,-0.36765024,-0.15361267,0.011837846,0.07379094,0.29099292,0.0053256266
1779733635976115829,1779733636992213365,0.0,0.0,-0.5207966,-0.2543116,-0.120920524,-0.05353881,0.14693402,0.0031918332
1779733636992213365,1779733638010673741,0.0,0.0,-0.3966025,-0.16569942,-0.031444684,0.045272283,0.21656792,0.001824948
1779733638010673741,1779733639022165525,0.0,0.0,-0.42981255,-0.20318863,-0.05330411,0.008857413,0.22049354,0.0048191203
1779733640034678403,1779733641046246299,0.0,0.0,-0.29395044,-0.05343099,0.04979659,0.12402235,0.2585923,0.009776786
1779733641046246299,1779733642068128350,0.0,0.0,-0.38498473,-0.16943374,-0.04981791,0.04717181,0.21596332,0.0027500936
1779733643098995776,1779733644125880671,0.0,0.0,-0.2718435,-0.005165277,0.0964037,0.15608926,0.32050094,0.006423364
1779733644125880671,1779733645138390604,0.0,0.0,-0.35429654,-0.12625891,-0.02248393,0.035893895,0.22112577,0.010359775
1779733645138390604,1779733646157970220,0.0,0.0,-0.38188693,-0.1980816,-0.0654367,0.0062412876,0.18937927,0.004565855
1779733646157970220,1779733647166097559,0.0,0.0,-0.24347848,-0.01775404,0.06374281,0.11454477,0.32033098,0.005939439
1779733647166097559,1779733648181912169,0.0,0.0,-0.32531565,-0.104746856,-0.023659782,0.041372858,0.21974915,0.006880044
1779733648181912169,1779733649192183727,0.0,0.0,-0.34019506,-0.03358131,0.05540726,0.121096835,0.34464493,0.0012057478
1779733649192183727,1779733650210225343,0.0,0.0,-0.319025,-0.094471455,0.018564582,0.08587454,0.3442205,0.0034808356
1779733651224773272,1779733652240254874,0.0,0.0,-0.36595315,-0.13572016,-0.048993886,0.023995258,0.20228678,0.007205134
1779733654481413885,1779733655485390238,0.0,0.0,-0.3289991,-0.12757105,-0.011029963,0.057525154,0.2818628,0.0025356577
1779733655485390238,1779733656501675592,0.0,0.0,-0.3874619,-0.17029227,-0.05087528,0.023020046,0.22403543,0.005286855
1779733656501675592,1779733657504913940,0.0,0.0,-0.41052347,-0.15731071,-0.04962303,0.02526799,0.16841178,0.006041508
1779733657504913940,1779733658515782920,0.0,0.0,-0.40555963,-0.16833669,-0.04005571,0.038734525,0.1835307,0.0050925445
1779733658515782920,1779733659526197595,0.0,0.0,-0.31112716,-0.054232154,0.031088425,0.1018118,0.28555423,0.008135268
1779733661642199404,1779733662658036466,0.0,0.0,-0.37026975,-0.16105345,-0.059165996,0.01829109,0.18224889,0.004336004
1779733662658036466,1779733663677706922,0.0,0.0,-0.41032892,-0.16911191,-0.05727459,0.0057970127,0.24223527,0.004256117
1779733663677706922,1779733664684013349,0.0,0.0,-0.43256226,-0.21008223,-0.108997904,-0.03634806,0.16269025,0.0050524585
1779733664684013349,1779733665703162375,0.0,0.0,-0.41156855,-0.14944077,-0.060056064,0.01729087,0.19594665,0.006914231
1779733665703162375,1779733666706228027,0.0,0.0,-0.40064216,-0.19477206,-0.08741242,-0.019202897,0.1625955,0.004153001
1779733666706228027,1779733667729876162,1.0438426822569595,0.027469544270119467,-0.35674697,-0.11893485,-0.0038954366,0.065709844,0.28156015,0.0039434326
1779733669759099807,1779733670783922503,0.0,0.0,-0.36151373,-0.12644449,-0.013647068,0.037379306,0.25105357,0.00684048
1779733670783922503,1779733671800059868,0.0,0.0,-0.39646786,-0.17324561,-0.08639439,-0.013018318,0.15330964,0.006882767
1779733672816699926,1779733673828609313,0.0,0.0,-0.43909144,-0.2005931,-0.07364796,-0.0040044235,0.16579269,0.0042207087
1779733673828609313,1779733674832492268,0.0,0.0,-0.3228563,-0.13297799,-0.01987695,0.045167334,0.28074268,0.0035871794
1779733675842926992,1779733676848143310,0.0,0.0,-0.27395093,-0.03132592,0.052938566,0.10170645,0.30596268,0.0056396304
1779733676848143310,1779733677874228851,0.0,0.0,-0.44803885,-0.21099932,-0.107890144,-0.036745097,0.14781202,0.0049850247
1779733678881794493,1779733679913894351,0.0,0.0,-0.31551838,-0.09506409,-0.011974686,0.056540214,0.3318445,0.005240384
1779733679913894351,1779733680922122735,0.0,0.0,-0.31339106,-0.06014312,0.017843781,0.1125643,0.28293365,0.009427891
1779733683959712787,1779733684959901403,0.0,0.0,-0.49572808,-0.24046874,-0.110880464,-0.050366014,0.16137527,0.004739994
1779733684959901403,1779733685977904645,0.0,0.0,-0.45836365,-0.18611923,-0.07487479,-0.014094096,0.17794313,0.005196384
1779733685977904645,1779733686981944391,0.0,0.0,-0.55318236,-0.29492253,-0.16751222,-0.09679502,0.1075549,0.0034316694
1779733686981944391,1779733688000951484,0.0,0.0,-0.5181523,-0.26437244,-0.10672463,-0.041088518,0.1326497,0.0024766966
1779733688000951484,1779733689001901796,0.0,0.0,-0.37006873,-0.15419325,-0.00500196,0.05973645,0.24580026,0.008156097
1779733689001901796,1779733690038392498,0.0,0.0,-0.42980522,-0.110101044,-0.0003905514,0.08185516,0.2448588,0.00524026
1779733690038392498,1779733691045720494,0.0,0.0,-0.33330268,-0.11198459,-0.017374778,0.054295067,0.26176396,0.005071991
1779733691045720494,1779733692060158815,0.0,0.0,-0.3163885,-0.052057385,0.06018502,0.12817486,0.26440704,0.010978744
1779733692060158815,1779733693067846584,0.0,0.0,-0.3490116,-0.09640273,-0.0061395094,0.061364487,0.23167802,0.007099906
1779733693067846584,1779733694079791899,0.0,0.0,-0.35007077,-0.0960944,-0.014428964,0.049742725,0.26313308,0.0039822017
1779733694079791899,1779733695085943851,0.0,0.0,-0.45873228,-0.19698457,-0.030834807,0.02659748,0.22686516,0.0057182307
1779733696098076632,1779733697100255510,0.0,0.0,-0.3187495,-0.057258822,0.021958848,0.08809638,0.38610485,0.0046241735
1779733697100255510,1779733698105934994,0.0,0.0,-0.34431213,-0.1488823,-0.021220645,0.050707184,0.24581446,0.0047076326
1779733698105934994,1779733699108007184,0.0,0.0,-0.36074096,-0.09268525,0.019291729,0.092193134,0.23879394,0.006217933
1779733704908304304,1779733705926338408,0.0,0.0,-0.31248775,-0.0977324,-0.012023721,0.07690532,0.24965818,0.006507502
1779733706957507302,1779733707974055272,0.0,0.0,-0.39014518,-0.15224472,-0.060804646,0.024124049,0.23274975,0.004349853
1779733707974055272,1779733708990603318,0.0,0.0,-0.369342,-0.14270304,-0.01915153,0.05464454,0.19654001,0.004564893
1779733708990603318,1779733709996466609,0.0,0.0,-0.28220865,-0.06910684,0.05496147,0.11043577,0.29875737,0.0038731112
1779733709996466609,1779733711014490384,0.0,0.0,-0.34882042,-0.14464298,-0.030501338,0.03302611,0.25871384,0.003473073
1779733711014490384,1779733712043451156,0.0,0.0,-0.34065142,-0.10421478,0.019007714,0.082911834,0.2724717,0.012742522
1779733712043451156,1779733713054182952,0.0,0.0,-0.34233978,-0.121581465,-0.041579474,0.022669291,0.18779802,0.0047315927
1779733713054182952,1779733714073076708,0.0,0.0,-0.3607345,-0.1655732,-0.058159363,0.005382434,0.19020931,0.0047501377
1779733714073076708,1779733715100440443,0.0,0.0,-0.25555167,-0.025667407,0.07578552,0.15401788,0.28631142,0.0095521975
1779733715100440443,1779733716107917586,0.0,0.0,-0.43216965,-0.20712282,-0.043437194,0.016178373,0.18990405,0.0061797053
1779733716107917586,1779733717121979650,0.0,0.0,-0.32943898,-0.10554266,-0.009665413,0.051036194,0.27940285,0.0022731558
1779733718127770612,1779733719145893101,0.0,0.0,-0.3348318,-0.13979694,-0.03600167,0.026646702,0.22421397,0.0040245727
1779733719145893101,1779733720152175681,0.0,0.0,-0.24724074,0.017127506,0.1050497,0.16179858,0.40526062,0.0063374885
1779733720152175681,1779733721162073886,0.0,0.0,-0.45207933,-0.20831679,-0.09637037,-0.03352663,0.23052406,0.00687528
1779733721162073886,1779733722170815245,0.0,0.0,-0.24433202,-0.05339441,0.0434601,0.09874386,0.30404952,0.004256109
1779733724401271502,1779733725404477553,0.0,0.0,-0.40420073,-0.16793963,-0.061161537,0.0027499094,0.21640076,0.008114886
1779733727639218036,1779733728640715849,0.0,0.0,-0.37670708,-0.14191745,-0.05171734,0.014298633,0.22693,0.0061180964
1779733728640715849,1779733729661141863,0.0,0.0,-0.35778347,-0.15280454,-0.04354963,0.0188133,0.18250766,0.0001632703
1779733729661141863,1779733730669560201,0.0,0.0,-0.32608536,-0.05001069,0.0325963,0.10416341,0.32345736,0.0051652817
1779733731684843537,1779733732690776350,0.0,0.0,-0.27959213,-0.03219026,0.060214713,0.12719999,0.2993754,0.008091519
1779733733717607544,1779733734728748949,0.0,0.0,-0.31152594,-0.08989503,0.012307245,0.0823764,0.3352607,0.006780497
1779733734728748949,1779733735741078494,0.0,0.0,-0.36041227,-0.1280591,-0.01932595,0.07686106,0.21119335,0.005376427
1779733737989687258,1779733738996031285,0.0,0.0,-0.34814948,-0.10692214,-0.024585493,0.054053813,0.24555996,0.0052372525
1779733738996031285,1779733740020022859,0.0,0.0,-0.41369137,-0.16383532,-0.06660262,0.022967419,0.16868173,0.0056064595
1779733745441033071,1779733746472887946,0.0,0.0,-0.32228014,-0.09677606,-0.011298231,0.07434128,0.21692978,0.0062637343
1779733746472887946,1779733747494803180,0.0,0.0,-0.37893167,-0.16395961,-0.06954855,-0.0033464206,0.19055691,0.0051532355
1779733748514511761,1779733749555513502,0.0,0.0,-0.39075282,-0.15199707,-0.029026493,0.044688255,0.23292111,0.004423954
1779733749555513502,1779733750562819002,0.0,0.0,-0.32066977,-0.08694003,0.008933018,0.09990521,0.28244752,0.006546547
1779733751583877749,1779733752591826415,0.0,0.0,-0.2959903,-0.07937105,0.044063166,0.09597478,0.27363163,0.0051153596
1779733755929661019,1779733756941945112,0.0,0.0,-0.35691777,-0.13860464,-0.009415317,0.05959905,0.28285956,0.0015189892
1779733756941945112,1779733757957756729,0.0,0.0,-0.28673327,-0.06511648,0.02087957,0.098478444,0.33966845,0.007821279
1779733759970400154,1779733760994052185,0.0,0.0,-0.40278745,-0.15437104,-0.05609146,0.012255457,0.21376179,0.0017446456
1779733760994052185,1779733762005822650,0.0,0.0,-0.3412088,-0.10535468,0.012429225,0.07370994,0.28584975,0.0013142222
1779733764247934930,1779733765270761711,0.0,0.0,-0.23941103,-0.0043374253,0.09561957,0.14775234,0.32316977,0.011478496
1779733765270761711,1779733766288028298,0.0,0.0,-0.2937241,-0.08549196,-0.008118137,0.056796376,0.20825103,0.005132468
1779733766288028298,1779733767300393811,0.0,0.0,-0.28004733,-0.03845014,0.03819785,0.102148764,0.29402378,0.006476071
1779733769414226911,1779733770429061750,0.0,0.0,-0.36458597,-0.14961675,-0.047774244,0.012393137,0.1938948,0.0072917813
1779733770429061750,1779733771430038132,0.0,0.0,-0.304325,-0.06403732,0.018040061,0.103064425,0.24144083,0.0059067644
1779733771430038132,1779733772442268920,0.0,0.0,-0.34794056,-0.10235361,0.01296989,0.07434357,0.24090001,0.006113185
1779733772442268920,1779733773461053672,0.0,0.0,-0.41030037,-0.20448081,-0.06369662,0.016006589,0.22028835,0.0037257234
1779733773461053672,1779733774476252755,0.0,0.0,-0.327879,-0.10642787,-0.008320714,0.044234276,0.19372523,0.008709959
1779733774476252755,1779733775484059287,0.0,0.0,-0.32063872,-0.084454305,0.0113555705,0.06524663,0.27663258,0.007004609
1779733775484059287,1779733776494053050,0.0,0.0,-0.31732887,-0.08436386,0.011167317,0.0641597,0.2428507,0.010589495
1779733777618894925,1779733778633581255,0.0,0.0,-0.41694626,-0.18038985,-0.0423435,0.042933036,0.22310731,0.007467487
1779733778633581255,1779733779643820742,0.0,0.0,-0.3403689,-0.11195757,0.014304418,0.075504676,0.26138824,0.0036153237
1779733779643820742,1779733780656606953,0.0,0.0,-0.39906144,-0.10416894,0.020997493,0.07438435,0.3019177,0.008448111
1779733780656606953,1779733781661696525,0.0,0.0,-0.509183,-0.27774584,-0.12457032,-0.050428394,0.17341135,0.0059611984
1779733783685923787,1779733784718609032,0.0,0.0,-0.41375962,-0.13517576,-0.03422751,0.03908169,0.20492005,0.007100614
1779733784718609032,1779733785729938045,0.0,0.0,-0.14679341,0.033945106,0.12970725,0.21891561,0.34366864,0.004859728
1779733785729938045,1779733786746228050,0.0,0.0,-0.3066466,-0.09603179,-0.00840397,0.07182978,0.25182602,0.0089809615
1779733786746228050,1779733787747277850,0.0,0.0,-0.3238784,-0.08063172,-0.0140665,0.07129299,0.2251485,0.0020395478
1779733787747277850,1779733788751958051,0.0,0.0,-0.3358297,-0.098009676,-0.008352533,0.051101025,0.28739768,0.004673747
1779733789769529491,1779733790780241731,0.0,0.0,-0.38915956,-0.15200284,-0.055773806,0.0077291015,0.21133386,0.009156279
1779733790780241731,1779733791804990732,0.0,0.0,-0.3448233,-0.13695723,-0.031844612,0.02405129,0.19990368,0.010067222
1779733792816535273,1779733793828458396,0.0,0.0,-0.37329885,-0.06781612,0.025282687,0.0955484,0.29926175,0.0035533805
1779733793828458396,1779733794843664921,0.0,0.0,-0.42976487,-0.21271408,-0.10208721,-0.036172356,0.13918938,0.00601227
1779733794843664921,1779733795852943251,0.0,0.0,-0.4086583,-0.20288563,-0.082702845,-0.01031847,0.15050846,0.0030157175
1779733798185035657,1779733799212064207,0.0,0.0,-0.49235848,-0.2405057,-0.099422,-0.026748456,0.12301264,0.006043488
1779733807572622935,1779733808585643636,0.0,0.0,-0.37456957,-0.13841319,-0.044635255,0.022472966,0.2517215,0.0028302278
1779733817625897153,1779733818638052486,0.0,0.0,-0.35807687,-0.14786176,-0.0105082635,0.073245585,0.25851518,0.0023384457
1779733818638052486,1779733819641809416,0.0,0.0,-0.56884575,-0.2874676,-0.15047847,-0.0797951,0.077366784,-0.0009271059
1779733819641809416,1779733820653837339,0.0,0.0,-0.27117106,-0.043052007,0.05957878,0.11166283,0.27964976,0.0051999786
1779733820653837339,1779733821661965311,0.0,0.0,-0.4193653,-0.17736122,-0.07663551,0.021564167,0.1926541,0.0038204277
1779733821661965311,1779733822663967932,0.0,0.0,-0.25272867,-0.08190524,0.018942863,0.075192764,0.25323078,0.0046759425
1779733822663967932,1779733823678236846,0.0,0.0,-0.37823582,-0.13658655,-0.022271788,0.044825375,0.19355604,0.008095614
1779733823678236846,1779733824681845981,0.0,0.0,-0.418029,-0.17488536,-0.044610947,0.011328463,0.23611169,0.0045988876
1779733825697708560,1779733826721725210,0.0,0.0,-0.36985248,-0.15179797,-0.055057228,0.0068062367,0.18850726,0.007294964
1779733826721725210,1779733827735627742,0.0,0.0,-0.35224697,-0.10248282,-0.0058648963,0.06142192,0.28094307,0.003653205
1779733828753892047,1779733829773662888,0.0,0.0,-0.324347,-0.13197155,-0.016459823,0.041643787,0.23107632,0.0042274944
1779733829773662888,1779733830795901542,0.0,0.0,-0.26657718,-0.04272276,0.07384536,0.12342577,0.31429142,0.0046880264
1779733830795901542,1779733831800120421,0.0,0.0,-0.32520485,-0.10624918,0.026295014,0.07978955,0.2778778,0.0058758054
1779733831800120421,1779733832817734119,0.0,0.0,-0.35999125,-0.14613348,-0.041092787,0.019837081,0.21892789,0.006126108
1779733832817734119,1779733833831813031,0.0,0.0,-0.40697458,-0.17725532,-0.015722482,0.047331743,0.26797765,-0.00018707974
1779733833831813031,1779733834841815377,0.0,0.0,-0.43411493,-0.18178773,-0.08010862,-0.021573078,0.15136445,0.0066373902
1779733836871841523,1779733837881902438,0.0,0.0,-0.48164722,-0.19601206,-0.07363436,-0.017767686,0.14435968,0.0074917804
1779733837881902438,1779733838896072201,0.0,0.0,-0.4283299,-0.17433242,-0.07842432,-0.017354928,0.19316395,0.006742861
1779733838896072201,1779733839901777160,0.0,0.0,-0.32884127,-0.069735825,0.020764356,0.07347041,0.30092955,0.004782013
1779733841917194950,1779733842945285944,-0.4639871837245053,0.011897107274723321,-0.28289384,-0.028144732,0.070994556,0.15304409,0.29037967,0.010135294
1779733842945285944,1779733843952072849,0.0,0.0,-0.34815106,-0.117131576,-0.023201559,0.03898672,0.21145952,0.0040905904
1779733846003577516,1779733847032646894,0.0,0.0,-0.35516796,-0.09602617,0.005896435,0.106153846,0.24934033,0.0066320854
1779733847032646894,1779733848034476521,0.0,0.0,-0.286016,-0.036357604,0.040763985,0.12984414,0.27806303,0.008590738
1779733849048289490,1779733850059076915,0.0,0.0,-0.3659449,-0.1498499,-0.010786843,0.049499463,0.25886536,0.0009780958
1779733850059076915,1779733851062780683,0.0,0.0,-0.3645507,-0.15088616,-0.056305956,0.003623413,0.22354706,0.004382838
1779733851062780683,1779733852065238882,0.0,0.0,-0.48400784,-0.18984234,-0.076118335,-0.013564278,0.18941025,0.0042924345
1779733852065238882,1779733853091495905,0.0,0.0,-0.35718718,-0.09813744,-0.009944364,0.070636384,0.22422428,0.008846619
1779733853091495905,1779733854093912567,0.0,0.0,-0.32750615,-0.1332372,-0.04252655,0.017992822,0.24538766,0.0029123912
1779733854093912567,1779733855111730349,0.0,0.0,-0.25884545,-0.06592691,0.017708201,0.08207421,0.22600423,0.004511251
1779733858393997428,1779733859419949457,0.0,0.0,-0.37686333,-0.12017826,-0.047543116,0.01607851,0.22138776,0.0023496174
1779733861490575559,1779733862511399267,0.0,0.0,-0.30771282,-0.074298054,0.018667573,0.091411866,0.3082665,0.0051359483
1779733862511399267,1779733863520124179,0.0,0.0,-0.32122147,-0.056864467,0.031062415,0.10560667,0.31350422,0.004002967
1779733863520124179,1779733864536394243,0.0,0.0,-0.3544418,-0.16334136,-0.06224065,-0.0064898436,0.2109081,0.0050281608
1779733864536394243,1779733865548169581,0.0,0.0,-0.38819125,-0.13582133,-0.05520361,0.025402451,0.1997822,0.0057342653
1779733865548169581,1779733866551992522,0.0,0.0,-0.2688815,-0.07010741,0.04971739,0.11261287,0.23967297,0.008054175
1779733866551992522,1779733867569627252,0.0,0.0,-0.42545176,-0.19573992,-0.084322155,-0.02140526,0.19353603,0.004979571
1779733867569627252,1779733868569841351,-0.9924893057755481,0.026824035291351286,-0.33280092,-0.10107254,-0.0059422506,0.050377212,0.21394281,0.009067416
1779733868569841351,1779733869573780498,0.0,0.0,-0.1970641,-0.050419167,0.06971746,0.14107756,0.2895139,0.0042675403
1779733869573780498,1779733870589922965,0.0,0.0,-0.18352495,-0.005077087,0.08708649,0.14115873,0.28122127,0.006648866
1779733871645736195,1779733872670157644,0.0,0.0,-0.42408136,-0.19018286,-0.0876805,-0.011390888,0.13268022,0.0048597544
1779733875691797078,1779733876709929119,0.0,0.0,-0.26376492,-0.026187776,0.0646255,0.12239376,0.34533963,0.0045162365
1779733876709929119,1779733877724753967,0.0,0.0,-0.3778274,-0.11366639,-0.03700555,0.04567324,0.2465793,0.005556557
1779733878741577561,1779733879770969236,0.0,0.0,-0.3137847,-0.07830803,0.035582144,0.103072286,0.33302453,0.002360511
1779733879770969236,1779733880775890734,0.0,0.0,-0.2044158,-0.011096727,0.08357628,0.16693702,0.29881242,0.006025261
1779733880775890734,1779733881783705493,0.0,0.0,-0.25968218,-0.045515638,0.031614114,0.09308348,0.259917,0.0050665904
1779733881783705493,1779733882805672803,0.0,0.0,-0.2323131,-0.08019362,0.035569385,0.10625156,0.24211603,0.0035778668
1779733882805672803,1779733883823806592,0.0,0.0,-0.49584648,-0.22099647,-0.10373477,-0.046353195,0.14302874,0.005244654
1779733883823806592,1779733884826540072,-0.6187444774198919,0.017187346594838004,-0.30586797,-0.030740585,0.06646209,0.11633193,0.29595736,0.0047588022
1779733885829795256,1779733886859413635,0.0,0.0,-0.3406641,-0.13673015,-0.04454164,0.041007034,0.20185317,0.0062027504
1779733886859413635,1779733887867824596,0.0,0.0,-0.34051582,-0.069194034,0.023626681,0.107623786,0.27313924,0.0061370214
1779733887867824596,1779733888871685662,0.0,0.0,-0.3986774,-0.1769419,-0.06356984,0.008080369,0.20888034,0.0056080655
1779733888871685662,1779733889887898649,0.0,0.0,-0.39491004,-0.13715395,-0.0053106314,0.07512943,0.26930606,0.0045162165
1779733889887898649,1779733890903911760,0.0,0.0,-0.3470162,-0.12755103,-0.030390041,0.03728259,0.21719795,0.0067369333
1779733894971275286,1779733895986716968,0.0,0.0,-0.30057016,-0.042195577,0.035194743,0.12394294,0.27997413,0.009649053
1779733895986716968,1779733897012542727,0.0,0.0,-0.34318015,-0.11917888,-0.01602868,0.061696906,0.2681349,0.0037028918
1779733898038085323,1779733899060003069,0.0,0.0,-0.3272947,-0.07057587,0.00807631,0.09991507,0.25125656,0.009153328
1779733899060003069,1779733900077769810,0.0,0.0,-0.29429358,-0.052614544,0.05705452,0.13342223,0.26772335,0.009796393
1779733901083032586,1779733902099643257,0.0,0.0,-0.49279502,-0.2239971,-0.0685306,0.008085875,0.21310684,0.005677773
1779733902099643257,1779733903120593758,0.0,0.0,-0.3094589,-0.054812986,0.021649662,0.11445676,0.25887284,0.008456638
1779733904152874697,1779733905158948069,0.0,0.0,-0.25317064,0.010977126,0.111508936,0.17387398,0.35510635,0.0068371915
1779733907397011491,1779733908416002291,0.0,0.0,-0.52630055,-0.25413775,-0.11046162,-0.027746879,0.15529087,0.005391649
1779733908416002291,1779733909416285400,0.0,0.0,-0.3704158,-0.09810279,-0.011459729,0.07580012,0.23015149,0.007317472
1779733909416285400,1779733910447947830,0.0,0.0,-0.39674783,-0.14380781,-0.071006365,-0.0070315353,0.17077889,0.007759103
1779733910447947830,1779733911471618731,0.0,0.0,-0.32104573,-0.06811896,0.024323944,0.09458599,0.30338967,0.0049633686
1779733911471618731,1779733912490563246,0.0,0.0,-0.13423148,0.0363728,0.10602987,0.16952874,0.32494614,0.00646694
1779733912490563246,1779733913502058757,0.0,0.0,-0.31184822,-0.067851044,0.043993488,0.10963813,0.2483332,0.011403737
1779733913502058757,1779733914527772087,0.0,0.0,-0.31799194,-0.078116484,0.015052442,0.07395605,0.3087859,0.004252613
1779733914527772087,1779733915551834654,0.0,0.0,-0.4998826,-0.21971762,-0.07502828,-0.011844938,0.16343655,0.0028300576
1779733915551834654,1779733916564243550,0.0,0.0,-0.5241966,-0.26941937,-0.11110149,-0.04183104,0.1582127,0.003264067
1779733916564243550,1779733917577793972,0.0,0.0,-0.3982381,-0.197171,-0.04822743,0.0107268905,0.20014507,0.0034824256
1779733918593969546,1779733919601881520,0.0,0.0,-0.30791828,-0.053286918,0.035581514,0.09459406,0.3429413,0.004552509
1779733921894530794,1779733922905771621,0.0,0.0,-0.31381044,-0.1093567,-0.033899244,0.026219688,0.23206542,0.0047944454
1779733922905771621,1779733923911682857,0.0,0.0,-0.43696508,-0.1688641,0.006124673,0.088542916,0.28221023,0.0040263953
1779733923911682857,1779733924944193849,0.0,0.0,-0.23568226,-0.02648231,0.0920775,0.14228678,0.33801365,0.006265869
1779733925991123953,1779733926991943650,0.0,0.0,-0.35718754,-0.079671904,0.016999414,0.095279776,0.27396154,0.007170422
1779733926991943650,1779733928012313751,0.0,0.0,-0.46096018,-0.19959018,-0.09129667,-0.031279057,0.17439117,0.0055124387
1779733928012313751,1779733929018507387,0.0,0.0,-0.3692465,-0.13609143,-0.021396581,0.05555912,0.2719505,0.006518046
1779733929018507387,1779733930033695379,0.0,0.0,-0.3882797,-0.1485067,-0.04915573,0.028159546,0.24789937,0.0014761002
1779733934438543547,1779733935454607921,0.0,0.0,-0.4296379,-0.14469638,-0.030164463,0.046855673,0.18728463,0.008224513
1779733935454607921,1779733936497935826,0.0,0.0,-0.42004058,-0.1744598,-0.05903765,0.009377853,0.14566103,0.0073278053
1779733936497935826,1779733937510611887,0.0,0.0,-0.25964168,0.0065396484,0.10003202,0.15998122,0.3288809,0.0065688463
1779733937510611887,1779733938529348662,0.0,0.0,-0.44363785,-0.15664431,-0.04232185,0.047278557,0.21148515,0.004385094
1779733938529348662,1779733939565937798,0.0,0.0,-0.31777495,-0.068179496,0.03772544,0.10054336,0.28748578,0.010280961
1779733939565937798,1779733940578654764,0.0,0.0,-0.35000604,-0.102248356,0.007938724,0.08972567,0.24018534,0.00712655
1779733940578654764,1779733941580261416,0.0,0.0,-0.2707002,-0.021709708,0.07726046,0.15843725,0.28883156,0.008867614
1779733941580261416,1779733942603923891,0.0,0.0,-0.36928892,-0.12894702,-0.04112148,0.0539281,0.20034607,0.005043883
1779733942603923891,1779733943614000015,0.0,0.0,-0.31482708,-0.122082,-0.00976178,0.049621258,0.27134618,0.0038662483
1779733943614000015,1779733944629639405,0.0,0.0,-0.37687683,-0.14928898,-0.029484509,0.038365763,0.24718755,0.006968358
1779733947902454713,1779733948921901659,0.0,0.0,-0.3497978,-0.10641807,0.012115561,0.061357487,0.28817096,0.0075596357
1779733948921901659,1779733949942301417,0.0,0.0,-0.38107583,-0.17163321,-0.027141854,0.03409181,0.23882054,0.0048584375
1779733949942301417,1779733950955744363,0.0,0.0,-0.35586724,-0.10254895,-0.0060778544,0.05332655,0.30450085,0.00907715
1779733950955744363,1779733951957947279,0.0,0.0,-0.35353115,-0.14445408,-0.007751706,0.059402306,0.25458282,0.0044551515
1779733951957947279,1779733952979651474,0.0,0.0,-0.39158967,-0.20425549,-0.08733033,-0.023005046,0.13092174,0.006739426
1779733952979651474,1779733953991842837,0.0,0.0,-0.31492722,-0.09074409,0.03635695,0.09487901,0.28602847,0.0017728157
1779733953991842837,1779733955009799975,-0.657491862163845,0.017302417425363023,-0.36582088,-0.15794228,-0.041859426,0.015592803,0.25053608,0.003115136
1779733955009799975,1779733956019842120,0.0,0.0,-0.36053526,-0.12616082,-0.004925445,0.060232256,0.22005326,0.0057824417
1779733956019842120,1779733957027924402,0.0,0.0,-0.31538546,-0.07991267,0.003286445,0.07660803,0.27639535,0.011099977
1779733959068023473,1779733960070565309,0.0,0.0,-0.33637398,-0.07273629,0.034295462,0.095044754,0.2798267,0.009468342
1779733961082526863,1779733962093789100,0.0,0.0,-0.4843927,-0.21937956,-0.10068209,-0.029537883,0.14082558,0.004185943
1779733962093789100,1779733963112665276,0.0,0.0,-0.28412104,-0.10074269,-0.0115809385,0.07197945,0.23199001,0.004942022
1779733964119735496,1779733965129610195,0.0,0.0,-0.3813072,-0.15623818,-0.03320345,0.04149689,0.21302104,0.001309463
1779733965129610195,1779733966135914541,0.0,0.0,-0.29687318,-0.051447883,0.065885454,0.122242056,0.33384404,0.00700576
1779733966135914541,1779733967164481031,0.0,0.0,-0.32925949,-0.10141166,-0.0044995993,0.05489923,0.21858402,0.0071290587
1779733967164481031,1779733968173879822,0.0,0.0,-0.43066567,-0.20900086,-0.07369161,-0.016969554,0.1998909,0.00503771
1779733968173879822,1779733969203914265,0.0,0.0,-0.3232201,-0.1004078,-0.0041378806,0.05928877,0.28875434,0.0064916452
1779733972614545031,1779733973642243348,0.0,0.0,-0.3552875,-0.08952352,-0.016515039,0.0618818,0.2589375,0.005672882
1779733973642243348,1779733974656603099,0.0,0.0,-0.3433224,-0.14799802,-0.013571137,0.049772747,0.28757578,0.0031152102
1779733975679743014,1779733976695696703,0.0,0.0,-0.43128288,-0.2031835,-0.082527,-0.010716766,0.2016163,0.006134714
1779733976695696703,1779733977707806084,0.0,0.0,-0.2960095,-0.029652305,0.09017371,0.13485025,0.37707505,0.007266481
1779733978724815155,1779733979739042165,0.0,0.0,-0.32270208,-0.12002759,-0.009345754,0.059736032,0.24278012,0.0032941778
1779733979739042165,1779733980740111479,0.0,0.0,-0.42208326,-0.15772974,-0.05724942,0.012708014,0.17552148,0.007440084
1779733982769367545,1779733983774473988,0.0,0.0,-0.26997507,-0.015508288,0.083438314,0.14318657,0.31173864,0.0068099676
1779733983774473988,1779733984776944387,0.9798202166678956,0.05156948508736778,-0.43808895,-0.23063864,-0.08150203,-0.00097378914,0.16830051,0.0022617527
1779733984776944387,1779733985799467867,0.0,0.0,-0.27743325,-0.038675576,0.066782795,0.1491146,0.28232837,0.008355003
1779733985799467867,1779733986823652462,0.0,0.0,-0.34572354,-0.13883778,-0.008130757,0.061636977,0.25188622,0.0036907406
1779733986823652462,1779733987824579937,0.0,0.0,-0.3953412,-0.13469398,-0.029870372,0.058235783,0.25859925,0.0026352173
1779733987824579937,1779733988850561914,0.0,0.0,-0.26684338,-0.021737374,0.07110317,0.13216351,0.33076438,0.0058090664
1779733988850561914,1779733989862077572,0.0,0.0,-0.36394814,-0.12405235,-0.03295496,0.029952789,0.23437148,0.006644352
1779733989862077572,1779733990865741015,0.0,0.0,-0.42481375,-0.2220883,-0.10826868,-0.017899022,0.1399661,0.0059358547
1779733991877773700,1779733992891476342,0.0,0.0,-0.35125768,-0.14068447,-0.01845254,0.044873197,0.2854112,0.004201539
1779733993893684143,1779733994911629616,0.0,0.0,-0.3803519,-0.13203572,-0.036204945,0.028122127,0.25313863,0.0054005366
1779733994911629616,1779733995913903216,0.0,0.0,-0.4023248,-0.13414517,-0.0047928044,0.0616565,0.21959925,0.0024629498
1779733998096021373,1779733999103986486,0.0,0.0,-0.3755425,-0.19437255,-0.06389985,0.02696279,0.25859684,0.004369324
1779734001132188075,1779734002171122958,0.0,0.0,-0.4391909,-0.14801879,-0.029835824,0.047584333,0.19740398,0.0053421715
1779734002171122958,1779734003199785499,0.0,0.0,-0.32217118,-0.03244579,0.05768966,0.12652737,0.3048547,0.0054274383
1779734003199785499,1779734004217790562,0.0,0.0,-0.34159905,-0.110494114,-0.04444105,0.035748307,0.20815308,0.006568349
1779734004217790562,1779734005225594148,0.0,0.0,-0.50536734,-0.26044002,-0.14447258,-0.07495317,0.16736814,0.007129801
1779734005225594148,1779734006227732351,0.0,0.0,-0.33567762,-0.13232286,-0.020376418,0.04525677,0.26286453,0.0022821547
1779734006227732351,1779734007239664997,0.0,0.0,-0.37892842,-0.16688146,-0.05644604,0.024451382,0.19575085,0.0015712709
1779734007239664997,1779734008251845908,0.0,0.0,-0.24770454,0.0101336455,0.0833497,0.13836953,0.35517347,0.006591975
1779734009254616727,1779734010265738446,0.0,0.0,-0.44168472,-0.18843329,-0.07543962,-0.008710262,0.18572704,0.00533658
1779734013374164330,1779734014384805498,0.0,0.0,-0.35434452,-0.131079,-0.011054527,0.052724253,0.25686657,0.004765196
1779734014384805498,1779734015403573030,0.0,0.0,-0.24953698,-0.039446346,0.06514795,0.12502407,0.31494835,0.007142851
1779734015403573030,1779734016412921091,0.0,0.0,-0.35709256,-0.13926251,-0.006846617,0.07146839,0.27913862,0.0012016936
1779734018629581484,1779734019639944498,0.0,0.0,-0.3520266,-0.1725493,-0.012411846,0.05018798,0.25968355,0.0055555296
1779734019639944498,1779734020645790633,0.0,0.0,-0.37471792,-0.1688849,-0.057867695,0.011115249,0.20468058,0.0051955925
1779734020645790633,1779734021668419362,-1.1601324368636288,0.0331466410535037,-0.39248797,-0.1727618,-0.05529636,0.007973435,0.18528667,0.0057828687
1779734021668419362,1779734022672003858,0.0,0.0,-0.39497742,-0.14401676,-0.035752505,0.031652767,0.16882314,0.008071581
1779734022672003858,1779734023677827539,0.0,0.0,-0.25948054,-0.07692925,0.002358308,0.07914246,0.25977302,0.005700752
1779734023677827539,1779734024689564310,0.0,0.0,-0.5153801,-0.25822636,-0.09493437,-0.021574665,0.19698091,0.005464659
1779734024689564310,1779734025695561557,0.0,0.0,-0.33704987,-0.116153,-0.013818527,0.051044174,0.2443125,0.0052095386
1779734025695561557,1779734026703886729,0.0,0.0,-0.29300424,-0.095208794,0.005790761,0.080972634,0.23299007,0.004075944
1779734028721612072,1779734029743625447,0.0,0.0,-0.32390454,-0.09538501,-0.026135009,0.05122205,0.23808606,0.004405909
1779734030746817602,1779734031759009370,0.0,0.0,-0.32796112,-0.09425534,0.008247488,0.092248514,0.27945912,0.006866988
1779734032773955121,1779734033787570294,0.0,0.0,-0.3103962,-0.06531999,0.03711365,0.10462306,0.30712363,0.0027871842
1779734033787570294,1779734034801453827,0.0,0.0,-0.26536348,-0.05237721,0.04879756,0.09994999,0.29688123,0.0066966377
1779734034801453827,1779734035818610438,0.0,0.0,-0.41037878,-0.20048481,-0.10808411,-0.041594356,0.15739848,0.007160315
1779734035818610438,1779734036830714336,0.0,0.0,-0.4663214,-0.19208491,-0.069903195,-0.0066223913,0.1980132,0.00351552
1779734036830714336,1779734037843778557,0.0,0.0,-0.38899183,-0.15335973,-0.054613233,0.016877737,0.17510153,0.003357665
1779734037843778557,1779734038859699415,0.0,0.0,-0.2868796,-0.032287348,0.063663006,0.11191071,0.33375633,0.007544386
1779734038859699415,1779734039868621975,1.0183456918586637,0.02909559119603143,-0.3882715,-0.15485601,-0.05456336,0.014703227,0.2277293,0.0027812491
1779734462013614174,1779734463017565333,0.0,0.0,-0.35825592,-0.114596866,-0.012950668,0.053050328,0.2839212,0.0037304156
1779734526247467238,1779734527257413463,0.0,0.0,-0.29713553,-0.05410854,0.0150577845,0.09227196,0.2562699,0.008092526
1779734531639753439,1779734532656057498,0.0,0.0,-0.41143405,-0.15519696,-0.057732932,0.0032332113,0.19416773,0.005196821
1779734534663447766,1779734535675816420,0.0,0.0,-0.3495384,-0.070634656,0.031235669,0.09395913,0.2271344,0.005581102
1779734537809497503,1779734538823444576,0.0,0.0,-0.5222321,-0.2709869,-0.14403868,-0.07858318,0.17273849,0.006202965
1779734538823444576,1779734539839596507,0.0,0.0,-0.44420978,-0.2062902,-0.06903665,-0.00548013,0.1725857,0.004037266
1779734539839596507,1779734540855735084,0.0,0.0,-0.40990072,-0.1794369,-0.042476747,0.013542677,0.1996549,0.008044086
1779734540855735084,1779734541863345837,0.0,0.0,-0.3621638,-0.1475073,-0.022939006,0.052144796,0.2530364,0.0010991996
1779734541863345837,1779734542873728372,0.0,0.0,-0.3811375,-0.14070705,-0.036462694,0.030595511,0.25342643,-0.00029179055
1779734542873728372,1779734543883422085,0.0,0.0,-0.39210862,-0.19002715,-0.034134082,0.029615518,0.22317328,0.0017414932
1779734543883422085,1779734544893738481,0.0,0.0,-0.45522675,-0.1951638,-0.06015,0.008475586,0.236149,0.009657586
1779734545897831544,1779734546915512172,0.0,0.0,-0.42582598,-0.21071365,-0.08699287,0.002712865,0.1534874,0.0046569277
1779734546915512172,1779734547937110684,0.0,0.0,-0.36631212,-0.17127447,-0.036445197,0.043611076,0.23110743,0.0016090482
1779734547937110684,1779734548971598672,0.0,0.0,-0.33470747,-0.08793997,0.023980469,0.091147915,0.23466145,0.011703743
1779734548971598672,1779734549996414565,0.0,0.0,-0.37193722,-0.15438487,-0.040285323,0.04965317,0.22438017,0.00501949
1779734549996414565,1779734551015649438,0.0,0.0,-0.3405285,-0.10843349,-0.009766071,0.04746779,0.2328285,0.011024694
1779734552031536136,1779734553052746079,0.0,0.0,-0.3264279,-0.10204881,-0.030992432,0.03870875,0.20923378,0.0050322255
1779734553052746079,1779734554075824915,0.0,0.0,-0.3496984,-0.12345626,-0.027200243,0.046340622,0.24400224,0.004311049
1779734555078293994,1779734556079753773,0.0,0.0,-0.40781283,-0.15616092,-0.046741366,0.033391237,0.18692338,0.0062295836
1779734556079753773,1779734557104653469,0.0,0.0,-0.43839735,-0.2184094,-0.10219176,-0.041919775,0.20857583,0.004861863
1779734557104653469,1779734558108529326,0.0,0.0,-0.30310586,-0.05701731,0.028617887,0.07915683,0.28200358,0.006641368
1779734558108529326,1779734559111759319,0.0,0.0,-0.3723086,-0.15050907,-0.018372152,0.05231035,0.20803007,0.0045396555
1779734559111759319,1779734560133262810,0.0,0.0,-0.3633353,-0.11164876,-0.038840037,0.039192006,0.20703441,0.0068983
1779734560133262810,1779734561147594150,0.0,0.0,-0.35365236,-0.14730571,-0.020493777,0.050605405,0.21797831,0.005034538
1779734561147594150,1779734562167138727,0.0,0.0,-0.47003573,-0.21967864,-0.10768479,-0.04597468,0.17511731,0.006722996
1779734562167138727,1779734563169298005,0.0,0.0,-0.33890823,-0.06915473,0.022025215,0.10016757,0.28694814,0.007477983
1779734563169298005,1779734564187475543,0.0,0.0,-0.15070409,0.050200645,0.15184803,0.21133754,0.3527994,0.006111043
1779734564187475543,1779734565195704650,0.0,0.0,-0.39370564,-0.13505575,0.0017624035,0.08898064,0.2750562,0.0023913262
1779734565195704650,1779734566207671393,0.0,0.0,-0.31918752,-0.069810726,-0.0005615197,0.080537684,0.2953887,0.008897502
1779734566207671393,1779734567236513937,0.0,0.0,-0.3033249,-0.07672201,-0.00027888198,0.06130717,0.20069607,0.0059845145
1779734567236513937,1779734568239574468,0.0,0.0,-0.29482242,-0.06746735,0.009683912,0.10113343,0.24440156,0.005583965
1779734568239574468,1779734569353680464,0.0,0.0,-0.4835837,-0.19571504,-0.06770499,-0.00031958873,0.23352428,0.0049227555
1779734569353680464,1779734570355679513,0.0,0.0,-0.35943237,-0.121207334,-0.010095808,0.0628938,0.21628523,0.008766071
1779734570355679513,1779734571376748014,0.0,0.0,-0.19266771,0.047587868,0.14183642,0.18996014,0.39820582,0.0071981573
1779734573619756451,1779734574635346330,0.0,0.0,-0.31540766,-0.112749994,-0.0102505395,0.055942114,0.25749734,0.0062919096
1779734574635346330,1779734575644377273,0.0,0.0,-0.34706286,-0.1278174,0.010702536,0.07296495,0.23153307,0.008729475
1779734575644377273,1779734576664610108,0.0,0.0,-0.30704755,-0.07611159,-0.0027637193,0.071472146,0.26406085,0.0084782345
1779734576664610108,1779734577665463914,0.0,0.0,-0.40132868,-0.17096648,-0.07237691,-0.0051736515,0.1854398,0.0018950109
1779734577665463914,1779734578679306396,0.0,0.0,-0.3268703,-0.08867346,-0.008992807,0.07846272,0.23014583,0.0070589795
1779734578679306396,1779734579693521294,0.0,0.0,-0.3640231,-0.13498811,-0.02110382,0.052640367,0.21536492,0.00087740313
1779734579693521294,1779734580701577449,0.0,0.0,-0.49419147,-0.23017909,-0.08696214,-0.01421512,0.22279468,0.008486287
1779734580701577449,1779734581717490928,0.0,0.0,-0.45747134,-0.2126869,-0.09169807,-0.031510327,0.16422172,0.0046146777
1779734581717490928,1779734582731489121,0.0,0.0,-0.42760682,-0.20651563,-0.056736097,0.0055341567,0.2186688,0.005833555
1779734582731489121,1779734583739371770,0.0,0.0,-0.35866463,-0.0938152,0.018940087,0.082421884,0.24075076,0.0059103705
1779734583739371770,1779734584757320580,0.0,0.0,-0.3053474,-0.08706537,0.006249849,0.08497155,0.24803169,0.0055276123
1779734584757320580,1779734585763586505,0.0,0.0,-0.28647488,-0.09526401,-0.01871143,0.05646433,0.24429539,0.0072679594
1779734585763586505,1779734586779330012,0.0,0.0,-0.27866802,-0.051680204,0.07912466,0.14072625,0.35597122,0.0069402233
1779734586779330012,1779734587797498488,0.0,0.0,-0.34248927,-0.12635317,-0.014181457,0.049623124,0.2884242,0.005374687
1779734590017704630,1779734591027822237,0.0,0.0,-0.42656085,-0.18714376,-0.0862314,-0.030586554,0.15061101,0.0069399606
1779734591027822237,1779734592037502860,0.0,0.0,-0.2938152,-0.05711862,0.046969954,0.10840993,0.2840865,0.0055793663
1779734592037502860,1779734593047918581,0.0,0.0,-0.4029817,-0.13397743,-0.05140876,0.020605028,0.23502709,0.001995663
1779734593047918581,1779734594067892441,0.0,0.0,-0.44131735,-0.16087916,-0.07230482,0.013080509,0.16423604,0.0038076607
1779734594067892441,1779734595086058577,0.0,0.0,-0.3903654,-0.19451094,-0.056948192,0.016502209,0.19506781,0.003105078
1779734595086058577,1779734596099314720,0.0,0.0,-0.31815577,-0.14282362,-0.028974473,0.017509006,0.2016437,0.0036302817
1779734602654624082,1779734603676063789,0.0,0.0,-0.27351537,-0.08013205,0.00673686,0.09031815,0.2654573,0.004919355
1779734603676063789,1779734604684728314,0.0,0.0,-0.45054018,-0.24214584,-0.0651773,0.02222196,0.2073172,0.0032695723
1779734604684728314,1779734605705029301,0.0,0.0,-0.18075472,-0.033956464,0.07400709,0.14575909,0.29091275,0.0044693146
1779734605705029301,1779734606723043724,0.0,0.0,-0.42223936,-0.17030449,-0.08911211,-0.008819949,0.14835304,0.0050625326
1779734606723043724,1779734607727939563,0.0,0.0,-0.39667588,-0.18501028,-0.083639845,-0.01220402,0.1891912,0.0055655306
1779734607727939563,1779734608751380500,0.0,0.0,-0.4455714,-0.23175076,-0.10401745,-0.033393383,0.14993754,0.003794168
1779734608751380500,1779734609769556746,0.0,0.0,-0.32585496,-0.10886454,-0.011414146,0.043711245,0.2610176,0.005307458
1779734609769556746,1779734610775394521,0.0,0.0,-0.35374156,-0.100202054,0.008003575,0.069483764,0.29020122,0.0025747
1779734610775394521,1779734611791378044,0.0,0.0,-0.31129664,-0.08223895,0.025421767,0.0749154,0.2791222,0.006366535
1779734611791378044,1779734612801615611,0.0,0.0,-0.3525916,-0.13092445,-0.017837016,0.05915895,0.27248716,0.006798364
1779734612801615611,1779734613817196278,0.0,0.0,-0.3261614,-0.106034964,0.017051784,0.06630668,0.2801899,0.0053713056
1779734613817196278,1779734614829377064,0.0,0.0,-0.5199828,-0.27173015,-0.1135181,-0.04352164,0.1717927,0.002967027
1779734614829377064,1779734615833404196,0.0,0.0,-0.27737343,-0.044159837,0.04062598,0.09900681,0.31434354,0.008669087
1779734615833404196,1779734616846071110,0.0,0.0,-0.2895672,-0.09062776,0.02421918,0.084004596,0.22663328,0.0031976204
1779734616846071110,1779734617849899942,0.0,0.0,-0.30937135,-0.11752635,-0.030842807,0.058748525,0.23974165,0.008453988
1779734617849899942,1779734618861613248,0.0,0.0,-0.3642982,-0.121570475,-0.037708905,0.02104697,0.18904647,0.005511541
1779734618861613248,1779734619877562171,0.0,0.0,-0.32724038,-0.09193702,0.015107378,0.08298324,0.23016854,0.004862416
1779734621920455670,1779734622935097408,0.0,0.0,-0.31695852,-0.12770304,0.009888425,0.07649456,0.24134971,0.0082363365
1779734622935097408,1779734623948710361,0.0,0.0,-0.38979435,-0.17030779,-0.067169525,-0.0019167858,0.21669637,0.0033962878
1779734623948710361,1779734624957351726,0.0,0.0,-0.39525515,-0.15152313,-0.038134493,0.040547457,0.19877322,0.0066858605
1779734624957351726,1779734625977422765,0.0,0.0,-0.32832775,-0.11106681,0.021237276,0.08199655,0.24408294,0.0034393608
1779734625977422765,1779734626981910479,0.0,0.0,-0.37531644,-0.14419584,-0.041182715,0.029562283,0.23469295,0.0027007936
1779734627983507071,1779734628986496356,0.0,0.0,-0.2879526,-0.032641977,0.049856447,0.10016225,0.3078293,0.005378804
1779734630001523799,1779734631026482647,0.0,0.0,-0.3152685,-0.09046824,0.011532114,0.082278796,0.2807598,0.0039043683
1779734631026482647,1779734632044192152,0.0,0.0,-0.20395677,-0.044305272,0.036311228,0.105037056,0.26532462,0.0055319564
1779734632044192152,1779734633063269448,0.0,0.0,-0.28107736,-0.058730144,0.05634151,0.13066556,0.28156462,0.006429585
1779734633063269448,1779734634076232140,0.0,0.0,-0.48236892,-0.25024843,-0.13836983,-0.063977465,0.10615039,0.0027995247
1779734634076232140,1779734635094548860,0.0,0.0,-0.5565583,-0.28234354,-0.15821125,-0.07538869,0.13481876,0.0029964542
1779734636103450084,1779734637136958563,0.0,0.0,-0.32777196,-0.09532958,-0.010460932,0.059312914,0.305571,0.008481528
1779734637136958563,1779734638146122604,0.0,0.0,-0.32950643,-0.056444477,0.052572135,0.11635381,0.29797956,0.009461924
1779734638146122604,1779734639151545848,0.0,0.0,-0.30705255,-0.045151472,0.04972159,0.115484014,0.26908702,0.006854198
1779734641376161562,1779734642376676142,0.0,0.0,-0.38024628,-0.105611734,-0.018343156,0.07082525,0.22141461,0.007969475
1779734642376676142,1779734643391458529,-0.4511867501395761,0.015039558338258985,-0.3367039,-0.112748355,0.02036109,0.07992692,0.29549143,0.006534481
1779734643391458529,1779734644393864744,-1.3794686102520113,0.05517874441025583,-0.27054426,-0.07452576,0.05108068,0.130432,0.28112298,0.0061992723
1779734644393864744,1779734645398912221,0.0,0.0,-0.33670777,-0.1256758,0.0074173044,0.0703614,0.20031406,0.008171943
1779734645398912221,1779734646422549026,0.0,0.0,-0.30655035,-0.06600613,0.019785598,0.079656065,0.2973765,0.0073670517
1779734646422549026,1779734647437893929,0.0,0.0,-0.3674017,-0.089670226,0.014968719,0.0736349,0.26489517,0.0050224215
1779734648446297752,1779734649461279319,0.0,0.0,-0.412448,-0.17525156,-0.057794377,0.011497589,0.20483318,0.006690335
1779734649461279319,1779734650494772331,0.0,0.0,-0.28151804,-0.07030129,0.02405549,0.09902237,0.31162208,0.005518047
1779734650494772331,1779734651522163339,0.0,0.0,-0.27447605,-0.024559554,0.050263118,0.1457158,0.28309065,0.008700869
1779734651522163339,1779734652538513180,0.0,0.0,-0.46998215,-0.23222107,-0.11368186,-0.05185684,0.17427331,0.00664982
1779734652538513180,1779734653561467583,0.0,0.0,-0.33160242,-0.109266125,-0.011627641,0.04419674,0.21868315,0.010531334
1779734653561467583,1779734654569497340,0.0,0.0,-0.29788938,-0.09662105,0.017231384,0.086122,0.2653974,0.0053984667
1779734654569497340,1779734655579229092,0.0,0.0,-0.32434857,-0.07003159,0.009170867,0.084727235,0.26809862,0.0074809957
1779734655579229092,1779734656605241805,0.0,0.0,-0.32824755,-0.10408806,0.0075149303,0.07888418,0.26114792,0.00857193
1779734656605241805,1779734657619278723,0.0,0.0,-0.49726292,-0.21493311,-0.04639327,0.014410652,0.25781423,0.0074410844
1779734657619278723,1779734658629342520,0.0,0.0,-0.23750466,-0.018317986,0.095779456,0.14585383,0.3385526,0.00528374
1779734658629342520,1779734659638547898,0.0,0.0,-0.39215338,-0.15578038,-0.0069116545,0.043139998,0.23199402,0.004730906
1779734659638547898,1779734660657580681,0.0,0.0,-0.39903876,-0.13993281,-0.03398572,0.029354667,0.25370884,0.004743571
1779734660657580681,1779734661667336554,0.0,0.0,-0.28089258,-0.11219589,-0.00276106,0.06287029,0.22810757,0.0018747343
1779734662673322023,1779734663683525236,0.0,0.0,-0.29785305,-0.07544034,0.04959429,0.10064432,0.28966242,0.008480229
1779734663683525236,1779734664703512103,0.0,0.0,-0.2726344,-0.09103892,-0.017114978,0.050922286,0.2224916,0.005125932
1779734664703512103,1779734665707488623,0.0,0.0,-0.33645037,-0.110552736,-0.013035907,0.057162244,0.21320935,0.006725106
1779734665707488623,1779734666725305089,0.0,0.0,-0.2917004,-0.06888338,0.045230366,0.09946996,0.34814927,0.0050939224
1779734667735795293,1779734668751451352,0.0,0.0,-0.34910095,-0.0737011,0.029705143,0.09272174,0.27369583,0.0063524484
1779734668751451352,1779734669766795782,0.0,0.0,-0.45048714,-0.24289992,-0.10831025,-0.03370168,0.15016942,0.0043013156
1779734669766795782,1779734670770870735,0.0,0.0,-0.4007253,-0.15400451,-0.07291023,0.00826685,0.16048303,0.0050426964
1779734670770870735,1779734671774051156,0.0,0.0,-0.2635784,0.009356392,0.106815346,0.16453496,0.33941823,0.0071672485
1779734671774051156,1779734672793466095,0.9411534164374066,0.02476719516960426,-0.3496438,-0.14179501,-0.043425832,0.047013298,0.2067874,0.005789117
1779734672793466095,1779734673797181158,0.0,0.0,-0.45427126,-0.21076396,-0.0674719,0.012171758,0.18880816,0.0018051105
1779734673797181158,1779734674801444438,0.0,0.0,-0.16444826,0.012734923,0.086866885,0.15716082,0.33457538,0.007499219
1779734674801444438,1779734675814144719,0.0,0.0,-0.221898,-0.002458547,0.07951022,0.14082243,0.38391677,0.006901307
1779734675814144719,1779734676819477646,0.0,0.0,-0.32052273,-0.074218765,0.021922434,0.08037127,0.20937346,0.0061081825
1779734676819477646,1779734677837438538,0.0,0.0,-0.42153364,-0.17192706,-0.035867605,0.016838219,0.16062678,0.0061931964
1779734677837438538,1779734678862107726,0.3738582819697642,0.009838375841260478,-0.37936825,-0.13219745,-0.030054286,0.034202993,0.2446845,0.00909658
1779734678862107726,1779734679873699307,0.0,0.0,-0.3388018,-0.10059127,0.01643085,0.07608143,0.25580058,0.0038626692
1779734679873699307,1779734680881501502,0.0,0.0,-0.4426562,-0.16947751,-0.056316853,-0.0028902483,0.20316413,0.004864888
1779734682939995128,1779734683947828356,0.0,0.0,-0.38921645,-0.14679134,-0.010936162,0.043574825,0.18173629,0.004107663
1779734683947828356,1779734684975409249,0.0,0.0,-0.30674094,-0.11301152,0.0013169155,0.06135238,0.28875205,0.0036178676
1779734684975409249,1779734685981376084,0.0,0.0,-0.30553058,-0.1177579,0.018452212,0.07069739,0.28901926,0.00563507
1779734685981376084,1779734686991569869,0.0,0.0,-0.36529776,-0.18066756,-0.06826331,0.0047189724,0.21405084,0.0039189416
1779734686991569869,1779734687995266987,0.0,0.0,-0.36832032,-0.11668987,-0.014058964,0.049184985,0.2252095,0.006231784
1779734687995266987,1779734689013473460,0.0,0.0,-0.25401413,0.012539425,0.1331931,0.17664917,0.38011843,0.0065230853
1779734689013473460,1779734690037331774,1.4178866423384069,0.037312806377274764,-0.36438265,-0.12920657,-0.003299112,0.06344905,0.24812463,0.0113152405
1779734690037331774,1779734691049211280,0.0,0.0,-0.26367202,-0.055864856,0.06874461,0.117424384,0.31507412,0.006538806
1779734691049211280,1779734692057607842,0.0,0.0,-0.22303009,-0.039152373,0.048507992,0.097237945,0.26123568,0.0062820967
1779734694074244578,1779734695083357492,0.0,0.0,-0.26318502,-0.053130317,0.030779077,0.102037705,0.27262035,0.008604471
1779734695083357492,1779734696152932783,0.33510746964171945,0.010472108426529125,-0.3662601,-0.15407568,-0.060660154,0.015177292,0.22138952,0.00281031
1779734696152932783,1779734697174398257,0.0,0.0,-0.38304803,-0.15119226,0.01068924,0.07135633,0.20498048,0.008117786
1779734697174398257,1779734698197432494,-1.0182459369195163,0.026795945708395143,-0.3307388,-0.110894114,-0.031099971,0.026602378,0.26201382,0.0048902505
1779734698197432494,1779734699205348137,0.0,0.0,-0.21632242,-0.02140267,0.07372842,0.13582936,0.29750252,0.0059129437
1779734699205348137,1779734700226280583,0.0,0.0,-0.25322086,-0.01328626,0.1064488,0.16383824,0.3355706,0.008873315
1779734700226280583,1779734701240106075,0.0,0.0,-0.44619453,-0.2390135,-0.1064048,-0.044519924,0.10380853,0.0049942434
1779734701240106075,1779734702255251021,0.0,0.0,-0.359969,-0.17108224,-0.0031120244,0.06874743,0.27548727,0.0037855117
1779734703269069953,1779734704275267844,0.0,0.0,-0.29799548,-0.11255587,0.017022928,0.08477196,0.255937,0.009157993
1779734704275267844,1779734705283565892,0.0,0.0,-0.33304,-0.05830859,0.033612687,0.09708359,0.3049329,0.006134288
1779734705283565892,1779734706294224648,0.0,0.0,-0.36781374,-0.10740341,-0.008176013,0.04209352,0.27963287,0.008381471
1779734706294224648,1779734707303541749,0.0,0.0,-0.30152506,-0.08753997,0.03573739,0.10094702,0.2932669,0.0039859726
1779734707303541749,1779734708327451385,0.0,0.0,-0.3684077,-0.12572433,-0.0517772,0.020999989,0.21246482,0.0074520255
1779734711625687586,1779734712637610312,0.0,0.0,-0.3241493,-0.09414216,0.015559725,0.078299865,0.25081885,0.0061470796
1779734712637610312,1779734713661287090,0.0,0.0,-0.28353882,-0.062496975,0.05809043,0.10890296,0.31864107,0.006130922
1779734713661287090,1779734714669127738,-0.28358061779922633,0.007664341021540155,-0.3366582,-0.08434,0.024828637,0.09388015,0.27272227,0.0018226885
1779734714669127738,1779734715676207668,0.0,0.0,-0.40952244,-0.19200036,-0.060438566,-0.0025658074,0.17048547,0.005976479
1779735182899517643,1779735183911353220,0.0,0.0,-0.11922278,0.047013123,0.1496849,0.23816839,0.35315776,0.0028644695
1779735184924190200,1779735185932672669,0.0,0.0,-0.245224,0.0026579518,0.0983398,0.15941055,0.34185615,0.007503202
1779735185932672669,1779735186935671739,0.0,0.0,-0.3863463,-0.15857558,-0.039815854,0.043581683,0.19553861,0.0064656083
1779735194128632400,1779735195141197621,0.0,0.0,-0.3370464,-0.10854887,-0.015068585,0.0435947,0.21825644,0.006941918
1779735197210924930,1779735198233966076,0.0,0.0,-0.3505547,-0.107066534,0.0042950623,0.07933944,0.22551121,0.0074058403
1779735198233966076,1779735199249436991,0.0,0.0,-0.4299422,-0.21065567,-0.0870283,-0.02649815,0.20178048,0.0038761655
1779735199249436991,1779735200268368559,0.0,0.0,-0.35637423,-0.15078744,-0.023933252,0.04573205,0.215166,0.0052246833
1779735200268368559,1779735201282547047,0.0,0.0,-0.37334257,-0.1424255,-0.046379298,0.016949352,0.21045317,0.007603561
1779735201282547047,1779735202301789777,0.0,0.0,-0.42112195,-0.20714661,-0.09570873,-0.031198904,0.16496442,0.003620691
1779735202301789777,1779735203312798713,0.0,0.0,-0.41234443,-0.19547608,-0.08875296,-0.019003678,0.18728286,0.006568733
1779735204339118376,1779735205347931040,0.0,0.0,-0.40898165,-0.21057202,-0.07425199,-0.016666155,0.21960253,0.003419482
1779735207376728946,1779735208385644974,0.0,0.0,-0.31243438,-0.051348273,0.053377055,0.11824713,0.31446335,0.008959268
1779735208385644974,1779735209393042274,0.0,0.0,-0.46950284,-0.22453779,-0.11885477,-0.04255093,0.13206372,0.0025460823
1779735209393042274,1779735210400596840,0.0,0.0,-0.33381325,-0.11642211,-0.032937746,0.026483314,0.24997754,0.004234944
1779735210400596840,1779735211418384562,0.0,0.0,-0.2975899,-0.059114955,0.054766707,0.123290285,0.363173,0.0021040668
1779735211418384562,1779735212427658892,0.0,0.0,-0.28985354,-0.06343829,0.019619646,0.10336045,0.24414688,0.006664694
1779735212427658892,1779735213437407797,0.0,0.0,-0.37621722,-0.15720692,-0.053752374,0.04431858,0.18474847,0.0053408635
1779735213437407797,1779735214461482549,0.0,0.0,-0.259834,0.0060703196,0.10022671,0.15165663,0.36256236,0.0063159834
1779735214461482549,1779735215475348916,0.0,0.0,-0.3704658,-0.12231617,-0.011211756,0.046867058,0.2412209,0.0063957833
1779735215475348916,1779735216489055386,0.0,0.0,-0.2791396,-0.058205806,0.03347405,0.098724104,0.25452134,0.009188529
1779735216489055386,1779735217493339730,0.0,0.0,-0.34586442,-0.13396935,0.012266002,0.077058345,0.2287353,0.004422043
1779735217493339730,1779735218519101080,0.0,0.0,-0.38446948,-0.1537679,-0.061960507,0.006161274,0.23508754,0.008655411
1779735218519101080,1779735219537140074,0.0,0.0,-0.31608838,-0.114563085,0.014262871,0.08233835,0.2862117,0.0033682804
1779735219537140074,1779735220553723014,0.0,0.0,-0.43012914,-0.14126787,-0.018490937,0.03849607,0.18541372,0.007197289
1779735220553723014,1779735221561576830,0.0,0.0,-0.31598967,-0.100215934,-0.0054756743,0.065047644,0.23367697,0.0073262285
1779735222570280345,1779735223571129593,0.0,0.0,-0.31383744,-0.088224865,0.007451176,0.06796728,0.24885978,0.009285982
1779735223571129593,1779735224574975432,0.0,0.0,-0.49979433,-0.1627168,-0.050954852,0.013433084,0.1784212,0.0018953496
1779735224574975432,1779735225597064000,0.0,0.0,-0.44905728,-0.20954682,-0.0626559,0.013482118,0.2534162,0.0073952414
1779735227611303903,1779735228613441921,0.0,0.0,-0.3927491,-0.1739515,-0.046124328,0.009741204,0.20704226,0.005729746
1779735228613441921,1779735229627278739,0.0,0.0,-0.16593438,-0.034283027,0.09154199,0.14803793,0.32114285,0.004866095
1779735229627278739,1779735230639574296,0.0,0.0,-0.50800705,-0.22218704,-0.08142173,-0.017455377,0.19885753,0.005110594
1779735230639574296,1779735231652818903,0.0,0.0,-0.29583547,-0.11665248,-0.0120404465,0.05630521,0.24606225,0.005438202
1779735231652818903,1779735232677528221,0.0,0.0,-0.44069928,-0.14524351,-0.025767762,0.04527028,0.19330956,0.0053090504
1779735232677528221,1779735233701468550,0.0,0.0,-0.34538507,-0.13074438,-0.010228706,0.057529982,0.24680516,0.007696836
1779735234711171365,1779735235729394857,0.0,0.0,-0.33038345,-0.13045523,0.013611143,0.06374064,0.24785753,0.0055928132
1779735235729394857,1779735236753114454,0.0,0.0,-0.48256198,-0.22095206,-0.10509073,-0.024309784,0.14218204,0.0018487809
1779735236753114454,1779735237763132160,0.0,0.0,-0.39343974,-0.14411518,-0.014958548,0.04659109,0.26897684,0.00766803
1779735238783059796,1779735239793138795,0.0,0.0,-0.27960682,-0.06963129,0.03100771,0.08410162,0.29755446,0.0075568473
1779735239793138795,1779735240803135622,0.0,0.0,-0.3285475,-0.094796054,0.029229095,0.09192407,0.25385332,0.007203136
1779735240803135622,1779735241824134321,0.0,0.0,-0.40442908,-0.15645148,0.008006841,0.07317653,0.29833028,0.007464143
1779735241824134321,1779735242825375877,0.0,0.0,-0.31845552,-0.10397103,-0.010291574,0.05048951,0.22866432,0.005451876
1779735243827100430,1779735244831716895,0.0,0.0,-0.35155022,-0.11470741,-0.018506963,0.065915175,0.2704157,0.009119895
1779735244831716895,1779735245839133501,-1.096239512665343,0.028848408228336543,-0.34377193,-0.07764653,0.024228744,0.084336475,0.26346493,0.008517652
1779735245839133501,1779735246843121636,0.0,0.0,-0.39696932,-0.1745565,-0.054005407,0.025362188,0.21664989,0.003445043
1779735247850776534,1779735248851629403,0.0,0.0,-0.36038932,-0.08085436,0.013141861,0.08660644,0.2660585,0.0073250276
1779735248851629403,1779735249864587351,0.0,0.0,-0.29528952,-0.112214245,-0.0076627345,0.056189854,0.23036535,0.003628221
1779735250865716360,1779735251898800095,-0.8383818976330539,0.028909720607926154,-0.3592623,-0.1484818,-0.032924403,0.03683183,0.25555536,0.007162954
1779735251898800095,1779735252899691165,0.0,0.0,-0.29811472,-0.04076639,0.05775696,0.13818902,0.2719984,0.009700639
1779735253914143372,1779735254931193269,0.0,0.0,-0.23747836,0.023353491,0.11776882,0.17348535,0.35557362,0.008395285
1779735254931193269,1779735255947364585,0.0,0.0,-0.34991315,-0.1391407,-0.048954412,0.034027334,0.19715345,0.006535011
1779735255947364585,1779735256948721023,0.0,0.0,-0.4909632,-0.17937763,-0.057319473,0.022206703,0.19521141,0.0045173042
1779735256948721023,1779735257977430340,0.0,0.0,-0.36474684,-0.1449974,-0.04424629,0.04519386,0.18200755,0.005120213
1779735257977430340,1779735258984376846,0.0,0.0,-0.32169196,-0.058181338,0.03349922,0.11176958,0.29716942,0.0072672516
1779735258984376846,1779735259989503912,0.0,0.0,-0.37962517,-0.1449215,-0.042810984,0.049972013,0.18042873,0.0036354936
1779735259989503912,1779735260995173302,0.0,0.0,-0.4480838,-0.19207926,-0.07715455,-0.016181173,0.14755276,0.0038449143
1779735260995173302,1779735262002421359,0.0,0.0,-0.37711313,-0.17280124,-0.079005994,-0.02387813,0.17212506,0.002815128
1779735262002421359,1779735263019387262,0.0,0.0,-0.3539166,-0.14308463,-0.018671423,0.053568177,0.21824352,0.005165194
1779735263019387262,1779735264025492145,0.0,0.0,-0.41936463,-0.1751756,-0.033922687,0.03930974,0.24875447,0.0060835043
1779735264025492145,1779735265031517282,0.0,0.0,-0.5242922,-0.298185,-0.11423146,-0.052366316,0.1802668,0.004758507
1779735265031517282,1779735266053449796,0.5030375731431449,0.013237830872183196,-0.47284958,-0.21310773,-0.074455865,-0.005373056,0.1545321,0.0013213207
1779735266053449796,1779735267071352417,0.0,0.0,-0.44338754,-0.2033832,-0.09500183,-0.032473993,0.16643947,0.0036481756
1779735267071352417,1779735268073053217,0.0,0.0,-0.39155164,-0.11199166,-0.009035217,0.050993714,0.29443938,0.005311696
1779735268073053217,1779735269073226310,0.0,0.0,-0.41404212,-0.1733724,-0.035024263,0.015488809,0.16205242,0.005462951
1779735271337193917,1779735272357343471,0.0,0.0,-0.33565134,-0.10107817,0.030324562,0.08845469,0.24884474,0.0099445535
1779735272357343471,1779735273363130280,0.0,0.0,-0.42114353,-0.1933096,-0.060173307,-0.002013642,0.2252528,0.0052038264
1779735273363130280,1779735274379075516,0.0,0.0,-0.27249876,-0.040891446,0.086056285,0.14467734,0.2826665,0.0060695237
1779735274379075516,1779735275395097551,0.0,0.0,-0.37684557,-0.11532107,0.0038229343,0.059901796,0.21050334,0.008555261
1779735275395097551,1779735276411267396,0.0,0.0,-0.23265144,0.014085115,0.08704237,0.1550889,0.34845856,0.009563118
1779735276411267396,1779735277415343078,0.0,0.0,-0.40487865,-0.11800079,-0.027031327,0.050054032,0.22743599,0.007622054
1779735277415343078,1779735278431010141,0.0,0.0,-0.2959302,-0.067714505,0.067020625,0.115812,0.33754304,0.0013672796
1779735278431010141,1779735279439040283,0.0,0.0,-0.4137179,-0.11269165,-0.010887758,0.0654255,0.26496336,0.0013493033
1779735279439040283,1779735280457376060,0.0,0.0,-0.41418165,-0.18265145,-0.044460017,0.04540614,0.19082545,0.0024564387
1779735282552297889,1779735283559462699,0.0,0.0,-0.4411714,-0.20834912,-0.11889862,-0.047673214,0.13700208,0.0059369607
1779735283559462699,1779735284574975781,0.0,0.0,-0.48020738,-0.249672,-0.11544538,-0.044615984,0.19650726,0.0063197818
1779735284574975781,1779735285599032163,0.0,0.0,-0.33897915,-0.0834964,0.009741111,0.074959956,0.271005,0.0050225956
1779735285599032163,1779735286604968973,0.0,0.0,-0.40845266,-0.21153885,-0.06344961,0.00064617576,0.2051853,0.0060095387
1779735286604968973,1779735287619142040,0.0,0.0,-0.3731283,-0.18052967,-0.061930064,0.013281478,0.19876471,0.0046249437
1779735287619142040,1779735288635354887,0.0,0.0,-0.46988216,-0.22996107,-0.058620177,0.0024852806,0.2438313,0.0021323552
1779735289659269018,1779735290659308832,0.0,0.0,-0.2832327,-0.05006495,0.026132863,0.12249495,0.2776772,0.009090091
1779735290659308832,1779735291681415953,0.0,0.0,-0.4219604,-0.15260856,-0.07795646,-0.011939835,0.22720887,0.0028499535
1779735291681415953,1779735292691091557,0.0,0.0,-0.27390143,-0.067475796,0.07040201,0.12067642,0.2699383,0.009494315
1779735292691091557,1779735293703008279,0.0,0.0,-0.35296154,-0.1218414,-0.036631726,0.049928904,0.22671671,0.004010074
1779735293703008279,1779735294721353162,0.0,0.0,-0.37313202,-0.11357101,-0.01717535,0.05174524,0.27735373,0.006489733
1779735295729109317,1779735296751207291,0.0,0.0,-0.26936147,-0.008387337,0.09884345,0.15268223,0.4172571,0.0057483506
1779735296751207291,1779735297765062389,0.0,0.0,-0.38047037,-0.19456372,-0.0780675,-0.01300922,0.16304973,0.005259296
1779735297765062389,1779735298781264001,0.0,0.0,-0.35792753,-0.12902935,-0.009927918,0.05623861,0.20083809,0.0038760568
1779735298781264001,1779735299806531042,0.0,0.0,-0.13468753,0.025073905,0.12542222,0.17955935,0.33873022,0.005588767
1779735301829257093,1779735302849061715,0.0,0.0,-0.37260136,-0.100200415,-0.023374463,0.050798886,0.240462,0.0056167836
1779735302849061715,1779735303853047805,0.0,0.0,-0.35591537,-0.15070842,-0.045808543,0.0132964775,0.19661868,0.0027545076
1779735303853047805,1779735304869757374,0.0,0.0,-0.26401916,0.01130446,0.12969323,0.17351818,0.40127364,0.0063018864
1779735304869757374,1779735305875188004,0.0,0.0,-0.25582215,-0.055775277,0.061663922,0.11580988,0.35333982,0.0023739731
1779735305875188004,1779735306891140903,0.0,0.0,-0.34815767,-0.16130972,-0.03449603,0.023684604,0.22357802,0.0029929823
1779735307899612856,1779735308909301625,0.0,0.0,-0.3132186,-0.11903197,-0.007849612,0.06373945,0.29269162,0.002667034
1779735308909301625,1779735309917731922,0.0,0.0,-0.4220841,-0.20985487,-0.085422896,-0.020002428,0.15057524,0.006031783
1779735309917731922,1779735310946320148,0.0,0.0,-0.44937533,-0.13700397,-0.013416848,0.07068001,0.2234744,0.0045113084
1779735310946320148,1779735311951152332,0.0,0.0,-0.3385624,-0.12931246,-0.036824483,0.025700532,0.22562991,0.0062026065
1779735311951152332,1779735312969144225,0.0,0.0,-0.4445321,-0.18506168,-0.08423761,-0.020920977,0.21444389,0.007247456
1779735312969144225,1779735313998760270,0.0,0.0,-0.5048752,-0.2302844,-0.092196494,-0.025278209,0.18072154,0.004604898
1779735313998760270,1779735315003157381,0.0,0.0,-0.33063787,-0.06196634,0.029579265,0.09768628,0.29954052,0.0052913227
1779735315003157381,1779735316009396998,0.0,0.0,-0.2738936,-0.06736536,0.05553617,0.11044744,0.30370656,0.0048023607
1779735316009396998,1779735317010988574,0.0,0.0,-0.27413872,-0.03716889,0.073299095,0.13413577,0.3187419,0.012403028
1779735317010988574,1779735318038785535,0.0,0.0,-0.30640453,-0.09753344,-0.006709987,0.06598217,0.22577782,0.0066088266
1779735318038785535,1779735319049573808,0.0,0.0,-0.3883552,-0.15410416,-0.07835434,-0.010804105,0.16186002,0.008103288
1779735319049573808,1779735320061217598,0.0,0.0,-0.3289275,-0.12877792,-0.041132513,0.047924966,0.24609926,0.009414824
1779735321075126786,1779735322095161820,0.0,0.0,-0.45620567,-0.24027294,-0.0744651,-0.024884718,0.2214057,0.006801975
1779735322095161820,1779735323114604601,0.0,0.0,-0.3739876,-0.13093314,-0.018927397,0.04748281,0.26196012,0.0071389233
1779735325370526103,1779735326394218721,0.0,0.0,-0.33188987,-0.08291788,0.020400537,0.0894415,0.26039663,0.009512815
1779735326394218721,1779735327405280891,0.0,0.0,-0.47846046,-0.21184073,-0.09507786,-0.028126374,0.21478377,0.0050083194
1779735327405280891,1779735328610192272,0.0,0.0,-0.41681466,-0.2107447,-0.08535492,-0.0015231086,0.1407108,0.0040771463
1779735328610192272,1779735329623826965,0.0,0.0,-0.32509592,-0.08405272,0.013124553,0.096971616,0.28182355,0.0066699963
1779735329623826965,1779735330629317263,0.0,0.0,-0.42500094,-0.22432415,-0.099974535,-0.02441378,0.14193687,0.0031466207
1779735331650588078,1779735332680601714,0.0,0.0,-0.3678556,-0.14719358,-0.049461138,0.012798409,0.19871177,0.004636957
1779735332680601714,1779735333715915843,0.0,0.0,-0.5115275,-0.2599773,-0.13264999,-0.06716519,0.15495645,0.00626161
1779735333715915843,1779735334720135938,0.0,0.0,-0.42681125,-0.17018965,-0.07068668,-0.0007594548,0.17015347,0.0076917377
1779735334720135938,1779735335736394521,0.0,0.0,-0.3289097,-0.06640312,0.028068008,0.08620605,0.29568875,0.0069919988
1779735335736394521,1779735336743093921,0.0,0.0,-0.2518566,-0.034217898,0.075049065,0.1267128,0.35880765,0.008170029
1779735336743093921,1779735337770323444,0.0,0.0,-0.19246271,0.049340334,0.14200838,0.188863,0.38718727,0.0079662325
1779735337770323444,1779735338770639051,0.0,0.0,-0.41884547,-0.17675474,-0.08807245,-0.01174113,0.15365952,0.006136194
1779735338770639051,1779735339781418911,0.0,0.0,-0.45073104,-0.1877998,-0.08705807,-0.026402181,0.16344975,0.004939424
1779735340795627265,1779735341809048116,0.0,0.0,-0.35641262,-0.12260811,-0.039185308,0.025970737,0.20303126,0.0064716428
1779735341809048116,1779735342825552336,0.0,0.0,-0.43425122,-0.20450422,-0.056657948,0.008165935,0.2026769,0.004497161
1779735343839424335,1779735344849047287,0.0,0.0,-0.45434126,-0.20342627,-0.085890986,-0.00013534699,0.20032282,0.0033106764
1779735344849047287,1779735345872467963,0.0,0.0,-0.41155195,-0.19164161,-0.070551194,0.0047674705,0.21109791,0.007678702
1779735345872467963,1779735346877078891,0.0,0.0,-0.4324427,-0.14460687,-0.023331515,0.05581722,0.18979992,0.008549321
1779735346877078891,1779735347901214657,0.0,0.0,-0.44788232,-0.21626802,-0.09091236,-0.0115737775,0.2446412,0.0061076665
1779735347901214657,1779735348913264945,0.0,0.0,-0.36368376,-0.07435661,0.0020667126,0.078440785,0.25731888,0.0042993007
1779735348913264945,1779735349923073780,0.0,0.0,-0.34101328,-0.16877742,-0.03214638,0.03363067,0.2434402,0.0016301475
1779735349923073780,1779735350939089065,0.0,0.0,-0.3579885,-0.12062347,-0.034830086,0.034803864,0.24113086,0.004194038
1779735350939089065,1779735351963079811,0.0,0.0,-0.42168817,-0.21805534,-0.08758051,-0.015089907,0.15826622,0.0048102266
1779735351963079811,1779735352979032182,0.0,0.0,-0.3401019,-0.1123084,-0.009250251,0.04946249,0.255041,0.0064655785
1779735352979032182,1779735353985293703,0.0,0.0,-0.34506917,-0.14944533,-0.058792334,0.012323038,0.17034578,0.006051882
1779735354991266295,1779735355995167758,0.0,0.0,-0.2752503,-0.05745636,0.05017459,0.112701915,0.315373,0.007229675
1779735355995167758,1779735357015077091,0.0,0.0,-0.3020393,-0.018537521,0.0655699,0.12232144,0.31373712,0.009372211
1779735357015077091,1779735358033112417,0.0,0.0,-0.3751291,-0.1738808,-0.0342081,0.039538,0.24604377,0.0032615818
1779735359048065113,1779735360054717395,0.0,0.0,-0.21710427,-0.02909348,0.049364094,0.11385684,0.26414466,0.006484265
1779735360054717395,1779735361061181057,0.0,0.0,-0.358464,-0.08725929,-0.010807044,0.06623581,0.26675066,0.0053894185
1779735361061181057,1779735362083727405,0.0,0.0,-0.29721642,-0.06914974,0.06423992,0.11473191,0.26064193,0.007987395
1779735362083727405,1779735363088523512,0.0,0.0,-0.29546216,-0.015768483,0.09618911,0.1535433,0.35659736,0.0041079987
1779735364100272004,1779735365106618451,0.0,0.0,-0.37487477,-0.1459924,-0.07218891,-0.0013613546,0.17989686,0.0079871435
1779735366106877423,1779735367130980563,0.0,0.0,-0.32169703,-0.11102883,-0.014739059,0.04175597,0.2057997,0.008872251
1779735367130980563,1779735368163797152,0.0,0.0,-0.26517045,-0.027524706,0.051588967,0.113958225,0.31014654,0.00623022
1779735368163797152,1779735369185795366,0.0,0.0,-0.33874032,-0.08891016,0.011472419,0.075745024,0.24955967,0.007934935
1779735369185795366,1779735370186874817,0.0,0.0,-0.4181906,-0.20883879,-0.09445116,-0.016774956,0.14838612,0.0079044225
1779735370186874817,1779735371211609961,-0.7867627811084318,0.019669069527772365,-0.28861734,-0.04908092,0.04567513,0.10437845,0.30010074,0.006417594
1779735371211609961,1779735372220834285,0.0,0.0,-0.27120528,-0.03341601,0.06509882,0.14228407,0.27571595,0.008940925
1779735372220834285,1779735373230371545,0.0,0.0,-0.41726506,-0.18508446,-0.08947896,-0.031463858,0.12137733,0.006125106
1779735374234478562,1779735375242990771,0.0,0.0,-0.24735038,-0.013084802,0.059329733,0.12503253,0.305735,0.008241835
1779807602604928389,1779807603643771377,2.029132364272026,0.0724690130095494,-0.26690742,-0.01696153,0.082047686,0.16733216,0.29791465,0.0087714
1779807603643771377,1779807604643801610,0.6372707128161886,0.009235807432205185,-0.42147836,-0.17723449,-0.022080455,0.043649893,0.17788714,0.0066426606
1779807617483507513,1779807618497645885,0.0,0.0,-0.39647403,-0.1492812,-0.032314293,0.048156936,0.18606988,0.0067004142
1779807620627311315,1779807621641628457,0.6109458092969886,0.014901117299636897,-0.31008965,-0.062476516,0.039502636,0.10142328,0.25769353,0.007925279
1779807621641628457,1779807622651595349,0.7538816786272307,0.019838991542897588,-0.35019428,-0.124548696,0.015572416,0.0782984,0.260879,0.0068517164
1779807623673715269,1779807624698765296,0.0,0.0,-0.38647357,-0.14302893,0.0032518737,0.06548378,0.2071784,0.008599401
1779807624698765296,1779807625699569609,0.0,0.0,-0.30279166,-0.054720145,0.044947702,0.10609296,0.31186032,0.006098787
1779807625699569609,1779807626706499500,0.09098778943823697,0.002394415511244425,-0.19901258,0.044582415,0.13262767,0.18016618,0.3976236,0.008970179
1779807626706499500,1779807627730061806,0.0,0.0,-0.36860842,-0.14049314,-0.040782925,0.028620966,0.25237152,0.004021109
1779807628752317017,1779807629758530271,0.6107751127936684,0.012464798219985586,-0.25771853,-0.02285379,0.09019627,0.14422661,0.31460136,0.0051233545
1779807629758530271,1779807630767646135,0.0,0.0,-0.46141255,-0.2528024,-0.11825095,-0.052136492,0.110397235,0.0057760063
1779807632925622940,1779807633939795704,0.0,0.0,-0.46427223,-0.24553145,-0.11077484,-0.05441621,0.11587415,0.0058666365
1779807633939795704,1779807634945812571,1.1824585536071872,0.04547917513902506,-0.42064318,-0.20000674,-0.03283599,0.031943757,0.24040186,0.0021300374
1779807634945812571,1779807635953989765,-2.001165620676238,0.06670552068932523,-0.4160561,-0.1725472,-0.063779734,0.015505372,0.15512422,0.0073695923
1779807636963723365,1779807637988061159,0.9485545594900949,0.020182011903949252,-0.45036727,-0.22380158,-0.059854653,0.021759653,0.19439387,0.0047097574
1779807639020732125,1779807640022668669,-2.0921372102495224,0.0774865633425116,-0.3625429,-0.12783794,-0.023609862,0.07930975,0.22540154,0.0071532046
1779807642051872145,1779807643072529390,0.974788081842465,0.020740171954137868,-0.4510922,-0.19139478,-0.0837587,-0.021807007,0.14287016,0.0070218644
1779807643072529390,1779807644087619784,0.0,0.0,-0.4162996,-0.16943404,-0.058463506,0.023753934,0.1971296,0.005032137
1779807644087619784,1779807645119997308,0.0,0.0,-0.37975478,-0.17866917,-0.04198829,0.038355615,0.24495442,0.0034780835
1779807645119997308,1779807646131720204,0.0,0.0,-0.33899325,-0.10608204,0.026437242,0.09238465,0.27242693,0.007982773
1779807650659474426,1779807651764920265,1.4034221432348566,0.07386432332772959,-0.31421703,-0.062601484,0.037683662,0.120063,0.26313522,0.010214928
1779807651764920265,1779807652818466243,-0.584735290500567,0.017719251227231152,-0.41719434,-0.16698395,-0.06835909,0.019647475,0.15898801,0.00519564
1779807652818466243,1779807653839123597,-0.44182267454026,0.011941153365812841,-0.35578108,-0.13640445,0.008555717,0.07429675,0.2171704,0.008240208
1779807653839123597,1779807654861858833,-0.40285533470430607,0.010887982019164149,-0.43609804,-0.19065714,-0.08664087,-0.01653384,0.17392835,0.008222855
1779807658620716550,1779807659626002322,-1.9616554876243686,0.032694258127167565,-0.37818518,-0.14788099,-0.015256839,0.039175,0.17775716,0.004913749
1779807676563332185,1779807677579184847,0.0,0.0,-0.28180942,-0.04307088,0.0599122,0.13275287,0.27260578,0.011119733
1779807677579184847,1779807678582509766,0.0,0.0,-0.3421621,-0.110998064,0.033413608,0.09995042,0.2668989,0.0067035137
1779807678582509766,1779807679593950116,0.0,0.0,-0.26708892,-0.015163831,0.07877416,0.15831222,0.2908008,0.008925729
1779807679593950116,1779807680618398424,0.0,0.0,-0.28995398,-0.0560794,0.04628111,0.1119314,0.28491238,0.0060150065
1779807680618398424,1779807681635609468,0.0,0.0,-0.46234488,-0.21879058,-0.12415644,-0.06040796,0.11165562,0.0056427615
1779807684779042251,1779807685802218345,0.0,0.0,-0.3005892,-0.044729076,0.056133214,0.12128756,0.31557524,0.009668294
1779807685802218345,1779807686830156993,0.0,0.0,-0.34667557,-0.12552412,-0.033421934,0.028804041,0.20489892,0.004033301
1779807686830156993,1779807687832864692,0.0,0.0,-0.32698843,-0.08574871,-0.0032197048,0.084103666,0.22093065,0.005905795
1779807687832864692,1779807688837498453,0.0,0.0,-0.37310985,-0.16564369,-0.055558305,0.0034720164,0.17280456,0.0015044869
1779807688837498453,1779807689855635475,0.0,0.0,-0.4183283,-0.183912,-0.07852897,-0.0141452765,0.15952297,0.0072291903
1779807691968512518,1779807692993673385,0.0,0.0,-0.42508602,-0.18265413,-0.0802736,-0.0010035086,0.17244051,0.0029708443
1779807692993673385,1779807694020860743,0.0,0.0,-0.21986774,-0.007400928,0.09616809,0.16083796,0.34107104,0.0050018975
1779807694020860743,1779807695039230266,-0.5976824216243923,0.016153578963100417,-0.36903045,-0.16692618,-0.04073212,0.015259545,0.24063337,0.007213533
1779807695039230266,1779807696040419099,-2.2481254886555524,0.05764424329868234,-0.3671535,-0.14081329,0.0043310802,0.07002082,0.2245666,0.0077761
1779807696040419099,1779807697065666648,0.0,0.0,-0.36230153,-0.18146476,-0.061103754,0.0038658106,0.23775506,0.00361456
1779807697065666648,1779807698087549105,0.0,0.0,-0.38345626,-0.15076125,-0.042711608,0.022839956,0.21069261,0.004528219
1779807698087549105,1779807699107701291,0.0,0.0,-0.49156758,-0.24021743,-0.104502685,-0.025897464,0.15696056,0.003976068
1779807702374747828,1779807703377657993,0.0,0.0,-0.3930583,-0.17162848,-0.015641931,0.045457553,0.22598954,0.004234229
1779807703377657993,1779807704387488021,0.0,0.0,-0.4098568,-0.1657865,-0.0647665,0.011215558,0.19346297,0.004190787
1779807704387488021,1779807705438563648,0.1300083270359762,0.002600166540744908,-0.3647797,-0.10623006,0.056938045,0.1065223,0.3492505,0.0061388183
1779807706445657805,1779807707451234281,0.0,0.0,-0.36499488,-0.17465024,-0.05018313,0.010014698,0.2108796,0.0020602169
1779807707451234281,1779807708479872100,0.0,0.0,-0.26389745,-0.037029207,0.078883246,0.1364575,0.29983994,0.0041758446
1779807708479872100,1779807709497907571,0.0,0.0,-0.32712704,-0.09000764,0.014284636,0.08888313,0.2727351,0.005245975
1779807709497907571,1779807710502596021,0.0,0.0,-0.3713704,-0.15687262,-0.031497777,0.04649764,0.2551835,0.001953972
1779807710502596021,1779807711521390633,0.0,0.0,-0.32525295,-0.14213997,-0.027988413,0.039428618,0.26593047,0.0031748535
1779807711521390633,1779807712565444878,-1.053116054360948,0.03191260770792197,-0.36168346,-0.14319147,-0.028037308,0.03679964,0.23281045,0.0048430483
1779807713580232111,1779807714603258812,-0.5851922943545548,0.021673788679837318,-0.27823138,-0.040502947,0.050360885,0.11860318,0.29022312,0.008143789
1779807740079890527,1779807741149897461,-1.3410550347420753,0.049668704990877034,-0.41847754,-0.18496999,-0.071263574,0.0035960495,0.14706573,0.0077462257
1779807741149897461,1779807742364125573,-2.3049516192434116,0.10477052814731022,-0.3657297,-0.07729069,0.020055313,0.086787865,0.24808714,0.004827636
1779807777406281206,1779807778417621076,-2.6674057490458796,0.10669622996175576,-0.3331818,-0.07933104,0.035124037,0.0987601,0.27709317,0.005827446
1779807778417621076,1779807779422632265,-1.717925713048219,0.028632095217714003,-0.41887882,-0.15892543,-0.051699143,0.018858021,0.15389904,0.0073902723
1779807780498448174,1779807781525735717,-2.2655969847274213,0.10298168112447699,-0.40398595,-0.15881619,-0.004870112,0.06092098,0.20700923,0.008658875
1779807781525735717,1779807782526507553,-0.8464754071394001,0.09668769540210728,-0.28775933,-0.037829343,0.06621768,0.14382717,0.2693413,0.008924308
1779807782526507553,1779807783529484618,0.7553199597554775,0.011801874371109022,-0.35424736,-0.10546451,0.007247759,0.06932878,0.24376048,0.00521448
1779807783529484618,1779807784548157025,2.2265596100324,0.05430633195211746,-0.3793035,-0.17640013,0.005530098,0.06469315,0.2716396,0.00472336
1779807784548157025,1779807785569952585,1.2107278311661944,0.031044303363194976,-0.39484188,-0.14328408,-0.029913971,0.036668535,0.22366606,0.005903863
1779807786593564879,1779807787674684163,-1.940844625197393,0.042192274460701826,-0.3855328,-0.1462668,0.0019547865,0.06756833,0.21105509,0.008648171
1779807787674684163,1779807788676192281,-0.4168748327404673,0.010421870818788648,-0.3571871,-0.13001406,0.011074449,0.07475432,0.21882845,0.007471192
1779807790702022745,1779807791706996379,-0.8207485231141524,0.025648391347443678,-0.39453638,-0.18117657,-0.02834584,0.037684735,0.22482498,0.00771366
1779807840943260364,1779807841994591517,-1.003150152876597,0.027032840599350294,-0.36984673,-0.14059979,0.0034534943,0.070730954,0.25407532,0.0065311138
1779807841994591517,1779807843010042440,-0.7165974393176928,0.017914935983132096,-0.2925979,-0.03925263,0.06128228,0.13691461,0.26653484,0.008840963
1779807844012186905,1779807845032157780,0.0,0.0,-0.27035955,-0.031038994,0.060642544,0.12420361,0.30214098,0.0077368286
1779807845032157780,1779807846039591163,3.1133493898417073,0.17296385499163433,-0.26074365,-0.02805063,0.057987485,0.11718871,0.30198327,0.0059940275
1779807860877504800,1779807861877572722,0.6512693567701175,0.009172807841871033,-0.40587085,-0.12769431,-0.022974417,0.06538883,0.23542911,0.0056540384
1779807861877572722,1779807862906187408,0.0,0.0,-0.24713367,-0.010897975,0.09692137,0.14580995,0.3318413,0.007978668
1779807862906187408,1779807863920054849,-0.6512693567696028,0.008800937253687073,-0.31926447,-0.07299719,0.026708193,0.0988905,0.25333658,0.0066089192
1779807863920054849,1779807864928032191,0.0,0.0,-0.26373965,-0.05482316,0.051942427,0.11556144,0.30584747,0.00643693
1779807864928032191,1779807865941833295,-1.3547761415979764,0.042336754424998624,-0.29130623,-0.108337194,0.0042935694,0.06103284,0.24422112,0.0023785734
1779807865941833295,1779807866944015378,0.0,0.0,-0.45192233,-0.18443465,-0.06197124,0.00653216,0.19039416,0.006409858
1779807866944015378,1779807867977355788,2.2535167331071437,0.05930307192402115,-0.28215423,-0.010258915,0.11055304,0.16441722,0.41948253,0.0049136262
1779807867977355788,1779807868998539841,1.5107441941582744,0.03776860485382727,-0.33320352,-0.10962192,0.032512322,0.09457638,0.23344561,0.008935833
1779807868998539841,1779807869999946989,0.0,0.0,-0.30152112,-0.058074355,0.042022184,0.11069821,0.30918145,0.0066570914
1779807871010261358,1779807872014185429,0.0,0.0,-0.33420387,-0.11387356,0.008930872,0.075994,0.28829908,0.006019261
1779807872014185429,1779807873031954245,0.0,0.0,-0.37410426,-0.15454821,-0.02852789,0.028466163,0.23005326,0.004971022
1779807873031954245,1779807874032245597,0.0,0.0,-0.30392542,-0.06890659,0.056134664,0.108746104,0.28173417,0.005410891
1779807874032245597,1779807875039609267,-2.51369181899021,0.06982477274942846,-0.3833423,-0.14479953,-0.05816601,0.010290407,0.23849536,0.008489487
1779807876052813234,1779807877064658012,0.23444689095164137,0.006169655025464007,-0.43599805,-0.19669144,-0.08530215,-0.026491899,0.14542821,0.0067150793
1779807878078137674,1779807879083988551,0.0,0.0,-0.30544958,-0.022701064,0.093595944,0.14846303,0.39165816,0.004074251
1779807879083988551,1779807880090126313,0.7944735900310717,0.020907199737545047,-0.36715898,-0.14439858,-0.020904696,0.02916632,0.17699304,0.0064921677
1779807886379058085,1779807887404101073,0.0,0.0,-0.3902904,-0.15711649,-0.054637402,0.038194586,0.17513742,0.0035648455
1779807887404101073,1779807888409252513,0.0,0.0,-0.32890397,-0.1045569,-0.012970893,0.048769753,0.2251133,0.004700374
1779807889445409952,1779807890468118460,0.0,0.0,-0.18408039,0.015152751,0.10873482,0.19309042,0.31352866,0.005780947
1779807890468118460,1779807891485900903,0.0,0.0,-0.3246237,-0.05426978,0.03043693,0.10223106,0.31018162,0.0053362437
1779807893604857822,1779807894609058938,0.0,0.0,-0.37698135,-0.1266273,-0.014392923,0.06565444,0.23890494,0.0036775658
1779807894609058938,1779807895618554582,1.2631195162266193,0.046782204304997146,-0.34400815,-0.14151499,-0.022532685,0.06741036,0.27194673,0.0020032304
1779807900973616458,1779807901980766040,0.0,0.0,-0.36422327,-0.13618763,-0.00067006325,0.06272593,0.25629762,0.008067019
1779807901980766040,1779807902993178011,0.4296013560444937,0.011305298843043345,-0.42290887,-0.16967668,-0.0679538,0.0071436246,0.17663668,0.005116892
1779807902993178011,1779807904018472410,0.0,0.0,-0.4663432,-0.22970815,-0.09092171,-0.02198621,0.17108928,0.005584678
1779807920838318322,1779807921845233167,0.0,0.0,-0.48681387,-0.25097367,-0.13865854,-0.07159198,0.073988475,0.0044473265
1779807921845233167,1779807922860042673,0.0,0.0,-0.38230267,-0.1276609,-0.031450048,0.022740068,0.19596103,0.006190872
1779807922860042673,1779807923862397630,2.225736552268946,0.06182601534090695,-0.35898304,-0.15829173,-0.026499573,0.032633368,0.28920212,0.008430862
1779807923862397630,1779807924880334738,0.0,0.0,-0.37995633,-0.14449582,0.004982458,0.068149984,0.22463508,0.008595793
1779807924880334738,1779807925897536347,1.4835491989674607,0.043633799969790193,-0.33532974,-0.10418114,0.018881721,0.07451218,0.27582648,0.0029205857
1779807925897536347,1779807926902117856,2.758295885053522,0.08619674640775177,-0.39390263,-0.15459916,-0.041565593,0.042482533,0.19372143,0.003899762
1779807926902117856,1779807927917324438,1.7690723278031226,0.08927440169821792,-0.44747213,-0.23120835,-0.09723478,-0.026782561,0.11921074,0.003897709
1779807927917324438,1779807928936240139,0.0,0.0,-0.44466755,-0.22449815,-0.10105342,-0.03247502,0.124625094,0.004367795
1779807928936240139,1779807929938036637,-0.22111692663974344,0.04347211866554576,-0.42515475,-0.17173818,-0.06528621,-0.007582044,0.17089453,0.008343731
1779807929938036637,1779807930940624701,0.16908985435327845,0.06400382489078395,-0.36293074,-0.12840834,-0.026016435,0.06983508,0.20962314,0.0037550249
1779807931951214238,1779807932961904538,-0.5853232156465373,0.015403242517265131,-0.3131329,-0.06959052,0.0304813,0.08830089,0.30467188,0.0054483367
1779807932961904538,1779807933986222281,0.0,0.0,-0.37187666,-0.14892666,-0.03518014,0.043311268,0.19379976,0.005505127
1779807933986222281,1779807935014108986,0.0,0.0,-0.19594747,0.047047354,0.12399121,0.17369471,0.36705256,0.007851155
1779807935014108986,1779807936036148577,0.0,0.0,-0.4287039,-0.20025426,-0.1027003,-0.031702735,0.20498201,0.0068344167
1779807936036148577,1779807937051120054,1.4567409738704966,0.038335288786191316,-0.36348784,-0.15655807,-0.06117609,0.0070625143,0.20916942,0.008347283
1779807937051120054,1779807938054688164,0.0,0.0,-0.38095814,-0.14200202,0.019476857,0.083903655,0.22047217,0.0054967133
1779807939074628423,1779807940077863550,-1.4177183602681611,0.03730837790191057,-0.20450296,-0.058066916,0.06710897,0.12160171,0.29056758,0.0030980855
1779807942109237688,1779807943123425708,0.0,0.0,-0.2783114,-0.10445,-0.028091336,0.025350267,0.19454712,0.0059390077
1779807943123425708,1779807944129960195,0.0,0.0,-0.39833367,-0.1626934,-0.06357884,0.0004390729,0.23639143,0.0037697619
1779807946184674621,1779807947190142608,-0.23420559739470434,0.006888399923668357,-0.47193256,-0.19092222,-0.08675695,-0.022682682,0.13439219,0.0059217922
1779807947190142608,1779807948192255141,0.7936745444114843,0.019357915717434466,-0.38669255,-0.15103967,-0.04306409,0.043471623,0.19377723,0.004705602
1779807948192255141,1779807949200892657,0.03903154920080676,0.001027146031854673,-0.2526726,-0.048454806,0.057456408,0.12845351,0.31200248,0.00484151
1779807949200892657,1779807950203666865,0.0,0.0,-0.2075711,-0.065262854,0.049203787,0.12285011,0.26703238,0.0045759263
1779807950203666865,1779807951224702742,0.0,0.0,-0.29596147,-0.06707918,0.038110767,0.10221756,0.25609332,0.004734783
1779807951224702742,1779807952244019830,0.0,0.0,-0.39524135,-0.13656248,-0.046365023,0.03979612,0.23107785,0.0055391192
1779807952244019830,1779807953268167951,0.0,0.0,-0.29329,-0.08570376,-0.008127024,0.06371913,0.261972,0.0070408825
1779807953268167951,1779807954270366173,0.0,0.0,-0.4522862,-0.22172517,-0.062325377,0.0013194116,0.19895004,0.0014389638
1779807973289903302,1779807974298269592,1.3276383740830586,0.034937851949535276,-0.3374883,-0.12883815,-0.02772733,0.041598227,0.21155868,0.005374738
1779808623526988574,1779808624530261044,0.49440637742343824,0.0386816609071622,-0.18652686,0.013732004,0.11169985,0.18675327,0.31627604,0.008046638
1779808624530261044,1779808625530435882,0.19515368353175347,0.0039030736704859237,-0.43466794,-0.18037198,-0.057788778,0.0059029204,0.19579615,0.006768012
1779808633661309847,1779808634675500157,0.0,0.0,-0.38457012,-0.13322371,-0.03227517,0.07197416,0.20929238,0.005533559
1779808635693918143,1779808636714635563,0.0,0.0,-0.3711358,-0.10626346,-0.030716768,0.032713313,0.2499715,0.0040190537
1779808638894505288,1779808639911555166,0.0,0.0,-0.27600998,-0.054845158,0.05262525,0.1213288,0.31086054,0.0052082743
1779808639911555166,1779808640929524070,0.0,0.0,-0.52554226,-0.29362616,-0.118009135,-0.039159182,0.18025999,0.0034180004
1779808640929524070,1779808641939525834,0.533329864649216,0.014034996438021762,-0.29431826,-0.0786102,0.036442,0.09806545,0.29152408,0.0062800744
1779808642941684100,1779808643960032983,0.0,0.0,-0.35836977,-0.16717,-0.042192943,0.014751959,0.21565694,0.00308916
1779808643960032983,1779808644963597920,0.0,0.0,-0.40183192,-0.13500811,-0.040270254,0.027976843,0.19350056,0.0037263145
1779808646979498497,1779808648000573833,0.0,0.0,-0.4278466,-0.16981141,-0.06540703,-0.0029431088,0.18660669,0.0059092706
1779808649022757874,1779808650029882564,0.0,0.0,-0.4020043,-0.17847267,-0.052843973,0.0023158286,0.2264726,0.006770959
1779808650029882564,1779808651039581573,0.0,0.0,-0.28213838,-0.047713336,0.053039387,0.11313366,0.33330968,0.0048445226
1779808651039581573,1779808652049496242,0.0,0.0,-0.34226185,-0.091665134,-0.00040529447,0.058101952,0.31376186,0.0042796684
1779808652049496242,1779808653087762105,-0.27325212975635627,0.008036827345847541,-0.23386453,0.017650256,0.11970275,0.17837712,0.3546749,0.0049102213
1779808655156216164,1779808656165081675,0.9759601503693636,0.04436182501666895,-0.265534,-0.05411169,0.06641401,0.117332004,0.32538918,0.0067054685
1779808656165081675,1779808657231169740,0.7416660164233775,0.01454247091027239,-0.2865647,-0.045063388,0.045780968,0.11380186,0.28186545,0.0073767174
1779808657231169740,1779808658242290353,0.9237526743346309,0.028867271072985368,-0.37592894,-0.13960057,0.010224833,0.07088758,0.20960303,0.0075208037
1779808658242290353,1779808659260584274,0.0,0.0,-0.42451754,-0.21473229,-0.088983625,-0.02071075,0.10497216,0.004063184
1779808659260584274,1779808660271702397,-0.20816216874354612,0.004428982313758287,-0.32690057,-0.088381164,0.021536594,0.09543162,0.23768517,0.0073661627
1779808660271702397,1779808661285734806,0.44233942923322866,0.00737232382045742,-0.3059927,-0.0853576,0.027359711,0.095386945,0.28378445,0.004858973
1779808661285734806,1779808662311661697,0.0,0.0,-0.5217384,-0.26049533,-0.11043442,-0.04250152,0.18413596,0.005491276
1779808662311661697,1779808663311974294,0.0,0.0,-0.36983404,-0.11559428,-0.021230442,0.038943123,0.2546539,0.0025015448
1779808663311974294,1779808664319759936,0.0,0.0,-0.4337241,-0.17053139,-0.08378977,-0.016848437,0.1787275,0.002849791
1779808664319759936,1779808665359381889,0.0,0.0,-0.43661273,-0.19263476,-0.095994465,-0.010344364,0.13387431,0.003977582
1779808667629642479,1779808668658631976,0.0,0.0,-0.346115,-0.12775193,-0.017335426,0.05673446,0.25501552,0.004555529
1779808668658631976,1779808669681661414,0.0,0.0,-0.36903685,-0.099610485,0.022026079,0.07896664,0.25817016,0.008219402
1779808669681661414,1779808670705539412,0.0,0.0,-0.4399147,-0.21013,-0.065846734,-0.0038349247,0.14930658,0.0064413245
1779808672749520516,1779808673803684852,-1.1840016667926925,0.04228577381391675,-0.5047096,-0.15641727,-0.029640991,0.04646666,0.20796296,0.004640783
1779808673803684852,1779808674810434345,-0.28626320472243083,0.006815790588852283,-0.39032125,-0.14857435,0.0011570978,0.06631312,0.21989109,0.008216776
1779808674810434345,1779808675829684596,0.0,0.0,-0.4413321,-0.1967204,-0.061676215,0.013728972,0.14450729,0.004842418
1779808675829684596,1779808676846613227,-0.46844837544853135,0.012327588827170343,-0.301888,-0.041196294,0.051107135,0.10396459,0.30477202,0.008001425
1779808677865683398,1779808678891437136,-0.4164467849931421,0.010959125921136535,-0.20250797,-0.008176619,0.07112025,0.13259546,0.29435697,0.0059653474
1779808678891437136,1779808679896220411,0.0,0.0,-0.42561,-0.20338435,-0.11171018,-0.04962863,0.14597954,0.006012912
1779808679896220411,1779808680910065016,1.4705002069575213,0.049016673565679035,-0.4180143,-0.18942928,-0.054546352,0.026013542,0.21750839,0.0026263793
1779808680910065016,1779808681936124071,0.013012310947070524,0.0002957343396432903,-0.40272218,-0.1676819,-0.013503347,0.057256863,0.20722188,0.006694408
1779808681936124071,1779808682938062663,0.0,0.0,-0.38998815,-0.17523064,-0.04626861,0.007952394,0.23191257,0.007239718
1779808685315498483,1779808686323551439,0.0,0.0,-0.3640593,-0.11646028,0.004204411,0.082881466,0.26526,0.0015923909
1779808686323551439,1779808687343746629,0.0,0.0,-0.44072604,-0.20369726,-0.060538944,0.012056519,0.18762639,0.0031895833
1779808697711536076,1779808698711636078,0.0,0.0,-0.42907014,-0.19571137,-0.07921144,-0.017846627,0.2295589,0.0007539192
1779808754677903591,1779808755701618715,1.1709761856346388,0.030815162779836223,-0.2346201,-0.037132338,0.05585114,0.11605701,0.3011487,0.0048306286
1779808757778040078,1779808758800673771,0.5983883841582451,0.013916008933923491,-0.36266074,-0.12104148,0.0064817024,0.07182442,0.25876185,0.007069634
1779808758800673771,1779808759810599932,-0.7544955907872719,0.019855147125967754,-0.38958165,-0.12595055,-0.00643724,0.045844838,0.2700683,0.0072224718
1779808762855130204,1779808763864014462,0.0,0.0,-0.3242172,-0.09220739,-0.023626192,0.050110042,0.20787758,0.0039853537
1779808763864014462,1779808764887523908,0.0,0.0,-0.21440713,0.035388477,0.1175075,0.17592424,0.42014256,0.0057199006
1779808765902579517,1779808766919657908,0.0,0.0,-0.41066787,-0.16009653,-0.042204816,0.02267573,0.21479535,0.0067493375
1779808766919657908,1779808767969236403,0.0,0.0,-0.3341346,-0.09934499,-0.010284668,0.047410358,0.20765707,0.008702576
1779808767969236403,1779808768971951904,1.300840930451836,0.05912913320183964,-0.35389462,-0.107917905,0.005502338,0.07274299,0.21456428,0.011033307
1779808768971951904,1779808769972636611,0.0,0.0,-0.3514617,-0.12409441,-0.025139969,0.049584843,0.2493195,0.00324651
1779808772003449602,1779808773003943032,0.0,0.0,-0.3532932,-0.11320299,-0.008851115,0.0971455,0.23953329,0.00632246
1779808773003943032,1779808774010365530,0.0,0.0,-0.15146673,0.039030705,0.13134822,0.21274713,0.33868855,0.0061554704
1779808774010365530,1779808775021667619,0.0,0.0,-0.30499813,-0.05979428,0.020257352,0.105177134,0.2522284,0.0055869427
1779808775021667619,1779808776032158059,0.0,0.0,-0.42720258,-0.17138356,-0.038594816,0.028254816,0.24971057,0.006695232
1779808776032158059,1779808777043712648,0.0,0.0,-0.22346433,-0.022929067,0.10042509,0.15683247,0.35209733,0.0046060197
1779808778058150415,1779808779071297536,0.0,0.0,-0.35427928,-0.103229254,-0.007964244,0.090347335,0.23504433,0.0071489494
1779808779071297536,1779808780108332585,0.0,0.0,-0.42192778,-0.18385532,-0.09275886,-0.03009546,0.15825413,0.004490157
1779808780108332585,1779808781140167551,-1.3788967676968567,0.04754816440347813,-0.41512266,-0.13843055,-0.045172628,0.026736138,0.1977107,0.007273791
1779808781140167551,1779808782154865436,0.0,0.0,-0.3918612,-0.14589638,-0.040557116,0.026504776,0.17312275,0.008499703
1779808782154865436,1779808783193655936,0.0,0.0,-0.27920997,-0.058414824,0.05359643,0.12206269,0.31540337,0.0046563637
1779808783193655936,1779808784208879803,0.0,0.0,-0.42687452,-0.18816152,-0.057299923,0.0134045305,0.2066372,0.0065694265
1779808784208879803,1779808785225788524,0.0,0.0,-0.36749017,-0.12055752,-0.016270844,0.038457394,0.2654871,0.00867519
1779808785225788524,1779808786226846459,0.663455196855499,0.01793122153678247,-0.3629522,-0.1451526,-0.009723872,0.059779793,0.22898178,0.0036835915
1779808788438014677,1779808789447306907,-3.3056195181606087,0.13014213528173002,-0.3940505,-0.17562357,-0.014578681,0.052131124,0.18578014,0.006728493
1779808789447306907,1779808790467564313,0.0,0.0,-0.29615283,-0.07747596,0.043562274,0.11599232,0.24532498,0.006008252
1779808790467564313,1779808791487630995,0.0,0.0,-0.21304607,0.0044614817,0.10632859,0.1784063,0.36426663,0.0042979624
1779808791487630995,1779808792495716642,0.0,0.0,-0.40136465,-0.173155,-0.06280179,0.02292706,0.2618836,0.0080220075
1779808796612784033,1779808797614800238,-0.963204921942164,0.025347497946196097,-0.37417883,-0.11549498,-0.024194103,0.046902653,0.22915831,0.0035109345
1779808797614800238,1779808798624731185,0.0,0.0,-0.34072873,-0.088459335,0.0026344375,0.06051536,0.27106008,0.005851504
1779808800660451600,1779808801681147520,0.0,0.0,-0.34797785,-0.15298843,-0.037942436,0.021749482,0.22237277,0.0015908981
1779808801681147520,1779808802692450014,0.0,0.0,-0.42936474,-0.19690599,-0.10198239,-0.034621768,0.15887754,0.0044225943
1779808811660882876,1779808812718014513,-0.5206452096931311,0.012450242474470052,-0.40037775,-0.1883997,-0.08900081,-0.028022379,0.15401278,0.0012186923
1779808820485276497,1779808821495533645,0.0,0.0,-0.40366238,-0.1658504,-0.065110065,-0.0039523095,0.19791457,0.0034343898
1779808821495533645,1779808822516685807,-0.33844493666932157,0.008906445702119993,-0.44588593,-0.1942715,-0.09047794,-0.026507575,0.15623881,0.004105096
1779808822516685807,1779808823533600831,0.0,0.0,-0.3176789,-0.054536626,0.045859955,0.10769785,0.30148926,0.009839285
1779808823533600831,1779808824535715677,-1.3148370922755959,0.0773433583688225,-0.3844845,-0.1403632,-0.027058365,0.04402883,0.22937806,0.0066834907
1779808824535715677,1779808825546073480,-0.690033186964383,0.017250829674075874,-0.46367484,-0.2083421,-0.07647263,0.001426812,0.15371928,0.0065554464
1779808825546073480,1779808826549588088,0.0,0.0,-0.19636151,-0.02156047,0.08374888,0.15980689,0.2784767,0.003521004
1779808826549588088,1779808827579955024,0.0,0.0,-0.34574357,-0.12616237,-0.02163457,0.033744905,0.1961394,0.01081364
1779808830744473881,1779808831765304127,0.0,0.0,-0.26112497,-0.08543065,-0.004404796,0.06195316,0.22456309,0.005948117
1779808831765304127,1779808832785549329,0.0,0.0,-0.40429747,-0.18918437,-0.05733382,0.019422129,0.21456757,0.004281092
1779808832785549329,1779808833791587320,0.0,0.0,-0.304442,-0.06728418,0.015080085,0.1014969,0.24195273,0.0052931984
1779808833791587320,1779808834799496564,-0.4296779889650922,0.016526076499063107,-0.3967096,-0.18387577,-0.06318213,0.010885285,0.2159495,0.005571102
1779808834799496564,1779808835805534192,0.0,0.0,-0.42177966,-0.19903715,-0.10913148,-0.04073648,0.12712502,0.0052189385
1779808835805534192,1779808836823493093,-0.42969645207564205,0.011017857745470722,-0.4108342,-0.13190494,-0.021998107,0.055432826,0.20989864,0.006054123
1779808838869486254,1779808839885714681,0.0,0.0,-0.46299762,-0.22972754,-0.09075354,-0.015669879,0.1820314,0.0041110865
1779808839885714681,1779808840933315003,0.0,0.0,-0.3429337,-0.089541785,0.02855882,0.083449095,0.25218913,0.005165898
1779808842958503361,1779808843972339664,-0.2865361234325853,0.008682912831295997,-0.21389239,-0.0017900934,0.094460346,0.15075919,0.353705,0.008298633
1779808843972339664,1779808844992843208,-0.7294017280946372,0.024313390936706963,-0.38898912,-0.1494144,-0.04174174,0.037045978,0.20620807,0.0053749094
1779808844992843208,1779808846011615918,0.0,0.0,-0.33299553,-0.11685435,-0.021158336,0.03908255,0.21350817,0.0049703317
1779808846011615918,1779808847022452729,0.0,0.0,-0.40067005,-0.13881922,-0.021599345,0.06649283,0.22463074,0.006066462
1779808848048910118,1779808849069381649,0.0,0.0,-0.33522928,-0.118185095,0.023058116,0.08406012,0.30202845,0.002979876
1779808849069381649,1779808850078039994,0.0,0.0,-0.42185286,-0.17583399,-0.02423229,0.054389615,0.27003515,0.008270459
1779808850078039994,1779808851171476833,-1.3677716546090926,0.041447625897074084,-0.31243908,-0.061317947,0.047221426,0.11267065,0.26996517,0.01180197
1779808851171476833,1779808852211562783,0.4429179697109512,0.01703530652746438,-0.392476,-0.15448083,-0.007516447,0.057759713,0.19997944,0.006844054
1779808852211562783,1779808853227597400,1.680304490756295,0.08843707846040161,-0.3446179,-0.11757907,-0.025432708,0.033446804,0.20063727,0.004124258
1779808853227597400,1779808854254810331,0.6251575105931033,0.020166371309490998,-0.42149073,-0.16275723,-0.06979001,0.012393883,0.17445089,0.004247085
1779808854254810331,1779808855292622082,0.0,0.0,-0.32673338,-0.06394998,0.023550306,0.09174634,0.2974009,0.0050288006
1779808855292622082,1779808856305344295,0.5469807639942266,0.010725113019393507,-0.33967656,-0.09742671,0.0067747445,0.081471354,0.26266503,0.0050827647
1779808858364417013,1779808859369440115,0.0,0.0,-0.43672866,-0.21208997,-0.10177737,-0.028366694,0.14583758,0.004329901
1779808859369440115,1779808860414699990,0.37765973383202184,0.009938414048218498,-0.3387529,-0.11718399,-0.031219175,0.035665076,0.24351247,0.006894035
1779808862657606509,1779808863664713858,0.0,0.0,-0.3510558,-0.11369572,-0.019105224,0.040593088,0.19498695,0.0076814983
1779808867867553046,1779808868880908703,0.0,0.0,-0.42401254,-0.18868934,-0.038596895,0.038696922,0.2047633,0.0046133
1779808870968803028,1779808872001640827,-0.755666358029096,0.01988595679049497,-0.46618098,-0.165091,-0.043962203,0.042136397,0.18128403,0.0072268196
1779808872001640827,1779808873017637677,1.0943948105340182,0.040533141131241464,-0.40212664,-0.14094639,-0.033213105,0.045157652,0.20298545,0.0071704364
1779808880794218308,1779808881840019612,0.0,0.0,-0.30880705,-0.055371452,0.045343246,0.11059281,0.2698843,0.0069607226
1779808881840019612,1779808882864717209,0.0,0.0,-0.40735745,-0.12321286,-0.01832608,0.06770676,0.21750826,0.006018256
1779808883875573067,1779808884920200511,0.0,0.0,-0.3867927,-0.11210034,-0.023712434,0.06622555,0.20861925,0.0073563494
1779808884920200511,1779808885952768202,0.0,0.0,-0.28992656,-0.030519113,0.06715546,0.13295291,0.29897514,0.007120196
1779808885952768202,1779808886964496584,-2.2021896890994457,0.12954056994666818,-0.38486838,-0.1511709,-0.03565465,0.04357772,0.18902436,0.0068072686
1779808886964496584,1779808887999697157,-0.0130321516220434,0.00034295135853985935,-0.42434323,-0.17084031,-0.052719075,0.012397103,0.1986646,0.006635479
1779808887999697157,1779808889033759671,0.0,0.0,-0.42737797,-0.18577886,-0.065021046,0.009305817,0.13788606,0.0063574654
1779808889033759671,1779808890037810652,0.0,0.0,-0.33145112,-0.097943984,0.027369227,0.093949236,0.23980552,0.011342681
1779808890037810652,1779808891057469110,0.0,0.0,-0.18056026,-0.0039826236,0.09162535,0.17085668,0.2906828,0.0068009025
1779808894345941338,1779808895426784924,-0.5866685441737876,0.06518539379780149,-0.40399247,-0.1608802,-0.05238087,0.04094678,0.2026052,0.0058302907
1779808921650769250,1779808922698312329,0.0,0.0,-0.39596337,-0.16741301,-0.017182862,0.054538958,0.25612193,0.007029715
1779808942586189997,1779808943619056393,0.0,0.0,-0.427725,-0.1807765,-0.052596513,0.030326124,0.17955185,0.0028623056
1779808944643726820,1779808945668751963,0.0,0.0,-0.45023793,-0.15172757,-0.047368694,0.016740337,0.20199929,0.007836024
1779808945668751963,1779808946696589084,0.22165779167152386,0.0058330997809719065,-0.26541287,-0.03285223,0.06720935,0.14516732,0.27689373,0.009375592
1779808946696589084,1779808947711940801,0.5606418960024997,0.016489467529451678,-0.39742193,-0.15465343,-0.010995252,0.05419105,0.20133501,0.007503955
1779808947711940801,1779808948716725307,0.0,0.0,-0.39923647,-0.16314748,-0.052855823,0.018794335,0.1545566,0.0072389008
1779808948716725307,1779808949724343548,-1.4994615005494623,0.057671596174885695,-0.40379527,-0.15793541,-0.046985466,0.04335284,0.21222883,0.00417886
1779808949724343548,1779808950746076599,0.0,0.0,-0.19183244,-0.040425744,0.06764201,0.14676915,0.26171198,0.003328203
1779808950746076599,1779808951764040148,0.0,0.0,-0.31554002,-0.065342665,0.021410182,0.0785279,0.2756019,0.006336237
1779808951764040148,1779808952779633745,0.0,0.0,-0.47007415,-0.20408976,-0.09845367,-0.030565886,0.1442722,0.0069462745
1779808952779633745,1779808953801672853,0.0,0.0,-0.33140084,-0.06630125,0.02479045,0.080487534,0.32288018,0.004882112
1779808953801672853,1779808954829124602,0.0,0.0,-0.41570368,-0.15072268,-0.038902346,0.028902717,0.16910294,0.0038771187
1779808954829124602,1779808955934145648,-1.0954009471814556,0.043816037887722814,-0.36367017,-0.1482347,-0.04411857,0.01735649,0.19408011,0.0051888055
1779808955934145648,1779808956938510928,-0.36516031520021186,0.010143342088733378,-0.3914508,-0.14751114,0.0029746012,0.0693034,0.20569868,0.0074368287
1779808963487037379,1779808964590560013,0.0,0.0,-0.3356467,-0.10551301,0.004508207,0.08783521,0.26251847,0.0038786253
1779808964590560013,1779808965723179157,0.0,0.0,-0.26287875,-0.009662776,0.077791765,0.14301623,0.31071278,0.007600412
1779808965723179157,1779808966764400405,0.0,0.0,-0.26818117,-0.034656666,0.07214123,0.15892597,0.2902969,0.008630844
1779808966764400405,1779808967775458843,0.0,0.0,-0.31393597,-0.04269787,0.043092597,0.11502376,0.32557645,0.0051497873
1779808967775458843,1779808968803327212,0.0,0.0,-0.27020514,-0.010612468,0.0736935,0.14121209,0.30608326,0.0074684317
1779808969813974126,1779808970853009822,0.0,0.0,-0.37592292,-0.111257814,-0.018253066,0.07636797,0.21546908,0.0068878164
1779808970853009822,1779808971882420653,0.0,0.0,-0.46090665,-0.1823141,-0.05653879,0.02274506,0.16809751,0.008427814
1779808971882420653,1779808972912352632,0.0,0.0,-0.33771807,-0.06538008,0.037576754,0.102811664,0.2892854,0.008889284
1779808988676546451,1779808989695609828,-0.07835552644915174,0.0550634405468761,-0.36681518,-0.14190698,-0.05989403,0.0137643125,0.1734705,0.0051681893
1779808991752323432,1779808992765009644,1.5926737043444052,0.08382493180797132,-0.4049312,-0.15604626,-0.047964413,0.030360742,0.16438986,0.006750896
1779808992765009644,1779808993838099963,1.344436904859401,0.04635989327110616,-0.35588986,-0.15869878,-0.043127753,0.013933718,0.20787938,0.0020377713
1779809006336680183,1779809007370235548,-0.7042836753230317,0.01193701144619851,-0.34805727,-0.12820806,0.008232606,0.075932786,0.21800299,0.008085067
1779809007370235548,1779809008383201974,1.982301445419967,0.027919738667982683,-0.3721466,-0.103124864,-0.011992042,0.07785839,0.21710403,0.0070292708
1779809008383201974,1779809009415128357,-0.5216201784736358,0.0413725942851555,-0.38624603,-0.15351062,-0.0066201985,0.0589128,0.19213912,0.00793224
1779809009415128357,1779809010437239709,-1.4215530947930497,0.011193331454928138,-0.37746716,-0.15365024,-0.00057626277,0.06218233,0.2053919,0.008848218
1779809010437239709,1779809011439586495,-0.02608543109039928,0.0006864587130307523,-0.40298042,-0.16335887,-0.033207648,0.016474681,0.23702104,0.007057142
1779809011439586495,1779809012445504555,0.0,0.0,-0.34518555,-0.15823278,-0.04729204,0.011966615,0.24056427,0.0037713912
1779809012445504555,1779809013459414295,-0.013042741062962278,0.0003432300282587388,-0.45194593,-0.17935073,-0.07424611,0.0030270417,0.17470291,0.002255528
1779809014478283517,1779809015487345471,-0.7436457431659067,0.01956962482028614,-0.4431052,-0.1961357,-0.06566051,0.0056609195,0.18736003,0.0036034866
1779809017496491953,1779809018521119554,0.0,0.0,-0.30805898,-0.10090559,-0.025534159,0.029648665,0.20255426,0.004932218
1779809018521119554,1779809019545049889,1.187093813114828,0.030438302900392955,-0.30163407,-0.11607658,-0.020548131,0.043318875,0.26570094,0.0036791128
1779809019545049889,1779809020561172337,0.0,0.0,-0.34253478,-0.07079373,0.017060252,0.09138313,0.23806745,0.006379168
1779809022737204597,1779809023757002586,0.0,0.0,-0.43337214,-0.21868373,-0.10812447,-0.040092383,0.13811257,0.005402931
1779809023757002586,1779809024763019167,0.0,0.0,-0.45828825,-0.17309585,-0.066447675,-0.006796369,0.15882613,0.0024755804
1779809024763019167,1779809025766850034,0.0,0.0,-0.25677505,-0.017691895,0.08493289,0.15824696,0.3220752,0.0051143514
1779809025766850034,1779809026784048116,0.0,0.0,-0.3107268,-0.08241685,0.043869898,0.113415666,0.2521178,0.009488457
1779809026784048116,1779809027809025462,0.9391379894076838,0.0240804612667161,-0.40920323,-0.1827855,-0.093146905,-0.027017424,0.1663057,0.0068604983
1779809029839437512,1779809030855559944,0.7954754404422706,0.020933564221941856,-0.41303113,-0.20975201,-0.098131,-0.029229678,0.11162044,0.005639748
1779809031869520987,1779809032893746976,0.0,0.0,-0.34379706,-0.110427745,-0.011607486,0.07219829,0.20675759,0.0048941043
1779809032893746976,1779809033902565179,0.0,0.0,-0.45677495,-0.20606513,-0.10951069,-0.04840444,0.13963358,0.004899448
1779809034917559830,1779809035929254015,0.2868772563245988,0.007549401482433526,-0.41818652,-0.20154706,-0.07291904,0.00077107194,0.20232853,0.004283479
1779809035929254015,1779809036952234990,0.0,0.0,-0.28560472,-0.032874644,0.061244465,0.12569441,0.28647926,0.008004232
1779809036952234990,1779809037966888155,-1.1214760723305857,0.028755796726807004,-0.16183436,-0.0052233045,0.10255255,0.1606136,0.3507281,0.0047739013
1779809037966888155,1779809038973680519,0.6911571015874444,0.018188344778829146,-0.32121253,-0.11015444,0.007283427,0.055328343,0.22132944,0.0017682014
1779809038973680519,1779809039989101417,0.0,0.0,-0.3324915,-0.08146032,0.0064614774,0.071860366,0.30355173,0.0031529772
1779809041072822674,1779809042127076436,-0.26088017057840396,0.0074537191590958885,-0.39426956,-0.16038089,4.427587e-05,0.064769015,0.20826556,0.008131038
1779809055147518132,1779809056186860580,-1.9184264263998763,0.05290761567954482,-0.39829844,-0.15487741,-0.04823905,0.032359082,0.16979577,0.006907736
1779809061655107625,1779809062675245996,0.0,0.0,-0.19477567,-0.011319622,0.083843134,0.16552837,0.30199417,0.0079870345
1779809063694652126,1779809064696768009,0.7438932242594846,0.028611277855634835,-0.29402077,-0.04080819,0.035843253,0.12409821,0.28879774,0.009473921
1779809064696768009,1779809065698215130,0.0,0.0,-0.4053646,-0.15835983,-0.052438818,0.017090812,0.16084242,0.008412024
1779809065698215130,1779809066713925405,0.0,0.0,-0.352656,-0.11921431,0.0045896904,0.06582242,0.23401828,0.005901496
1779809066713925405,1779809067722823539,0.0,0.0,-0.4832124,-0.18087217,-0.06615673,0.013665707,0.16490395,0.008018604
1779809067722823539,1779809068741099036,0.20880218668868705,0.005494794386980797,-0.44383815,-0.19899602,-0.06618897,0.0057902476,0.14094843,0.0060125743
1779809068741099036,1779809069754763905,0.20879782694278354,0.005494679656299701,-0.39290765,-0.1611289,-0.039414924,0.03634349,0.16255043,0.0041336706
1779809069754763905,1779809070769265892,0.0,0.0,-0.29600322,-0.07745382,0.03573704,0.09434476,0.28627253,0.006890985
1779809070769265892,1779809071801839145,2.8444361129852576,0.09808400389574025,-0.32367378,-0.10532671,-0.005159935,0.055008475,0.2431157,0.006440856
1779809071801839145,1779809072821008821,0.5348723743621222,0.010915762742319647,-0.36574388,-0.13591507,0.014150688,0.07530149,0.22552615,0.008728938
1779809076885273141,1779809077897423333,0.0,0.0,-0.4400372,-0.16838276,-0.060371615,0.00065690646,0.19851442,0.0059540747
1779809077897423333,1779809078919146578,1.0954066610395687,0.03533569874266065,-0.33133435,-0.13385929,-0.02008039,0.03834885,0.23440142,0.0024207586
1779809078919146578,1779809079933336146,0.43030550393565087,0.009354467476958174,-0.36260298,-0.14560558,0.0066010235,0.06773261,0.21129811,0.008390377
1779809079933336146,1779809080970078046,0.4694030693291587,0.012352712351016454,-0.3428566,-0.15010409,-0.034560416,0.0214598,0.2194593,0.0022159633
1779809080970078046,1779809082022533046,0.2998848703097862,0.14180536066499272,-0.3716598,-0.1370703,0.013187794,0.07943427,0.2178243,0.0073992633
1779809082022533046,1779809083055753794,-1.0822355607094722,0.024049679126786964,-0.39509764,-0.1573695,-0.004390309,0.06145873,0.20655327,0.007865955
1779809083055753794,1779809084063027205,0.0,0.0,-0.39452374,-0.16338667,-0.0019609218,0.06228761,0.20631425,0.008156962
1779809084063027205,1779809085079067537,0.0,0.0,-0.22525537,-0.013865275,0.08979344,0.15090352,0.27476898,0.004976811
1779809086093004826,1779809087099198200,0.6649993874027901,0.017499983878852425,-0.32576934,-0.096981786,0.008729788,0.06395073,0.23888057,0.0026633122
1779809087099198200,1779809088112424150,-0.704118375629776,0.04186144979007922,-0.26963755,-0.08042341,0.008367579,0.056769036,0.22530459,0.0054996284
1779809088112424150,1779809089136971157,0.0,0.0,-0.30328685,-0.061169326,0.025829883,0.083358094,0.27852237,0.005990622
1779809090157037071,1779809091168900206,0.039118988225993925,0.0010294470585922443,-0.29688627,-0.028266152,0.077343926,0.13874261,0.30951276,0.0049129752
1779809091168900206,1779809092175319801,0.0,0.0,-0.39290822,-0.1310495,-0.023162555,0.035898257,0.27572748,0.0055345143
1779809092175319801,1779809093193169662,0.0,0.0,-0.3802105,-0.12731397,-0.02001204,0.03386903,0.20696305,0.005482178
1779809095482924354,1779809096489001389,-1.147558407744771,0.030198905467053963,-0.4567248,-0.21001372,-0.098024905,-0.015103296,0.19703144,0.0044981632
1779809097503032477,1779809098518376486,-0.3129937394996576,0.008459290256627743,-0.3803693,-0.13234694,-0.021390842,0.03809374,0.23761293,0.007082264
1779809098518376486,1779809099539405011,0.0,0.0,-0.40575218,-0.16794546,-0.053141866,0.015651263,0.19968799,0.005572543
1779809099539405011,1779809100576082714,0.0,0.0,-0.4043549,-0.19093406,-0.049834963,0.043069083,0.21588045,0.001259697
1779809100576082714,1779809101582760117,-1.1477275333511723,0.031019663063526003,-0.37073776,-0.11960216,-0.0125494795,0.08421111,0.2127567,0.006325979
1779809101582760117,1779809102588911516,0.0,0.0,-0.40360934,-0.19369146,-0.08175896,0.0009873192,0.1363701,0.00206274
1779809104668952897,1779809105682604079,1.9038590367243384,0.06929736576820135,-0.36657697,-0.11918978,0.006551592,0.08733392,0.26460946,0.0018130376
1779809105682604079,1779809106706962587,-0.10431165715357803,0.0024836108843591847,-0.4141734,-0.19302343,-0.07498032,-0.01012807,0.122520894,0.0050198087
1779809114059084244,1779809115081259068,0.0,0.0,-0.41757914,-0.1627516,0.0053933514,0.09432533,0.267848,0.00504605
1779809120084963787,1779809121086847414,0.0,0.0,-0.412676,-0.17222622,-0.0574551,0.00028399072,0.17661247,0.006449181
1779809122089108817,1779809123120583460,-0.2738157793676382,0.007400426469346073,-0.3327323,-0.112226844,-0.03653473,0.032864917,0.20889324,0.004954858
1779809125210264776,1779809126214221087,0.0,0.0,-0.4147442,-0.21166006,-0.084058456,-0.0168629,0.13195147,0.0030357563
1779809128232074694,1779809129259804248,-0.3129623121900813,0.03835204627864725,-0.2906234,-0.098881006,-0.0075358087,0.06590381,0.19456202,0.0030494572
1779809129259804248,1779809130285401412,-0.29993140701387605,0.02505201610743319,-0.4295063,-0.17715295,-0.052739605,0.010137214,0.19070661,0.0062881224
1779809130285401412,1779809131287025646,0.0,0.0,-0.26202095,-0.019505993,0.06807501,0.13291709,0.31080818,0.0076568704
1779809132301117111,1779809133307531182,0.6780673258248235,0.02338163192501854,-0.34970468,-0.1569766,-0.036768634,0.031137902,0.25790522,0.0024112647
1779809133307531182,1779809134312362725,0.0,0.0,-0.38523263,-0.17099515,-0.06947371,0.0017763068,0.19444737,0.00040027374
1779809134312362725,1779809135347144412,0.0,0.0,-0.3432344,-0.12848817,-0.0030259686,0.06368603,0.23117207,0.006176376
1779809135347144412,1779809136352516586,0.0,0.0,-0.31298238,-0.06929017,0.028662955,0.096461535,0.27268037,0.0077722664
1779809136352516586,1779809137430395744,2.112145824142065,0.0880060760059346,-0.39728802,-0.20798059,-0.0905734,-0.0036781628,0.15280825,0.0058476957
1779809137430395744,1779809138454571522,0.0,0.0,-0.34837976,-0.1140039,0.02912678,0.093312606,0.23476118,0.007941323
1779809138454571522,1779809139464782393,0.8212695789411971,0.016425391578778203,-0.29584178,-0.08402473,-0.0056291935,0.05841193,0.19974504,0.0050828164
1779809142585799276,1779809143597809163,0.0,0.0,-0.38096726,-0.16468172,0.005591846,0.06629602,0.2766623,0.0041637933
1779809143597809163,1779809144615131090,0.10426815161925491,0.0026735423493307324,-0.3329978,-0.06671837,0.029622702,0.11012661,0.2803801,0.0076595624
1779809144615131090,1779809145623937701,1.5769232305665186,0.04149797975145102,-0.37060928,-0.12311924,-0.03177414,0.024335422,0.22315511,0.0020732554
1779809145623937701,1779809146645164027,-1.35535701809958,0.03475274405390794,-0.42761245,-0.23275964,-0.101160794,-0.033013515,0.12964562,0.005782709
1779809147657001257,1779809148687133578,-0.01303357840703899,0.0003258394603022907,-0.39788362,-0.14896208,-0.041344374,0.029063025,0.16464935,0.0071124686
1779809150816996067,1779809151836914211,0.0,0.0,-0.3859518,-0.15163171,-0.0047654645,0.057475932,0.21451427,0.008822497
1779809151836914211,1779809152849307222,-0.11730281722374745,0.003086916243090268,-0.4303702,-0.16000108,-0.022803891,0.03833161,0.2042762,0.0037413265
1779809152849307222,1779809153871123957,0.0,0.0,-0.40888825,-0.1681566,-0.05781206,0.0033882936,0.19528447,0.006439836
1779809153871123957,1779809154875193330,0.0,0.0,-0.49157372,-0.2639868,-0.09017646,-0.01794969,0.19504952,0.0039534443
1779809155876823343,1779809156889300197,0.0,0.0,-0.4094517,-0.14404528,-0.02852131,0.05762222,0.21752192,0.006298991
1779809156889300197,1779809157917469529,0.0,0.0,-0.3853907,-0.1616493,-0.03548389,0.049194433,0.22899355,0.0028834173
1779809158920415115,1779809159936516569,-0.7429410825069493,0.021226888072029784,-0.39051372,-0.13167655,-0.036320932,0.06335947,0.2119553,0.0071901614
1779809159936516569,1779809160943503262,0.0,0.0,-0.30175686,-0.076624565,0.04678273,0.11289527,0.28862396,0.0042937845
1779809161949041022,1779809162973373078,0.0,0.0,-0.3804335,-0.15262195,-0.028914452,0.05871491,0.21782498,0.0031884676
1779809162973373078,1779809163989056009,0.0,0.0,-0.24757563,-0.04511599,0.06856001,0.12308115,0.31727186,0.007028018
1779809163989056009,1779809165023746572,-1.2644301477843625,0.038316065084390255,-0.534793,-0.30951393,-0.12615119,-0.04647128,0.16640261,0.0033336736
1779809171794129035,1779809172803127930,0.0,0.0,-0.29326397,-0.10303953,0.010836554,0.070582636,0.22809917,0.010690443
1779809172803127930,1779809173832929229,-1.1080390197497525,0.028411256916791527,-0.2149701,-0.0120533705,0.08228402,0.15926798,0.27919236,0.00661428
1779809232195098650,1779809233212999327,0.0,0.0,-0.3975791,-0.08919605,-0.00015862798,0.06573977,0.21776056,0.006688517
1779809235257354430,1779809236266917548,0.40400775700395963,0.010631783078713698,-0.3600495,-0.106127925,-0.014038856,0.039798733,0.2735993,0.00731931
1779809236266917548,1779809237291099793,0.0,0.0,-0.41074425,-0.1710178,-0.040946312,0.010254179,0.16266549,0.0060099824
1779809237291099793,1779809238297018632,-2.776253535397802,0.07305930356272863,-0.3417266,-0.089081414,0.026501907,0.08803288,0.31445906,0.0032353073
1779809248650892858,1779809249665049548,0.0,0.0,-0.2802477,-0.041908834,0.06745655,0.13009901,0.3551624,0.0076162117
1779809249665049548,1779809250690795563,0.0,0.0,-0.3217805,-0.13159736,-0.020285953,0.035104837,0.22535917,0.0023562156
1779809250690795563,1779809251695479288,0.0,0.0,-0.4046266,-0.14568624,-0.047751337,0.027283406,0.26101166,0.006076696
1779809251695479288,1779809252741554691,-0.5214372637200472,0.013370186249079988,-0.3691542,-0.10266554,0.01136033,0.065783955,0.22799693,0.007961333
1779809252741554691,1779809253746946715,-1.1733332651491077,0.030877191188444522,-0.34197867,-0.112843744,-0.018554645,0.049796984,0.24046753,0.0040364433
1779809253746946715,1779809254765117354,-0.3911416839542257,0.010029273947400096,-0.29578078,-0.06054228,0.053330284,0.119344294,0.27443296,0.004108926
1779809254765117354,1779809255782975702,-0.6258585183677339,0.016047654316964373,-0.46760467,-0.23143528,-0.12348983,-0.05723661,0.0909801,0.0039808834
1779809255782975702,1779809256799124078,0.0,0.0,-0.21030405,-0.024477813,0.06523048,0.14245126,0.33417726,0.0053635016
1779809256799124078,1779809257815025166,-0.7954183904931802,0.020932062907781143,-0.5052856,-0.27594164,-0.11793519,-0.052882228,0.115942165,0.0019681966
1779809257815025166,1779809258824871100,0.0,0.0,-0.2933089,-0.06783737,0.033631254,0.084154285,0.27750596,0.0060180607
1779809258824871100,1779809259829096403,0.0,0.0,-0.3669807,-0.14306755,-0.04197296,0.021117466,0.21277815,0.009903179
1779809261908931406,1779809262919150080,0.0,0.0,-0.236794,-0.07307929,0.032706548,0.098625146,0.24207537,0.007160606
1779809262919150080,1779809263943400776,1.1735459290441619,0.030090921257397714,-0.33053213,-0.084299035,0.018619193,0.07420533,0.2752328,0.0071340506
1779809263943400776,1779809264961264141,1.3559260180624388,0.03476733379642747,-0.4639866,-0.22273493,-0.099242255,-0.034557525,0.16030425,0.0038121035
1779809264961264141,1779809265969146344,-1.1994636325918844,0.03156483243624714,-0.43949375,-0.22632104,-0.083506666,-0.033694215,0.13766754,0.008205402
1779809265969146344,1779809266977044315,-1.1604876147285204,0.030539147756133832,-0.3692007,-0.18340151,-0.070165776,-0.014060644,0.16979593,0.0038686795
1779809266977044315,1779809268000870164,0.0,0.0,-0.39411402,-0.16595377,-0.037129913,0.020229079,0.20887731,0.00849039
1779809268000870164,1779809269011154921,0.0,0.0,-0.42638716,-0.16642608,-0.070451,0.004260001,0.22757731,0.0060938518
1779809269011154921,1779809270017096605,0.7041321476411109,0.019030598585038354,-0.55378824,-0.27607682,-0.15734594,-0.07933396,0.08904945,0.00464826
1779809270017096605,1779809271021078616,0.0,0.0,-0.26910734,-0.08980372,0.011467776,0.06589152,0.2463079,0.0006174581
1779809273277368855,1779809274301000729,0.0,0.0,-0.30780727,-0.067611516,0.019525029,0.08059003,0.2714376,0.0070932377
1779809274301000729,1779809275323300876,0.0,0.0,-0.37011424,-0.14936678,-0.03105432,0.025938917,0.22535281,0.0030238745
1779809276335072495,1779809277339084166,0.0,0.0,-0.36901304,-0.13645265,-0.02939731,0.05102992,0.27650964,0.0068870313
1779809277339084166,1779809278357198660,0.0,0.0,-0.40050364,-0.13855515,-0.057004455,0.014371228,0.20084606,0.0073096496
1779809278357198660,1779809279379391837,-0.06521676749181383,0.0017162307233844019,-0.496194,-0.25039133,-0.14398526,-0.07637736,0.07083056,0.004871078
1779809279379391837,1779809280382041948,-0.013043404536437837,0.0003432474879766209,-0.40565082,-0.18649788,-0.08504636,-0.026327906,0.14526044,0.0014536773
1779809280382041948,1779809281399472331,0.07826017202879015,0.05366663360360592,-0.3460088,-0.1093334,0.01500707,0.07926237,0.28247362,0.008369075
1779809281399472331,1779809282405003303,-0.026086655958248623,0.03043345983053246,-0.38354436,-0.13078016,-0.044723153,0.04253026,0.19067167,0.006018835
1779809282405003303,1779809283418896999,0.0,0.0,-0.4386456,-0.1972335,-0.046415247,0.044157177,0.25738895,0.0039629424
1779809285453608172,1779809286459577264,0.0,0.0,-0.44036672,-0.21309517,-0.06394643,-0.00034394278,0.21564923,0.003522103
1779809288647026182,1779809289657219350,0.0,0.0,-0.34219563,-0.0840791,0.011715796,0.06565715,0.28462964,0.0078938175
1779809290674932066,1779809291698038355,0.0,0.0,-0.37075594,-0.15390992,-0.050136052,0.017839583,0.20937568,0.0062931096
1779809292724496139,1779809293733716270,0.0,0.0,-0.3653789,-0.12804873,-0.020456221,0.045203656,0.22687897,0.0057857293
1779809293733716270,1779809294734874863,0.0,0.0,-0.40222648,-0.13601239,-0.017550645,0.064141646,0.22028233,0.005387618
1779809294734874863,1779809295765419948,-0.15648605350919992,0.004118054039992103,-0.43079373,-0.22295268,-0.090696596,-0.025687842,0.12143373,0.004232436
1779809295765419948,1779809296774853943,0.0,0.0,-0.21043298,-0.013597171,0.08370257,0.157902,0.27858716,0.007406485
1779809296774853943,1779809297797347006,0.0,0.0,-0.42664856,-0.17669025,-0.06486317,-0.0071773096,0.18500492,0.0057877074
1779809297797347006,1779809298811450217,0.0,0.0,-0.2863498,-0.09643928,-0.01781194,0.031931557,0.19836128,0.0057349545
1779809298811450217,1779809299833500435,0.0,0.0,-0.44599715,-0.25691766,-0.124843836,-0.059687976,0.11595738,0.007258872
1779809299833500435,1779809300847733689,1.0823117668295812,0.028481888601056563,-0.23462851,-0.055828348,0.028932856,0.092790745,0.24946979,0.0063415812
1779809300847733689,1779809301855019442,0.0,0.0,-0.34899363,-0.15409353,0.006273037,0.06416236,0.23011582,0.007285454
1779809304030891763,1779809305047881777,-2.020849963331371,0.05318026219298433,-0.4728733,-0.20788565,-0.10211126,-0.042545937,0.10200054,0.0053906245
1779809305047881777,1779809306053335803,0.0,0.0,-0.31917793,-0.09109928,0.007256297,0.10549773,0.24448355,0.0061611747
1779809306053335803,1779809307068979504,1.3298955986379155,0.03499725259580837,-0.29340127,-0.12311965,-0.013097562,0.050374996,0.23245673,0.004100106
1779809309094436019,1779809310100899053,0.0,0.0,-0.43690282,-0.19545554,-0.06481551,0.0073658433,0.19640733,0.003752142
1779809311123100327,1779809312143122250,0.0,0.0,-0.25173557,-0.048349038,0.07302136,0.12696373,0.32484326,0.005472936
1779809312143122250,1779809313158992489,-0.36493377433343027,0.00960352037706146,-0.34553412,-0.12767829,-0.04636381,0.008588889,0.2400021,0.0033638512
1779809313158992489,1779809314167187793,0.0,0.0,-0.39946327,-0.1545142,-0.050531268,0.034107253,0.24956185,0.004224284
1779809314167187793,1779809315174874096,0.0,0.0,-0.30532587,-0.12560718,0.0154839335,0.06769353,0.254702,0.003275425
1779809315174874096,1779809316195043695,-0.5213570664942684,0.013719922802535894,-0.28391173,-0.09342752,0.013669953,0.06365195,0.2176214,0.0040619415
1779809316195043695,1779809317212926020,0.0,0.0,-0.24072038,-0.043709286,0.031269588,0.0824482,0.25057837,0.0052551497
1779809317212926020,1779809318214920089,0.0,0.0,-0.27324054,-0.0139004765,0.08443224,0.13210423,0.33688992,0.00569568
1779809318214920089,1779809319239151770,0.0,0.0,-0.4487686,-0.18742934,-0.048367023,0.019769292,0.20866376,0.005362572
1779809319239151770,1779809320253539782,0.0,0.0,-0.2872246,-0.094823174,0.019453669,0.07311024,0.23734409,0.008124658
1779809322373083959,1779809323390962358,0.0,0.0,-0.327217,-0.045431472,0.05541083,0.102427274,0.28974792,0.005835776
1779809323390962358,1779809324398915982,0.0,0.0,-0.3037353,-0.06441462,0.047553144,0.106976606,0.33704582,0.008639618
1779809324398915982,1779809325417011116,0.0,0.0,-0.37020305,-0.15320157,-0.043763593,0.023614457,0.21135911,0.0065386062
1779809325417011116,1779809326436902173,0.0,0.0,-0.35282898,-0.09041734,0.006978978,0.08693471,0.2511051,0.0040057357
1779809326436902173,1779809327455055503,0.0,0.0,-0.3551409,-0.07169427,0.016052755,0.09089929,0.24509843,0.00591028
1779809327455055503,1779809328462831217,0.0,0.0,-0.30219722,-0.054074086,0.056181177,0.11401363,0.28645292,0.00412776
1779809328462831217,1779809329468975389,0.0,0.0,-0.32855713,-0.0676888,0.041485205,0.101677924,0.28136423,0.007121117
1779809330482895423,1779809331488930550,0.0,0.0,-0.44572046,-0.18187071,-0.058117464,-0.0029853785,0.16383746,0.0040484522
1779809331488930550,1779809332499096453,0.0,0.0,-0.40154955,-0.15793471,-0.057421952,-0.00478282,0.17782243,0.00292397
1779809332499096453,1779809333546822981,-1.551357767069298,0.04192858829910051,-0.3847096,-0.15264568,-0.041690324,0.009990203,0.20291443,0.0030301898
1779809333546822981,1779809334569336280,-2.0992789510300676,0.05120192563484862,-0.40024558,-0.16676088,-0.011649079,0.055622622,0.23181221,0.006853892
1779809336618910434,1779809337631657197,-0.2999478351802803,0.007893364083525069,-0.29239044,-0.054409325,0.039444644,0.11172035,0.321481,0.005257704
1779809338654462835,1779809339656937840,0.0,0.0,-0.37313652,-0.14365928,-0.0023340008,0.065141514,0.20397146,0.0076598576
1779809339656937840,1779809340681193330,0.0,0.0,-0.42045927,-0.15448032,-0.04413772,0.020339653,0.24526475,0.0031002325
1779809340681193330,1779809341689204166,0.8346913374953938,0.021965561513307592,-0.17256905,-0.003943375,0.113637045,0.17316875,0.3239757,0.0047994936
1779809341689204166,1779809342707149896,0.0,0.0,-0.26503745,-0.08285157,0.017911687,0.080369025,0.25322884,0.006024976
1779809342707149896,1779809343714895678,-0.41733695987763664,0.010982551575535269,-0.5029338,-0.1978508,-0.058843516,0.0067441617,0.15044865,0.00551767
1779809343714895678,1779809344735082915,1.4736433053504658,0.03878008698259505,-0.4376814,-0.1941695,-0.06282984,-0.008530593,0.16740668,0.0041077132
1779809344735082915,1779809345754951116,-0.4694557118309861,0.012037325944447,-0.40184718,-0.17170839,-0.0530521,0.0016047553,0.2419547,0.0060263756
1779809345754951116,1779809346756922473,0.0,0.0,-0.38196236,-0.18665962,-0.06425357,0.0033331471,0.15659992,0.0047567645
1779809347763419599,1779809348778890215,0.0,0.0,-0.31191728,-0.10965621,-0.017117195,0.05777511,0.23876375,0.0058095395
1779809349797195320,1779809350800807236,0.0,0.0,-0.4023857,-0.142874,-0.036735628,0.027746785,0.21465673,0.002129328
1779809350800807236,1779809351819011314,0.0,0.0,-0.31974837,-0.10487521,0.032557297,0.081872195,0.2452858,0.004729887
1779809351819011314,1779809352835096414,-0.6259564584131045,0.01647253837941252,-0.20879547,-0.02266122,0.073255844,0.15517707,0.3295242,0.005011274
1779809353839130815,1779809354840979972,-1.147688615080346,0.030202331975721405,-0.35267812,-0.157,-0.03962212,0.021509511,0.23628847,0.0024786696
1779809354840979972,1779809355844123984,0.0,0.0,-0.308236,-0.12240718,-0.013662768,0.043421354,0.23372993,0.0030885409
1779809356861015089,1779809357911074161,-0.45650367754279136,0.012680657709552968,-0.32529026,-0.1190045,-0.019295763,0.045862824,0.28659946,0.004168331
1779809357911074161,1779809358916103019,-2.3350161209149585,0.12289558531158581,-0.38389763,-0.16065356,-0.05399055,0.017887147,0.16069922,0.008721892
1779809358916103019,1779809359916968882,0.0,0.0,-0.39124784,-0.16946304,-0.05990653,0.032659028,0.15885286,0.0035700742
1779809360940619300,1779809361953328580,0.0,0.0,-0.46977147,-0.20659922,-0.09785818,-0.032609295,0.14846702,0.0074093426
1779809364217182732,1779809365234093728,-1.813766624099389,0.053346077179713465,-0.2984941,-0.046859056,0.051216636,0.11901624,0.2803077,0.0068835523
1779809365234093728,1779809366244341747,-2.1143014955214747,0.07830746279693215,-0.33438316,-0.07769286,0.025990775,0.09106692,0.27177554,0.009014223
1779809366244341747,1779809367253712535,-0.3785332489695439,0.007279485556907708,-0.48561394,-0.26401672,-0.06916511,0.0099395355,0.20054734,0.003988334
1779809367253712535,1779809368263190312,0.0,0.0,-0.41773927,-0.1661791,-0.06083068,0.012662012,0.17790534,0.003851969
1779809369276169707,1779809370295486118,0.013053109185311232,0.0003527867343601011,-0.47320694,-0.20422387,-0.09347051,-0.036032718,0.10533434,0.0044377227
1779809370295486118,1779809371299187438,0.5743199368279267,0.01472615222652962,-0.36519453,-0.15377039,-0.011120894,0.052231155,0.19994128,0.008087086
1779809372320984420,1779809373381749395,-1.0312400474885164,0.025781001187219488,-0.36960462,-0.085637555,0.0086522,0.072168335,0.23069806,0.0047520637
1779809373381749395,1779809374383966749,-0.36552832881325076,0.014621133152559196,-0.37824166,-0.14001238,0.007321871,0.07232472,0.21095712,0.007720822
1779809374383966749,1779809375403259925,1.122651652160208,0.02551481027628972,-0.3361363,-0.12756118,-0.025596514,0.041404165,0.23357694,0.0027112511
1779809375403259925,1779809376425419941,0.06526656824393412,0.028511954543774504,-0.41912863,-0.17581625,-0.0724301,-0.00059200893,0.19096896,0.005477621
1779809378641264563,1779809379644960004,0.0,0.0,-0.3405918,-0.13369396,-0.04675627,0.009366889,0.18422906,0.005182129
1779809380659730467,1779809381676872505,0.0,0.0,-0.24184564,-0.00040485125,0.09468044,0.14895615,0.3577395,0.0057272166
1779809381676872505,1779809382681486868,0.0,0.0,-0.3924304,-0.13382675,-0.026289228,0.047418848,0.1689186,0.0067901113
1779809382681486868,1779809383723788230,-1.3967683763016885,0.039907667894364555,-0.39250958,-0.12479161,-0.016782701,0.06028652,0.21694946,0.006760663
1779809383723788230,1779809384733434653,1.3967683763008716,0.03248298549541301,-0.36776176,-0.14056316,0.0065491428,0.070171,0.20844407,0.008329325
1779809384733434653,1779809385745037601,-0.5743484247133507,0.015114432229299417,-0.49154216,-0.28087056,-0.13559139,-0.06023762,0.12905538,0.0037418818
1779809385745037601,1779809386761040091,0.0,0.0,-0.48533878,-0.21709065,-0.10605064,-0.044643793,0.12760963,0.007816968
1779809386761040091,1779809387770993859,0.5743484247135758,0.015114432229299417,-0.39554027,-0.19500324,-0.098779276,-0.038251806,0.13130799,0.006598337
1779809387770993859,1779809388789573208,0.0,0.0,-0.35364383,-0.13838544,0.017384088,0.06391203,0.26318488,0.0043562264
1779809388789573208,1779809389797172148,0.4829492799771747,0.012709191577972422,-0.37839425,-0.15248576,-0.04434737,0.018222576,0.20295274,0.0048033614
1779809391818148732,1779809392834319758,0.0,0.0,-0.32714188,-0.095423386,0.027854327,0.090875685,0.30956265,0.0077330736
1779809392834319758,1779809393847100011,0.0,0.0,-0.20454238,-0.06903921,0.06556689,0.12231505,0.28239787,0.0036107488
1779809393847100011,1779809394863501257,0.287147974549488,0.03057863540334438,-0.35819134,-0.13012174,-0.027501402,0.030314203,0.254516,0.0048404485
1779809394863501257,1779809395863982534,-0.5873569461215541,0.015456761740002895,-0.40736482,-0.16856411,-0.046275232,0.0334657,0.17118058,0.002341016
1779809396870326042,1779809397917166973,0.0,0.0,-0.4658602,-0.18514703,-0.062304497,0.010602834,0.1500812,0.0082432255
1779809397917166973,1779809398921065555,0.9007092112082365,0.025019700311052558,-0.2958784,-0.033954248,0.07042098,0.13096508,0.3112253,0.009362682
1779809398921065555,1779809399927161669,0.6265324757984239,0.023204906511206554,-0.33966962,-0.14625184,-0.050142046,0.027912809,0.1870731,0.003603159
1779809399927161669,1779809400961451939,0.0,0.0,-0.28941786,-0.0631805,0.016393268,0.08002432,0.21196061,0.0048071374
1779809400961451939,1779809402009775684,-0.11747184917908786,0.004698873966901829,-0.36885437,-0.14809196,-0.003096978,0.061227974,0.25436822,0.00676188
1779809403058593466,1779809404125794775,-1.5535369759998865,0.07061531709111209,-0.4088149,-0.15410684,-0.043964446,0.035514098,0.16746154,0.006498284
1779809404125794775,1779809405134201569,-1.0314729835032004,0.07934407565430161,-0.38604566,-0.14042309,0.0080339005,0.071966484,0.21188672,0.007984662
1779809405134201569,1779809406180684900,-0.7181769277647755,0.0478784618505775,-0.42959747,-0.17321078,-0.059407856,0.017824186,0.1464194,0.0062406776
1779809406180684900,1779809407209940872,-0.4962250982531286,0.023629766583644324,-0.33167306,-0.05723857,0.047229473,0.111817844,0.28716156,0.008219014
1779809407209940872,1779809408240430420,-1.3059731967567385,0.08162332479688672,-0.41878203,-0.13438348,-0.024760101,0.061875597,0.21870725,0.00513759
1779809408240430420,1779809409303592394,0.7444256237340373,0.02401372979748782,-0.4129098,-0.16250587,-0.038972538,0.028933603,0.21481541,0.0052863015
1779809411537543930,1779809412540649155,0.9397386097865275,0.029366831555965867,-0.37049583,-0.14586218,0.0040304805,0.06778059,0.2157699,0.00871263
1779809412540649155,1779809413549334083,1.8661634604544712,0.04551618196233021,-0.3616375,-0.12567647,-0.01074336,0.047016818,0.21466005,0.004803843
1779809413549334083,1779809414623660702,0.07829295265686705,0.0011346804732518788,-0.38734406,-0.14777325,-0.048048414,0.034261636,0.18413797,0.006741279
1779809414623660702,1779809415630713757,-0.7307580639472154,0.012599276964566334,-0.4074697,-0.17183256,-0.059436012,0.016741084,0.15704884,0.0076261344
1779809415630713757,1779809416631217716,2.400861712114201,0.11911643278713549,-0.40031654,-0.17007872,-0.054648597,0.014740738,0.22303985,0.0073419367
1779809416631217716,1779809417646990820,1.9828858751073268,0.05218120723959885,-0.37149528,-0.15461709,-0.00085190224,0.062722504,0.20401408,0.004893357
1779809417646990820,1779809418707672749,0.3652255692211321,0.0186344515784058,-0.38935357,-0.14435785,-0.034509096,0.016367935,0.25116262,0.007033465
1779809418707672749,1779809419718187893,0.13043447070255287,0.012263506150559274,-0.35093933,-0.12966461,-0.034046978,0.026082125,0.2033934,0.0047226464
1779809420725308397,1779809421754761750,-2.4917777984967886,0.07119365138562118,-0.31236696,-0.061926987,0.054350283,0.10526483,0.29234707,0.0033080277
1779809421754761750,1779809422773357594,-0.6784973113886589,0.03580645698866911,-0.40601736,-0.155781,-0.0636998,0.019181341,0.18148921,0.007318526
1779809423794913751,1779809424821162442,0.0,0.0,-0.35771194,-0.16050999,-0.054493304,0.00810176,0.18476401,0.004426044
1779809424821162442,1779809425823048873,-1.2267016422511448,0.03228162216463802,-0.43358052,-0.21929695,-0.061884157,-0.0029810863,0.18218741,0.0019941777
1779809425823048873,1779809426825290934,-1.1746426000256691,0.030911647369043303,-0.2894073,-0.067951,0.057266425,0.115351744,0.3288831,0.0069517335
1779809428842117287,1779809429868038114,0.424235600935285,0.02592990853625335,-0.37167212,-0.1692044,-0.07220491,-0.009466125,0.21640323,0.0032582849
1779809430877227702,1779809431943377443,-1.3447054527832005,0.04636915354426746,-0.37781966,-0.18907274,-0.07035144,-0.010666122,0.16635326,0.006380466
1779809432976403269,1779809434009053642,-0.7704683406611386,0.03349862350640488,-0.34916216,-0.13838215,-0.03880978,0.027263671,0.19939542,0.0035627086
1779809434009053642,1779809435013554757,-0.9925551839452613,0.05838559905559664,-0.40970466,-0.1702302,-0.015656022,0.050003458,0.1923297,0.00837203
1779809435013554757,1779809436030136481,0.0,0.0,-0.41047657,-0.18180443,-0.079615474,-0.023503209,0.19000599,0.0056636315
1779809436030136481,1779809437077266007,0.6399481774762896,0.01777633826311526,-0.38807574,-0.10399515,-0.00807589,0.087486036,0.22734211,0.0068898546
1779809437077266007,1779809438094470615,1.371179634515512,0.0507844309078004,-0.2870748,-0.032214448,0.060382392,0.12849051,0.28489256,0.0070642624
1779809438094470615,1779809439104462241,1.240429111718929,0.024808582234570054,-0.4006004,-0.15362541,-0.04498727,0.026706886,0.17066379,0.007573478
1779809439104462241,1779809440121918254,0.18278707199841407,0.05040300835802089,-0.35912228,-0.13143915,0.0051072845,0.058077414,0.22895311,0.0053531528
1779809440121918254,1779809441172294099,-4.936424052869746,0.16454746842894016,-0.4195009,-0.20026456,-0.10271936,-0.040962595,0.12792717,0.0063689444
1779809441172294099,1779809442172754940,-1.9595739948859192,0.06998478553121856,-0.4091454,-0.16322723,-0.00565672,0.059597325,0.20163603,0.008489456
1779809442172754940,1779809443177647087,2.351442718913377,0.05777012402799682,-0.38587204,-0.15100233,0.006361122,0.06649251,0.20565002,0.00784998
1779809444213282460,1779809445233625667,-0.9145479102096506,0.013064970145748589,-0.3300588,-0.10848423,0.03157968,0.10244223,0.28371453,0.006723509
1779809445233625667,1779809446238198747,-1.0975679082174399,0.07083699090368761,-0.402395,-0.21062227,-0.068743534,-0.015777932,0.15466335,0.0048039225
1779809452628892064,1779809453629571024,0.0,0.0,-0.43062392,-0.20094882,-0.09565013,-0.03369006,0.17073727,0.005406752
1779809453629571024,1779809454637825455,0.3656457532944128,0.007779696878763636,-0.40004587,-0.15194811,-0.044689257,0.030135676,0.15981367,0.0069095897
1779809455644773009,1779809456664254175,0.0,0.0,-0.4154885,-0.16805398,-0.04356834,0.040165957,0.19179806,0.0028896972
1779809458674378299,1779809459689876176,0.7050616246355708,0.02274392337546997,-0.3659103,-0.12969981,-0.013057042,0.07050533,0.2542158,0.004166251
1779809459689876176,1779809460709243302,0.0,0.0,-0.28779888,-0.042071335,0.050236292,0.11811995,0.27918157,0.0075290794
1779809460709243302,1779809461709577431,0.0,0.0,-0.38233244,-0.13432972,-0.034834098,0.044772092,0.17158215,0.0058006565
1779809461709577431,1779809462758782153,-1.6321627498354487,0.06528650999300112,-0.37475252,-0.15175638,-0.008945801,0.05568899,0.247591,0.0073826355
1779809462758782153,1779809463796706015,1.018500806866565,0.04629549122079559,-0.3570886,-0.06687711,0.028120914,0.09495382,0.25923818,0.004827627
1779809463796706015,1779809464835829033,0.600605697968735,0.019374377354055134,-0.359606,-0.09604215,-0.010504321,0.086585335,0.23960641,0.0074119563
1779809464835829033,1779809465839828789,2.728384747892987,0.08024661023205394,-0.3387421,-0.108317435,0.020726286,0.084812455,0.27883452,0.008297316
1779809465839828789,1779809466843599424,1.3443368850163013,0.025364846887016953,-0.42918372,-0.20871879,-0.0986785,-0.015790949,0.12407535,0.0028623187
1779809467862859027,1779809468901129827,-6.357221207810081,0.12465139623137302,-0.37308627,-0.14686681,0.003300675,0.07086369,0.20640971,0.007531437
1779809468901129827,1779809469912855938,-4.349257168429813,0.17462919546489347,-0.37626544,-0.14312501,0.011672383,0.07522878,0.20691001,0.008166455
1779809469912855938,1779809470915383197,-1.136604141597348,0.019940423536773846,-0.42255834,-0.20642301,-0.05387342,0.009780395,0.24085167,0.0048994767
1779809471916947226,1779809472931855801,1.0843493130880417,0.02853550823937661,-0.48797604,-0.16905193,-0.03530042,0.046260864,0.24014227,0.0034918415
1779809473934973727,1779809474951072458,0.0,0.0,-0.3124589,-0.1287295,-0.029031066,0.032736383,0.2440657,0.0059171696
1779809477232984515,1779809478290078467,-2.5428052639075838,0.3155510567832597,-0.4066872,-0.16002607,-0.002494145,0.06337416,0.20330937,0.008257715
1779809478290078467,1779809479309971054,-1.981090724417041,0.46021092111176315,-0.29329753,-0.032205492,0.0703673,0.15229103,0.2829618,0.009507109
1779809479309971054,1779809480415710364,-2.6289837102104348,0.16283541728956408,-0.41878435,-0.15550518,-0.061213486,0.029490901,0.17802113,0.005736387
1779809480415710364,1779809481422382100,-1.0858018984727695,0.24746104582806794,-0.3917603,-0.15778247,-0.0020783064,0.061190184,0.20627193,0.009103226
1779809481422382100,1779809482508064828,-5.247523577238827,0.3748231126594297,-0.41752264,-0.17144999,-0.05296054,0.011723121,0.19810577,0.006513755
1779809482508064828,1779809483541664214,-3.94072422779726,0.6296850668764297,-0.4066872,-0.16002607,-0.002494145,0.06337416,0.20330937,0.008257715
1779809853643651220,1779809854670348388,0.0,0.0,-0.39029855,-0.13014483,-0.03155141,0.027099444,0.2454678,0.0067117233
1779809854670348388,1779809855681949906,0.0,0.0,-0.31921118,-0.066302575,0.05382597,0.104852624,0.3175244,0.009280177
1779809926675998155,1779809927681996560,0.0,0.0,-0.42508626,-0.19011298,-0.08874727,-0.031788815,0.1891691,0.0041229352
1779809927681996560,1779809928695545335,0.0,0.0,-0.4039309,-0.11352916,-0.018011553,0.057587836,0.2268667,0.006914877
1779809928695545335,1779809929721680782,0.0,0.0,-0.45520264,-0.19974792,-0.08987457,-0.021915201,0.18458787,0.0033947474
1779809929721680782,1779809930740737023,0.0,0.0,-0.35828248,-0.08813317,-0.014764579,0.052437603,0.26655063,0.004561621
1779809930740737023,1779809931751523085,0.0,0.0,-0.4864136,-0.21737766,-0.106904246,-0.045618933,0.15100399,0.0057556657
1779809932756930363,1779809933794108002,0.4841810209834657,0.012741605815348504,-0.3798613,-0.13699655,0.008836815,0.07150158,0.20400368,0.0072714463
1779809933794108002,1779809934801840610,-1.0338203203331022,0.025845508008437434,-0.28083974,-0.05583082,0.0497758,0.13358694,0.264123,0.00852994
1779809935813694698,1779809936834305600,0.0,0.0,-0.5517884,-0.31208515,-0.114741914,-0.039587945,0.1674245,0.003376044
1779809936834305600,1779809937835931079,0.0,0.0,-0.42929253,-0.18303084,-0.07706264,-0.0073550195,0.17980263,0.0015811241
1779809937835931079,1779809938848303575,0.0,0.0,-0.3866882,-0.14927614,-0.0476068,0.015641512,0.19614135,0.0035042858
1779809938848303575,1779809939852214740,0.4318693399592765,0.011364982630779924,-0.2357396,-0.00885879,0.08521239,0.1493976,0.3927424,0.005274436
1779809939852214740,1779809940853570682,0.0,0.0,-0.37742174,-0.1954983,-0.055258244,-0.0016136431,0.17639664,0.0053671757
1779809940853570682,1779809941875316784,-0.2093888658847301,0.16637187310105822,-0.21667919,0.016879907,0.09967426,0.1496909,0.3473645,0.008486052
1779809941875316784,1779809942880203874,-1.5705562615346242,0.03490125025646446,-0.23001248,0.010160962,0.10344252,0.16226205,0.31599107,0.008269006
1779809942880203874,1779809943898154288,0.0,0.0,-0.42690054,-0.17228027,-0.07091121,-0.011123927,0.19148734,0.0068105934
1779809943898154288,1779809944921989693,0.0,0.0,-0.46728477,-0.16480966,-0.03582818,0.036800105,0.23671731,0.0052261045
1779809944921989693,1779809945939745824,0.0,0.0,-0.17720625,0.010258378,0.113992795,0.16763891,0.32617676,0.006991406
1779809946949495262,1779809947965737770,0.0,0.0,-0.36296844,-0.14381367,-0.032318536,0.044319257,0.25615284,0.008728196
1779809947965737770,1779809948982098195,0.0,0.0,-0.39288977,-0.19218433,-0.06960528,-0.007166672,0.19120876,0.0057547395
1779809948982098195,1779809950026763291,0.0,0.0,-0.46418732,-0.1833418,-0.046356134,0.018262185,0.2014182,0.0049871793
1779809950026763291,1779809951072594913,-1.308985335343213,0.03739958100977349,-0.17701091,0.0018603445,0.08938057,0.17268832,0.31279162,0.007600847
1779809952079497981,1779809953091955332,-0.2226028294216745,0.008244549238209284,-0.37080428,-0.14588143,-0.0048828023,0.058424316,0.20443778,0.008509074
1779809953091955332,1779809954103855278,-1.6762274968063717,0.044111249915925854,-0.38619247,-0.14274153,-0.02913779,0.04948745,0.23487653,0.0046753455
1779809954103855278,1779809955112020858,-0.7596330975792993,0.02053062425892142,-0.3751031,-0.1451592,0.0022061185,0.068196945,0.20319742,0.008152625
1779809956120239326,1779809957128138913,0.14406881774707564,0.013915516516120146,-0.21266386,0.017267192,0.10097032,0.1558148,0.36739084,0.007871233
1779809957128138913,1779809958132272696,0.0,0.0,-0.28237388,-0.026504518,0.06339196,0.12226305,0.3716394,0.0035580865
1779809958132272696,1779809959189286751,6.166818523061594,0.17130051452923173,-0.38927278,-0.13712603,-0.047218394,0.025110342,0.20777316,0.007297645
1779809959189286751,1779809960372509700,0.0,0.0,-0.37032655,-0.13359524,0.017638335,0.08088667,0.2111606,0.0069661895
1779809960372509700,1779809961397921282,-4.804815905649294,0.2669342169801957,-0.3764394,-0.15203413,-0.008933461,0.06124057,0.24382432,0.0059735854
1779809961397921282,1779809962424897708,-1.6370448888079356,0.08891761484021213,-0.36331055,-0.13192837,0.022243911,0.08279063,0.2267841,0.009161024
1779809962424897708,1779809963474381116,0.1571679385301116,0.003081724284735223,-0.3749691,-0.14567764,-0.030312408,0.023837306,0.23748942,0.0072342143
1779809963474381116,1779809964484752420,1.8989173608945533,0.14918828846394966,-0.39720118,-0.16189697,-0.0067590447,0.054959603,0.19002922,0.0069399853
1779809966646788509,1779809967655772704,0.0,0.0,-0.4061305,-0.1508068,-0.04703107,0.02691203,0.16187929,0.007376462
1779809967655772704,1779809968720787224,-1.2697132821206338,0.040087623284223994,-0.4187497,-0.1983222,-0.083523,-0.0151986135,0.11370397,0.0047212937
1779809975082082468,1779809976095892252,0.0,0.0,-0.3272087,-0.13773228,-0.019846156,0.04102145,0.23665152,0.0014851618
1779810585731383926,1779810586741349881,0.0,0.0,-0.3921252,-0.1489522,-0.06467237,0.009358305,0.19150735,0.007241369
1779810586741349881,1779810587779142110,2.3155446408338323,0.10415232882229256,-0.43061072,-0.16100654,-0.06961991,0.008397252,0.15280987,0.0035954698
1779810590855881952,1779810591882589925,-1.5833468583346648,0.05864247623466457,-0.3549657,-0.1349276,0.012021622,0.0765122,0.22148524,0.008519636
1779810599224909450,1779810600226599631,0.5758163670836072,0.015562604515823782,-0.37220198,-0.14081977,-0.022858432,0.032733675,0.20887582,0.005556413
1779810600226599631,1779810601226638685,0.0,0.0,-0.29153806,-0.03995547,0.05073604,0.108416185,0.30507404,0.0052602557
1779810601226638685,1779810602235703329,0.0,0.0,-0.3053241,-0.09776228,0.038378827,0.09171077,0.31211212,0.0060995296
1779810602235703329,1779810603277582051,0.0,0.0,-0.3124155,-0.09278547,-0.012401769,0.03745503,0.20556562,0.0048296973
1779810604278204254,1779810605288030351,0.0,0.0,-0.4027979,-0.15326825,-0.031855997,0.03324231,0.22920507,0.006609564
1779810605288030351,1779810606293783613,0.0,0.0,-0.4280736,-0.18424605,-0.034653913,0.051994845,0.2175599,0.006767469
1779810606293783613,1779810607315892842,0.0,0.0,-0.43452933,-0.20881532,-0.045246158,0.040487785,0.23931994,0.0040067583
1779810607315892842,1779810608341138002,1.072946633056978,0.02751145212998588,-0.44105786,-0.17876479,-0.07947024,-0.02103085,0.17560233,0.0065772394
1779810608341138002,1779810609406554890,0.6934286517041903,0.018741314910545884,-0.21695215,0.01585636,0.12628901,0.18237442,0.35983574,0.006874549
1779810609406554890,1779810610429395311,1.07275713731643,0.025541836602997817,-0.40538612,-0.17557843,-0.021281203,0.03961216,0.196278,0.009102642
1779810613526986620,1779810614535876450,-0.5232817880161644,0.00872136313360509,-0.28083834,-0.05571271,0.050459538,0.12044863,0.2778465,0.0042211143
1779810614535876450,1779810615548005375,0.0,0.0,-0.36943942,-0.12671244,-0.027137747,0.056370176,0.19159381,0.0042422647
1779810615548005375,1779810616548894371,0.0,0.0,-0.47334677,-0.18995677,-0.08196107,-0.021586142,0.14115506,0.006899017
1779810616548894371,1779810617567066976,0.0,0.0,-0.35146132,-0.14470749,-0.044064824,0.031709105,0.19685811,0.00416373
1779810619595936775,1779810620601945219,0.0,0.0,-0.4121356,-0.18233117,-0.050145827,0.023413163,0.20100676,0.0035384074
1779810620601945219,1779810621634132673,-1.0989808925747975,0.07326539283880606,-0.18513002,-0.02003378,0.090826355,0.1677258,0.27732056,0.0030678466
1779810621634132673,1779810622659246507,-0.14392310842869818,0.004962865807507224,-0.320069,-0.059858337,0.04086917,0.106759846,0.27005643,0.007673419
1779810623699613912,1779810624710427925,-0.8243785760461046,0.07494350691220317,-0.35238883,-0.08140645,0.026900413,0.092187114,0.28516093,0.009422374
1779810624710427925,1779810625712839259,0.0,0.0,-0.35515094,-0.13473797,-0.033695523,0.032093752,0.19992493,0.0033095619
1779810625712839259,1779810626772207611,0.0,0.0,-0.33978453,-0.101546355,-0.008833946,0.065897465,0.25620326,0.004006327
1779810627813652047,1779810628862457522,-0.9944292344229725,0.04520132883747217,-0.40121606,-0.16502371,-0.009922227,0.056051664,0.19900244,0.007928923
1779810628862457522,1779810629874792067,0.5757342412344527,0.01985290486978666,-0.4216352,-0.16840863,-0.05713619,0.012988878,0.14246826,0.0067455973
1779810629874792067,1779810630944022364,0.0,0.0,-0.42250645,-0.16591059,-0.050882537,0.015074137,0.20039187,0.0062120175
1779810630944022364,1779810632069334138,0.0,0.0,-0.39386213,-0.13281558,-0.028000731,0.059768036,0.21651053,0.006660247
1779810632069334138,1779810633075561408,-0.5495637838862728,0.013084851997257646,-0.3090532,-0.05785911,0.051330846,0.11917146,0.25985143,0.011012613
1779810634149600826,1779810635271943233,0.0,0.0,-0.28996918,-0.026656335,0.06818934,0.1342537,0.2940953,0.007467513
1779810635271943233,1779810636285127443,0.013086761300165433,0.00022959230337567515,-0.3641109,-0.10277299,-0.015099658,0.07563489,0.22270948,0.007967548
1779810636285127443,1779810637340524658,1.6880486198086002,0.12057490141564081,-0.41432586,-0.16310528,-0.0495593,0.016651971,0.21237025,0.007373472
1779810637340524658,1779810638342877440,0.0,0.0,-0.29233503,-0.039460506,0.056205835,0.12207538,0.27993238,0.0074220044
1779810640614161662,1779810641646582473,0.0,0.0,-0.39946187,-0.1593035,-0.04645719,0.017818961,0.21143901,0.007309909
1779810641646582473,1779810642668141468,0.0,0.0,-0.45904645,-0.1581035,-0.039332367,0.048079487,0.20888053,0.004486276
1779810660251923768,1779810661274133837,0.0,0.0,-0.42223048,-0.12533642,-0.0077984314,0.06299803,0.21762022,0.0015819848
1779810663382509844,1779810664389959093,0.0,0.0,-0.41760117,-0.19907205,-0.07940142,-0.017014997,0.2175712,0.004501563
1779810664389959093,1779810665403980561,0.0,0.0,-0.19496915,-0.029524235,0.053168636,0.121952824,0.29762942,0.0066591683
1779810666446673428,1779810667576022562,-0.3665350849765118,0.025714423984103875,-0.37419915,-0.08677004,0.008067353,0.07321721,0.24034382,0.005507369
1779810667576022562,1779810668596468610,1.6362134653680915,0.04090533663392293,-0.2849795,-0.03193685,0.05745146,0.12741941,0.29829183,0.00690434
1779810668596468610,1779810669666075244,0.0,0.0,-0.38368085,-0.1541614,-0.010909569,0.05254918,0.19911742,0.0085504465
1779810672740952818,1779810673754210181,-0.3664755976750371,0.0091618899422663,-0.36925933,-0.14492679,0.0038241239,0.06817863,0.21047843,0.0074645616
1779810674891862669,1779810676001721545,1.9237639875741017,0.05496468535933932,-0.2745927,-0.023143776,0.06738295,0.13234162,0.2908519,0.007877407
1779810676001721545,1779810677151673596,0.0,0.0,-0.3752282,-0.1523562,-0.0029005825,0.06293794,0.20110478,0.0069767465
1779810677151673596,1779810678312863930,-0.7459053724340612,0.057377336341291905,-0.39964303,-0.14235353,-0.035546523,0.04083299,0.17085534,0.0063189133
1779810678312863930,1779810679470304030,0.0,0.0,-0.39748657,-0.15889454,-0.01183584,0.05352775,0.18634248,0.006011686
1779810679470304030,1779810680622453741,0.7328197927415584,0.033309990579155624,-0.3971948,-0.15233514,-0.0038422495,0.06114964,0.20128389,0.0074532744
1779810680622453741,1779810681623160366,0.0,0.0,-0.34662047,-0.08231469,0.03131778,0.094536066,0.2724072,0.008996857
1779810681623160366,1779810682663535570,-0.37948925984441517,0.004080529675683336,-0.34278092,-0.10215784,0.0077501433,0.06997392,0.23788178,0.005742015
1779810682663535570,1779810683678362243,0.0,0.0,-0.3751686,-0.10538921,-0.0020437348,0.082704104,0.2495918,0.0063443114
1779810685690366098,1779810686715838915,0.0,0.0,-0.41073105,-0.1887504,-0.070453845,0.016134659,0.15988785,0.0041901013
1779810686715838915,1779810687734007598,0.0,0.0,-0.35886815,-0.1437124,-0.059199005,0.008065533,0.20113741,0.0057569738
1779810688752122525,1779810689763895752,0.0,0.0,-0.22937109,-0.041295573,0.058247562,0.12511054,0.2654033,0.0044533415
1779810691804908671,1779810692828189611,0.0,0.0,-0.31721085,-0.1442756,-0.043030497,0.011058143,0.17899077,0.00404382
1779810692828189611,1779810693851359031,0.0,0.0,-0.3562821,-0.10062967,0.015282266,0.066342235,0.28860736,0.008032573
1779810693851359031,1779810694881846918,0.0,0.0,-0.4668051,-0.25255617,-0.13682275,-0.077984735,0.08836357,0.006846655
1779810694881846918,1779810695887402826,0.0,0.0,-0.35053667,-0.101405434,-0.018089024,0.045455966,0.2452836,0.0063527552
1779810695887402826,1779810696893679869,0.0,0.0,-0.3389342,-0.14733446,-0.04022598,0.01938098,0.18494074,0.0019433517
1779810696893679869,1779810697904184552,0.0,0.0,-0.39873722,-0.12210118,-0.008341592,0.06776036,0.21092151,0.006126248
1779810700942020608,1779810701948229355,0.0,0.0,-0.36876294,-0.14331812,-0.027349703,0.031011047,0.25848064,0.005474992
1779810701948229355,1779810703008513945,-0.6676004348436565,0.017568432495919165,-0.32841936,-0.116787516,-0.0063839597,0.054034546,0.26066637,0.008029499
1779810703008513945,1779810704016323778,-0.05236270335534928,0.0013090675841098687,-0.4067166,-0.16723828,-0.014989038,0.047175355,0.2012522,0.008397217
1779810704016323778,1779810705018174222,0.0,0.0,-0.41498125,-0.13979684,-0.03646561,0.02853722,0.22391571,0.0059719644
1779810715892280091,1779810716903937085,1.4530792870131275,0.038238928606005335,-0.45032328,-0.14277665,-0.006089775,0.04678858,0.24484251,0.004429208
1779810764784010984,1779810765786981619,0.0,0.0,-0.4368444,-0.15501854,-0.05892234,0.005300274,0.17730632,0.007578764
1779810765786981619,1779810766793854020,-0.6943707497145264,0.020422669109307505,-0.34589627,-0.112077616,-0.019639846,0.049607612,0.20806263,0.006949893
1779810767803624459,1779810768804407806,0.23581923932305515,0.005895480983397761,-0.29331833,-0.075485945,0.045242354,0.10639342,0.33824286,0.006019455
1779810779477400087,1779810780485982692,-0.5764689314312321,0.015580241390127128,-0.33736414,-0.12267896,-0.03871773,0.020648021,0.2507475,0.0036965113
1779810780485982692,1779810781537728969,-1.8999623995632091,0.1266641599701283,-0.3808976,-0.13325626,-0.00910352,0.06683848,0.21048811,0.0031310087
1779810783939717844,1779810784940934460,-1.887669264975744,0.039326443020589366,-0.30956355,-0.048230276,0.0507474,0.11833682,0.2849093,0.007332761
1779810784940934460,1779810785964298665,-0.5637481122490388,0.011274962244911533,-0.39200637,-0.17640334,-0.01800164,0.0488458,0.24552439,0.0085248295
1779810785964298665,1779810786974109958,0.0,0.0,-0.46897322,-0.20098189,-0.09344324,-0.034315992,0.10760664,0.0045072404
1779810787977955694,1779810788987259977,-0.03932739664432618,0.046573976678562626,-0.42874533,-0.19010144,-0.051085815,0.006953131,0.2146044,0.0006820556
1779810794310626336,1779810795385507904,0.5506178392387333,0.05005616720313552,-0.4484845,-0.19990097,-0.092979975,-0.002676474,0.14545496,0.005097917
1779810795385507904,1779810796417383969,0.0,0.0,-0.34715676,-0.12504931,0.01606724,0.08422399,0.26344207,0.0070404205
1779810796417383969,1779810797525446286,0.9438457658143026,0.09438457658283994,-0.30724648,-0.044940263,0.046650015,0.11445951,0.27613688,0.007302352
1779810800606679179,1779810801712399635,0.0,0.0,-0.37784672,-0.14993572,-0.005513022,0.061836172,0.24512026,0.0065337624
1779810801712399635,1779810802882150282,0.0,0.0,-0.41871884,-0.16524598,-0.05693396,0.01808956,0.15720588,0.0068580294
1779810802882150282,1779810803883913301,-0.9438457658153201,0.09438457658283994,-0.35111618,-0.0952551,0.0028748987,0.10249523,0.24741668,0.007029904
1779810829453529836,1779810830487226973,-1.2324240288453112,0.035212115109674515,-0.15485275,0.027661115,0.11807427,0.19962202,0.33325458,0.0071886354
1779810830487226973,1779810831507304242,-0.4851447371263327,0.014701355670609928,-0.38611293,-0.14165957,0.0033262887,0.067152515,0.20229073,0.0076269223
1779810851040763901,1779810852041124822,0.0,0.0,-0.27302706,-0.018477103,0.07228038,0.13467473,0.30582944,0.007940511
1779810852041124822,1779810853066522801,0.9312489103904903,0.017245350192154178,-0.3479186,-0.1374735,-0.033030078,0.022148618,0.17764808,0.006876413
1779810853066522801,1779810854080810645,0.5770684791718605,0.01559644538298935,-0.39735472,-0.15339045,0.002393463,0.06512145,0.20253083,0.007833641
1779810856372432785,1779810857437683465,-0.052442819299392575,0.0009894871565294587,-0.27873558,-0.029704792,0.07268642,0.15309,0.27732295,0.009330343
1779810857437683465,1779810858437779339,-2.2290740846393655,0.053457231403879306,-0.38926724,-0.13947274,-0.035407234,0.038101226,0.17084444,0.0068051424
1779810858437779339,1779810859450428866,-0.31473284102259963,0.04607400482902412,-0.36888126,-0.14284885,-0.033294614,0.02213728,0.1706551,0.0076075075
1779810859450428866,1779810860466258275,-0.4852325379529091,0.013114392917209535,-0.40834,-0.15248562,-0.06054508,0.030390881,0.17448069,0.0051551783
1779810860466258275,1779810861500318294,-1.5607724150066178,0.03901931037519901,-0.39609542,-0.15405063,-0.010367808,0.055377867,0.23812042,0.006677008
1779810861500318294,1779810862500887618,0.6295845727602318,0.010854906426895981,-0.40995717,-0.15808204,-0.04831323,0.022721078,0.16850658,0.00857177
1779810864565102458,1779810865589136201,-0.47213579158852775,0.01097990213024271,-0.37656704,-0.14079817,-0.041368194,0.035072226,0.17644922,0.0077756275
1779810865589136201,1779810866608601131,0.0,0.0,-0.1864819,0.006770207,0.09595629,0.17931734,0.3091755,0.0064364034
1779810866608601131,1779810867638676332,0.0,0.0,-0.39044732,-0.13857517,-0.030035507,0.04377274,0.17539263,0.007044959
1779810867638676332,1779810868659651228,-0.2229607615382083,0.004954683589630804,-0.38810387,-0.13698581,-0.026386784,0.05924004,0.22229522,0.0070275627
1779810868659651228,1779810869735632168,1.7179809700469921,0.03579127020943614,-0.36948362,-0.12697236,0.018054873,0.084171034,0.25482273,0.0069305743
1779810869735632168,1779810870746918481,-1.442559575294143,0.05749879882079639,-0.37719047,-0.14356714,0.0055520725,0.07311346,0.22299987,0.008287357
1779810870746918481,1779810871785489429,0.8917886597917772,0.012739837996988967,-0.39745608,-0.1720776,-0.019671129,0.045469403,0.18782341,0.0076727523
1779810874907130184,1779810875951140029,0.9572741037123934,0.02735068867768372,-0.39986143,-0.15188022,-0.047060583,0.0333896,0.16801769,0.0067201373
1779810875951140029,1779810876954340541,0.7211733887513695,0.017170794970428324,-0.3156278,-0.046805143,0.055483636,0.122363895,0.30226916,0.008982013
1779810876954340541,1779810877994025359,-1.4948535759762667,0.041523710443907506,-0.27619,-0.04485773,0.06551709,0.13157384,0.28055075,0.0046811947
1779810879005531189,1779810880012287406,0.0,0.0,-0.3271392,-0.12885028,-0.037092842,0.023994442,0.2669709,0.0034796773
1779810880012287406,1779810881021263792,0.5770086952888586,0.014795094751153287,-0.2619146,0.015659753,0.111685716,0.17096074,0.35423726,0.007632896
1779810881021263792,1779810882060004822,0.6949889984738102,0.018289184170402893,-0.2017906,-0.049178965,0.056103498,0.12615298,0.27889317,0.005386407
1779810882060004822,1779810883078905277,0.3671445009043381,0.010798367673500894,-0.32569775,-0.07835128,0.036686707,0.10477196,0.24804704,0.011633253
1779810884107775614,1779810885132057277,-2.767028059056855,0.212848312234935,-0.19796889,0.00014850378,0.098832905,0.17737596,0.30685195,0.0075537977
1779810885132057277,1779810886157132979,-0.5771070804131604,0.04122193431551782,-0.3850495,-0.15994816,-0.012939237,0.05328421,0.19378413,0.008259998
1779810900749423881,1779810901781916546,-2.8586283892554176,0.08407730556632655,-0.146148,0.00031481823,0.100275286,0.17221573,0.31583726,0.005322496
1779810901781916546,1779810902798175031,-1.0754754234721131,0.02830198482824193,-0.36829007,-0.13161168,0.009329728,0.07353221,0.21429671,0.007927416
1779810903803888779,1779810904939999457,0.0,0.0,-0.459191,-0.22093588,-0.07960507,-0.012154356,0.14064115,0.0051895054
1779810904939999457,1779810905967835479,0.4328271879115962,0.040462355276634325,-0.3687382,-0.12049899,-0.012681001,0.08038618,0.21062034,0.0070249205
1779810906978631384,1779810908000820429,-1.7705661136292175,0.044264152840867155,-0.42483675,-0.20144193,-0.08844065,-0.034501024,0.18882175,0.0067534694
1779810908000820429,1779810909018168786,0.0,0.0,-0.42622644,-0.18324293,-0.06944938,0.004343934,0.15107308,0.007931867
1779810909018168786,1779810910021841755,0.0,0.0,-0.46868283,-0.22089984,-0.10576516,-0.021260114,0.15064427,0.001124084
1779810910021841755,1779810911024594265,0.0,0.0,-0.35676327,-0.08773489,0.032340977,0.0924719,0.28760087,0.005759508
1779810912035453510,1779810913046952699,0.0,0.0,-0.32426137,-0.09144868,-0.004197413,0.08483506,0.22536045,0.0061414354
1779810913046952699,1779810914066220894,0.0,0.0,-0.2304327,0.009758793,0.1156551,0.17434987,0.35860592,0.0058918144
1779810914066220894,1779810915088587787,0.0,0.0,-0.44682992,-0.20256749,-0.03762007,0.036251064,0.21360298,0.0034549828
1779810915088587787,1779810916121865432,3.8686089751623975,0.15474435900699746,-0.3108093,-0.09664251,-0.0053672474,0.04886549,0.27397698,0.0046696574
1779810916121865432,1779810917126061965,-0.4064614255563815,0.022581190309228165,-0.3523032,-0.13118018,0.0088433,0.07382509,0.21288061,0.007847881
1779810917126061965,1779810918143899456,-1.4817573406884383,0.049391911356148434,-0.43073425,-0.19467257,-0.049025938,0.01633271,0.17728725,0.0024726377
1779810918143899456,1779810919150152257,0.0,0.0,-0.39631572,-0.1937423,-0.079446726,-0.011063462,0.13232303,0.0055913716
1779810920161323073,1779810921166188930,0.0,0.0,-0.41645494,-0.14522342,-0.053351723,0.02719047,0.22160725,0.0075009405
1779810921166188930,1779810922183398791,0.0,0.0,-0.40058693,-0.188064,-0.076642044,-0.0075916084,0.17352977,0.005895466
1779810922183398791,1779810923192567406,0.0,0.0,-0.35796025,-0.1218086,-0.011533304,0.08421354,0.220455,0.0048624864
1779810927452008869,1779810928473975313,0.0,0.0,-0.38950047,-0.15512402,-0.046460643,0.024513667,0.16113807,0.0073930398
1779810928473975313,1779810929501219742,0.0,0.0,-0.41397357,-0.16356474,-0.026244905,0.05733412,0.22787133,0.0066919927
1779810929501219742,1779810930525319766,0.0,0.0,-0.39956406,-0.13647363,-0.036683258,0.05693051,0.20516793,0.006868077
1779810930525319766,1779810931607984014,2.9766705307791175,0.2126193236267377,-0.3181982,-0.08480777,0.021697974,0.09826592,0.24177535,0.007086017
1779810932673736755,1779810933743947494,1.900931330974831,0.10560729616532823,-0.4382954,-0.18724644,-0.0626682,0.0018328063,0.19985245,0.0068583363
1779810933743947494,1779810934747046991,0.0,0.0,-0.35188743,-0.13778828,0.011882775,0.077019155,0.22834413,0.008826671
1779810934747046991,1779810935807578270,0.0,0.0,-0.42505392,-0.20025727,-0.10641213,-0.04255625,0.12511875,0.006424613
1779810935807578270,1779810936882598301,1.3763109383390297,0.04170639207081515,-0.32389733,-0.0609884,0.041040767,0.10445433,0.2919582,0.009244548
1779810936882598301,1779810937954191554,-0.5636091961528548,0.017079066550513226,-0.34183764,-0.12280292,0.015455847,0.0802386,0.22312602,0.008138515
1779810937954191554,1779810938995982118,0.7602095822824342,0.019005239557223774,-0.35894972,-0.13048302,-0.037794422,0.023010224,0.19570993,0.0038183213
1779810938995982118,1779810940004377171,0.3014464185784899,0.004433035567388669,-0.40469846,-0.16083156,-0.06205895,0.022187902,0.16240598,0.0055180234
1779810942066037415,1779810943085773959,1.1401343011931546,0.013736557845685109,-0.40043893,-0.18578327,-0.051185984,0.018568898,0.22185192,0.003129612
1779810943085773959,1779810944107880973,-0.41934462992674454,0.00446111308423753,-0.3545888,-0.11626908,0.018106194,0.08405253,0.25273827,0.005331223
1779810945130676498,1779810946133486607,0.0,0.0,-0.34136322,-0.15616764,-0.04197968,0.026679803,0.26286653,0.0034364325
1779810972304540676,1779810973315508650,0.4849616029310537,0.019398464117870162,-0.36379996,-0.11652389,-0.013368536,0.06691337,0.2490313,0.003951497
1779810973315508650,1779810974353516197,0.47183195975597897,0.015727731991432847,-0.3788259,-0.1358197,-0.027769508,0.047468398,0.18371037,0.006208517
1779810974353516197,1779810975365506236,0.0,0.0,-0.31038016,-0.052359503,0.02157912,0.10941946,0.2752551,0.008714806
1779810975365506236,1779810976455377236,0.0,0.0,-0.46855846,-0.16772625,-0.044215683,0.04295123,0.17845196,0.0072692577
1779810976455377236,1779810977496391788,0.0,0.0,-0.28022605,-0.012530514,0.08619805,0.14681157,0.32135263,0.007079749
1779810977496391788,1779810978504696064,-1.467994767662186,0.041942707647584544,-0.4257112,-0.17396347,-0.07632072,-0.0030797622,0.1717925,0.007010154
1779810978504696064,1779810979504830874,0.9437356603411304,0.009343917429277152,-0.4016111,-0.13751933,-0.024717832,0.06551196,0.233376,0.006781663
1779810979504830874,1779810980508904498,0.6815314801388377,0.007572572001556132,-0.25890863,-0.037202273,0.06437326,0.12019074,0.3057809,0.0073809572
1779810980508904498,1779810981523097487,-1.533511153729517,0.021431551311521645,-0.41009337,-0.16562678,-0.015087433,0.051792968,0.20500754,0.008267267
1779810981523097487,1779810982553493514,1.559722975391657,0.021277542309544234,-0.4023483,-0.16676882,-0.018791,0.045679726,0.19095044,0.0084052235
1779810982553493514,1779810983555581495,0.0,0.0,-0.14542644,0.034690607,0.12388459,0.21525046,0.33709913,0.0055313576
1779810985716094693,1779810986728040672,0.851438407459479,0.029359945084783297,-0.4035058,-0.155656,0.00029901374,0.06588977,0.20389938,0.008208989
1779810986728040672,1779810987737402345,-1.3099352714213883,0.034471980826803646,-0.29420993,-0.08065267,0.029526498,0.09183436,0.2906819,0.0074281455
1779810988772132174,1779810989784744515,-0.39307635316726547,0.007559160637950522,-0.41806558,-0.1717764,-0.04937865,0.02737541,0.18162642,0.006979738
1779810989784744515,1779810990821170547,-0.05241134784437888,0.0209651972881512,-0.34175906,-0.13318613,-0.020064037,0.043947905,0.25871843,0.001985224
1779810990821170547,1779810991837484689,0.0,0.0,-0.3981196,-0.11363933,-0.00926364,0.07367603,0.2315635,0.006961232
1779810991837484689,1779810993014408590,0.4454877010099965,0.01272822002919481,-0.36799723,-0.14294422,-0.04650466,0.013761047,0.2158618,0.007669285
1779810993014408590,1779810994033854123,0.7861063566651766,0.016377215763900093,-0.43589154,-0.17147349,-0.06446557,0.0048494907,0.14223784,0.007532866
1779810995056586993,1779810996061130349,0.0,0.0,-0.4043672,-0.18231723,-0.09584629,-0.013849995,0.15967026,0.0059910277
1779810996061130349,1779810997067273950,0.0,0.0,-0.4266799,-0.2090518,-0.11136573,-0.036448207,0.1267871,0.0052691773
1779810998068185161,1779810999084202169,0.0,0.0,-0.27690622,-0.033816546,0.06572531,0.13426869,0.3624703,0.0021219333
1779810999084202169,1779811000149748585,1.2576993158836764,0.03811210048160712,-0.4938731,-0.21358481,-0.08823364,-0.026090663,0.13118052,0.006385734
1779811000149748585,1779811001171764212,1.3492306785757653,0.04652519581241641,-0.38679776,-0.14484642,0.0061091366,0.07071798,0.21148427,0.0075833085
1779811003351784341,1779811004378226761,0.0,0.0,-0.41629183,-0.12578261,-0.013013699,0.06295809,0.22175883,0.005836281
1779811006416281822,1779811007419513400,0.0,0.0,-0.35992742,-0.09894196,0.01631554,0.07785772,0.25966227,0.00818134
1779811007419513400,1779811008430787993,0.0,0.0,-0.37084678,-0.17513476,-0.057653107,0.010093242,0.16607831,-0.0006823645
1779811029074878098,1779811030079686841,-1.4927884595899024,0.04975961532001823,-0.40730858,-0.18762285,-0.025221895,0.04338783,0.19426973,0.007877519
1779811030079686841,1779811031127000870,1.1654416447762321,0.06971764964255364,-0.3405742,-0.14851879,-0.043447386,0.016549073,0.17744674,0.0016020862
1779811031127000870,1779811032128525206,-0.8249615022653817,0.01130084249667236,-0.45239705,-0.1669441,-0.055067517,0.028570391,0.17440465,0.007661341
1779811032128525206,1779811033173493228,1.1915892147761302,0.015887856197120225,-0.26142904,-0.069877535,0.028856458,0.0821727,0.29234403,0.0041400855
1779811033173493228,1779811034175957193,0.15712204782949282,0.014101207647708126,-0.40710112,-0.17946911,-0.06707708,0.0145259835,0.148055,0.005548587
1779811034175957193,1779811035349745540,0.7332035828121528,0.012863220751014343,-0.33172613,-0.07366856,0.03492974,0.099775225,0.25273833,0.002394317
1779811036374337321,1779811037384209258,0.0,0.0,-0.2896057,-0.063275814,0.035072368,0.094156876,0.24556875,0.0044864956
1779811037384209258,1779811038407787206,0.0,0.0,-0.44207728,-0.17110404,-0.07260193,-0.016172962,0.12503892,0.0054873647
1779811038407787206,1779811039604039029,0.0,0.0,-0.37526336,-0.12733175,-0.025502246,0.07113275,0.20773299,0.00619584
1779811039604039029,1779811040615320571,1.5709695336233283,0.034151511600524403,-0.38111612,-0.107352905,0.00791157,0.08809097,0.23913993,0.006252597
1779811040615320571,1779811041628059182,0.0,0.0,-0.26389697,-0.0441952,0.026829053,0.08798471,0.22942604,0.005886987
1779811041628059182,1779811042653630984,2.905643185211509,0.0937304253297604,-0.41781756,-0.17656848,-0.055157047,-0.0024375522,0.16901937,0.006894715
1779811042653630984,1779811043661930830,0.0,0.0,-0.393742,-0.16433989,-0.0049456004,0.059622563,0.19884166,0.0063528703
1779811043661930830,1779811044669223006,0.0,0.0,-0.43366832,-0.21703869,-0.10888873,-0.039284173,0.10127449,0.005014416
1779811044669223006,1779811045679941100,0.0,0.0,-0.32497272,-0.10367789,-0.0065990407,0.047624692,0.26228774,0.004071057
1779811045679941100,1779811046695646005,0.0,0.0,-0.388754,-0.15968537,-0.0577822,-0.0039238497,0.18276113,0.0017702308
1779811046695646005,1779811047711529458,0.0,0.0,-0.2917982,-0.047679115,0.04322211,0.10516787,0.307353,0.0065663992
1779811047711529458,1779811048721972220,0.0,0.0,-0.40924725,-0.17150943,-0.053835582,0.030268364,0.16195571,0.003145472
1779811048721972220,1779811049726374445,0.0,0.0,-0.44754812,-0.2172062,-0.08645152,-0.019574692,0.16137877,0.004885524
1779811049726374445,1779811050729454299,0.0,0.0,-0.31689066,-0.060844142,0.039977025,0.0989861,0.30826852,0.0072940974
1779811050729454299,1779811051736332159,0.0,0.0,-0.4327849,-0.21989948,-0.059606563,0.013760277,0.17421667,0.004712091
1779811051736332159,1779811052752319054,-1.8977343726179545,0.057507102200474086,-0.5726798,-0.31643534,-0.1453509,-0.07530224,0.12934087,0.0025999108
1779811053765056738,1779811054780694019,0.5627756620626962,0.012234253522915078,-0.39917707,-0.17326783,-0.0665268,-0.013341732,0.2166784,0.007627228
1779811054780694019,1779811055798069822,0.5889173606692599,0.015497825280874622,-0.42581847,-0.20935391,-0.06658055,-0.0038193418,0.21255851,0.0043400005
1779811057816378222,1779811058830874940,0.0,0.0,-0.42597112,-0.19872272,-0.04868064,0.035472576,0.21456641,0.004767893
1779811058830874940,1779811059836078192,0.3926051511610385,0.010331714504281154,-0.3036786,-0.096960135,-0.016114736,0.04132889,0.2731066,0.004200365
1779811059836078192,1779811060846397465,0.0,0.0,-0.3858625,-0.13141741,0.012369577,0.070945755,0.26548567,0.0048763636
1779811060846397465,1779811061863750658,0.0,0.0,-0.5099804,-0.2690905,-0.118231356,-0.033906356,0.16992341,0.0066038906
1779811061863750658,1779811062886587802,0.0,0.0,-0.34391072,-0.15236448,-0.058018625,-0.0007231803,0.20784841,0.004374553
1779811062886587802,1779811063908402356,0.0,0.0,-0.45438555,-0.16078235,-0.04289263,0.034940332,0.195852,0.005340439
1779811063908402356,1779811064946584005,0.0,0.0,-0.37387544,-0.10661678,-0.01090908,0.05787222,0.2812067,0.0019114461
1779811064946584005,1779811065964759063,0.0,0.0,-0.3900775,-0.14918177,-0.04336842,0.028106498,0.17424811,0.007954004
1779811065964759063,1779811066984199459,0.3140730233140687,0.008265079560637309,-0.3103872,-0.070522755,-0.0033428513,0.0829514,0.2419983,0.006729445
1779811070647949032,1779811071684692249,0.0,0.0,-0.31753802,-0.07974896,-0.010561124,0.052632738,0.21197714,0.0051093684
1779811077671627282,1779811078684079976,0.0,0.0,-0.3532135,-0.15414856,-0.0724174,-0.0011765764,0.17265151,0.0046906266
1779811078684079976,1779811079703926769,0.0,0.0,-0.37556276,-0.13868056,-0.009393389,0.056876365,0.23809423,-0.00011065698
1779811086009872241,1779811087012048551,0.0,0.0,-0.34310678,-0.10076446,0.0028559568,0.0665777,0.30246493,0.007877188
1779811089048049032,1779811090064479795,0.0,0.0,-0.4351212,-0.19502354,-0.08254706,-0.018018272,0.17878745,0.0057826163
1779811091079956822,1779811092095809035,0.0,0.0,-0.4217196,-0.17793074,-0.07040677,-0.0013435789,0.14924,0.00390846
1779811092095809035,1779811093114728266,1.3869307963395914,0.036498178851137424,-0.44686174,-0.23958091,-0.10466451,-0.03852061,0.122478016,0.005576513
1779811093114728266,1779811094139230134,0.0,0.0,-0.37237662,-0.105797,0.003942162,0.082242824,0.25200826,0.006922052
1779811094139230134,1779811095149893260,0.06541651348405068,0.0019823185899504165,-0.4109554,-0.1782483,-0.090230815,-0.024906669,0.18497959,0.007058184
1779811095149893260,1779811096190249159,0.0,0.0,-0.36376464,-0.13321577,-0.020925783,0.060798977,0.20837148,0.0030589271
1779811096190249159,1779811097194021804,0.45790361267726737,0.012050095070542374,-0.28247657,-0.023195049,0.07396253,0.1359899,0.32668406,0.010612386
1779811097194021804,1779811098197898211,0.0,0.0,-0.35998917,-0.09004524,0.01482831,0.07393818,0.24139194,0.00842289
1779811098197898211,1779811099209761009,0.0,0.0,-0.3596717,-0.116729386,-0.04899358,0.01859584,0.19356698,0.008516331
1779811099209761009,1779811100231856186,0.0,0.0,-0.3243283,-0.061785784,0.036283046,0.10079798,0.26560932,0.007746914
1779811100231856186,1779811101263624540,0.0,0.0,-0.3311317,-0.0677135,0.04565346,0.1013525,0.25096625,0.009452152
1779811103359351995,1779811104402021504,0.2485437299725845,0.005403124564574075,-0.37265757,-0.13153346,-0.01970654,0.059554216,0.23780984,0.0045923283
1779811104402021504,1779811105411803364,0.0,0.0,-0.38448015,-0.15969186,-0.0059349723,0.059084326,0.19684605,0.0073738936
1779811107475231141,1779811108477353731,0.0,0.0,-0.4153565,-0.18346313,-0.052907143,0.01884673,0.19218834,0.0041574347
1779811108477353731,1779811109504608173,0.0,0.0,-0.33175716,-0.1302945,0.0047247345,0.062478103,0.24812327,0.004883203
1779811109504608173,1779811110513212018,0.0,0.0,-0.3091133,-0.0449237,0.04122895,0.11206703,0.3146608,0.0047177244
1779811110513212018,1779811111552823045,0.0,0.0,-0.45370808,-0.23713857,-0.108313516,-0.03745785,0.15337305,0.003187741
1779811111552823045,1779811112570175223,0.0,0.0,-0.32914948,-0.08577682,0.013237761,0.09990812,0.28696615,0.007094445
1779811112570175223,1779811113574008251,0.0,0.0,-0.55639786,-0.28508982,-0.15783666,-0.08380461,0.1125884,0.003217872
1779811113574008251,1779811114584001941,0.0,0.0,-0.16397771,-0.02475498,0.07781905,0.14929275,0.31806,0.007862105
1779811115602461586,1779811116604363869,0.0,0.0,-0.39342535,-0.16729467,-0.039191656,0.02286347,0.22790883,0.004738964
1779811116604363869,1779811117619906171,0.039241796174918554,0.0010326788467626545,-0.46334177,-0.21849665,-0.1235488,-0.048129827,0.14054066,0.0032291128
1779811120749646691,1779811121756861904,0.45774551188456375,0.010645244462670086,-0.3536813,-0.15399611,-0.057356846,-0.0013043652,0.19492026,0.003381878
1779811121756861904,1779811122757978319,0.0,0.0,-0.38822803,-0.1571523,-0.0017320309,0.06249569,0.19862528,0.0076128566
1779811124777003945,1779811125784630829,0.11768505648351811,0.00267466037479574,-0.33093947,-0.13020615,-0.013358272,0.060671587,0.22806711,0.004264923
1779811125784630829,1779811126785020274,-0.40536546971818554,0.0773421231404622,-0.39919958,-0.16113158,-0.062474415,-0.0027658655,0.17561787,0.0060526887
1779811126785020274,1779811127802075215,0.5361250192532884,0.012468023703703705,-0.35352552,-0.1272065,-0.014248035,0.041336842,0.25461486,0.006820379
1779811127802075215,1779811128807932520,0.0,0.0,-0.49376443,-0.20727228,-0.085221715,-0.02338293,0.19441995,0.005017842
1779811128807932520,1779811129826235023,0.0,0.0,-0.36022854,-0.13755539,-0.020049574,0.048554413,0.21549973,0.0021135267
1779811129826235023,1779811130853762663,0.0,0.0,-0.16152738,0.020992909,0.12168668,0.20371373,0.3431277,0.005772949
1779811147042023861,1779811148051680667,0.13075288163191043,0.003440865306365326,-0.43241838,-0.17831564,-0.057511974,0.013429538,0.2145471,0.0077791987
1779811148051680667,1779811149072013530,0.0,0.0,-0.37218294,-0.15421899,-0.060007937,-0.005939895,0.1956361,0.004485591
1779811149072013530,1779811150095935694,0.0,0.0,-0.44616354,-0.23951015,-0.10702616,-0.03726717,0.10932085,0.004637843
1779811154395254602,1779811155409914256,-1.202986284137315,0.04455504756053743,-0.41610637,-0.15533738,-0.06002161,0.029301621,0.17720243,0.005765573
1779811155409914256,1779811156448057561,0.0,0.0,-0.4557232,-0.21668176,-0.0756864,-0.0065893596,0.17136706,0.003110429
1779811156448057561,1779811157449360560,0.0,0.0,-0.29818815,-0.035939384,0.05896288,0.12942743,0.31526497,0.008159932
1779811157449360560,1779811158473872674,2.1182049991677956,0.07304155169554531,-0.2616002,-0.035819806,0.07583689,0.13444057,0.29564583,0.0036983949
1779811159489242790,1779811160504970358,0.7582606289235474,0.01723319611174839,-0.40617955,-0.15622908,-0.06000094,0.018216277,0.18192902,0.0037458532
1779811160504970358,1779811161515811937,0.0,0.0,-0.36858815,-0.15541922,-0.057911903,-0.0031079652,0.1943767,0.004057687
1779811162605819932,1779811163620738673,0.0,0.0,-0.3536148,-0.086592704,-0.0019195152,0.086202435,0.23089382,0.0075099906
1779811163620738673,1779811164649450193,1.6080617530366608,0.04594462151530365,-0.31870735,-0.081035316,0.009820145,0.06850508,0.26781535,0.0071757236
1779811165657143972,1779811166701427269,0.0,0.0,-0.3081643,-0.047318958,0.05332909,0.1085195,0.3327528,0.008079588
1779811166701427269,1779811167707287530,0.0,0.0,-0.37497005,-0.13874245,-0.02152955,0.06387277,0.23577525,0.00705677
1779811167707287530,1779811168759394541,0.0,0.0,-0.44115993,-0.14633662,-0.03317905,0.051674042,0.22061181,0.0050868616
1779811170808419514,1779811171811188768,0.0,0.0,-0.32425722,-0.10315221,-0.010878963,0.06085261,0.25789234,0.0044050976
1779811171811188768,1779811172859684331,0.0,0.0,-0.32811433,-0.08770947,0.007986522,0.08146069,0.26827687,0.0041685468
1779811172859684331,1779811173942039054,0.431363527103992,0.02875756847349938,-0.26677436,-0.011101742,0.07488526,0.14357103,0.31745052,0.0073401867
1779811175022972762,1779811176055231409,0.026142646039800176,0.0010457058415624942,-0.33670425,-0.10566244,-0.012284314,0.060177155,0.26489264,0.005005435
1779811176055231409,1779811177077134734,0.0,0.0,-0.50434417,-0.24450482,-0.09710276,-0.014568067,0.17658271,0.0061700135
1779811177077134734,1779811178105180585,1.1240691314349431,0.08029065224616058,-0.35944173,-0.12616056,0.017959744,0.07979057,0.25503692,0.0066057947
1779811178105180585,1779811179115809168,0.36594873193131533,0.018297436596093064,-0.36145404,-0.13252164,-0.035390276,0.030801471,0.19450517,0.003673904
1779811179115809168,1779811180142939411,0.3790042122197423,0.014577085085676345,-0.32433105,-0.054226626,0.049970005,0.11462476,0.30474642,0.009324785
1779829383953208332,1779829384957419890,-0.5653446368712026,0.015279584780608495,-0.23896481,-0.0037849336,0.11126192,0.16565304,0.35276476,0.005763331
1779829384957419890,1779829385979356050,0.0,0.0,-0.41108945,-0.18303576,-0.066260986,0.014163332,0.15873608,0.004569412
1779829385979356050,1779829386983414499,0.0,0.0,-0.50764126,-0.2508071,-0.10634392,-0.040636383,0.19632158,0.007824992
1779829386983414499,1779829388001589570,-0.9861427232628357,0.025951124296036118,-0.36672068,-0.15412948,-0.043030545,0.020925947,0.17731039,0.0076442487
1779829388001589570,1779829389021996264,-0.683782712529828,0.017994281908728066,-0.42064795,-0.1767167,-0.07023506,0.0057583353,0.20079853,0.0011772395
1779829389021996264,1779829390045220040,0.0,0.0,-0.3234531,-0.14002018,0.002461673,0.07484488,0.29941833,0.0032490522
1779829393288091490,1779829394291143614,0.0,0.0,-0.44948596,-0.25165665,-0.07447343,0.0055347634,0.20896716,0.0052078282
1779829394291143614,1779829395295129141,0.0,0.0,-0.4717646,-0.18012229,-0.059929043,-0.00195425,0.17668316,0.008760639
1779829395295129141,1779829396298797617,0.0,0.0,-0.3441227,-0.09965735,-0.0053323726,0.0648707,0.23474503,0.008673764
1779829396298797617,1779829397309137386,0.0,0.0,-0.394163,-0.15590009,-0.04069162,0.03371143,0.23987411,0.0054682964
1779829399373475141,1779829400399140505,0.0,0.0,-0.35019168,-0.097849526,0.0033446243,0.06851562,0.2646015,0.0028933033
1779829400399140505,1779829401399677483,0.0,0.0,-0.36800572,-0.11000323,-0.024157805,0.064299524,0.24612129,0.0053779725
1779829401399677483,1779829402409463214,0.0,0.0,-0.5411734,-0.26649305,-0.13811915,-0.067421325,0.08337571,0.004748688
1779829402409463214,1779829403421460469,0.0,0.0,-0.4554213,-0.20301661,-0.090240054,-0.023389088,0.14131995,0.004773061
1779829403421460469,1779829404435476078,0.0,0.0,-0.49550074,-0.23790236,-0.08597729,-0.014141264,0.14781715,0.006494778
1779829404435476078,1779829405459282823,0.0,0.0,-0.31388384,-0.080306344,-0.0013808332,0.08368547,0.2949143,0.008102156
1779829405459282823,1779829406487371760,0.0,0.0,-0.5107507,-0.259371,-0.14464062,-0.06938117,0.09939009,0.002515917
1779829406487371760,1779829407491755187,0.0,0.0,-0.35970148,-0.16201314,-0.03417572,0.044797007,0.2290449,0.0020637796
1779829407491755187,1779829408505182935,0.0,0.0,-0.38604555,-0.19191602,-0.06165881,0.0051758443,0.1593853,0.0043041566
1779829408505182935,1779829409505185501,0.0,0.0,-0.32039577,-0.1330256,-0.025076797,0.04727221,0.26627707,0.004853529
1779829409505185501,1779829410523588725,0.0,0.0,-0.3896725,-0.09242903,0.01600281,0.10131336,0.25884238,0.005125405
1779829410523588725,1779829411539353527,0.0,0.0,-0.31984726,-0.07584552,0.025773944,0.08632621,0.27535343,0.0063052913
1779829411539353527,1779829412539409687,0.0,0.0,-0.43313956,-0.11697563,0.0113837505,0.06978362,0.30373144,0.0052238177
1779829412539409687,1779829413551772489,0.0,0.0,-0.37001085,-0.055849016,0.033558447,0.10885901,0.32853305,0.003279664
1779829413551772489,1779829414559282631,0.0,0.0,-0.39309505,-0.16678658,-0.045332655,0.027121978,0.23893549,0.00629248
1779829414559282631,1779829415563354469,0.0,0.0,-0.55563366,-0.18775837,-0.037780333,0.035710562,0.27083847,0.004868423
1779829415563354469,1779829416585189110,0.0,0.0,-0.43009013,-0.18231976,-0.07734073,-0.022434942,0.15965472,0.0061430903
1779829416585189110,1779829417597149523,0.0,0.0,-0.48350722,-0.20430842,-0.08213155,-0.007342003,0.17494567,0.0056531085
1779829417597149523,1779829418603670057,0.0,0.0,-0.26768523,-0.044743914,0.074321054,0.13153206,0.30665547,0.0071651805
1779829418603670057,1779829419631608524,0.0,0.0,-0.290782,-0.11747616,-0.006453499,0.05362757,0.21758874,0.0031857397
1779829419631608524,1779829420633431096,0.0,0.0,-0.32617944,-0.098408975,0.022899956,0.08587876,0.31710932,0.0093248645
1779829420633431096,1779829421643387930,0.0,0.0,-0.29321286,-0.03291372,0.08208881,0.14092393,0.35746473,0.0035261079
1779829421643387930,1779829422657102021,0.0,0.0,-0.29723024,-0.050476167,0.03524065,0.09172847,0.331101,0.0053488603
1779829423659369109,1779829424681216085,0.0,0.0,-0.4054131,-0.11948221,-0.04164978,0.029208962,0.23079737,0.0014545813
1779829424681216085,1779829425693236530,0.0,0.0,-0.3813467,-0.15478407,-0.044294856,0.033672802,0.27110568,0.008401375
1779829425693236530,1779829426705245799,0.0,0.0,-0.35534504,-0.16007385,-0.061494026,0.011556888,0.17649172,0.005280318
1779829426705245799,1779829427713697012,0.0,0.0,-0.5180005,-0.25373155,-0.09940651,-0.04085221,0.13857368,0.0073471474
1779829427713697012,1779829428723240182,0.0,0.0,-0.32290706,-0.11953593,-0.03061303,0.059782103,0.24120292,0.00855591
1779829428723240182,1779829429733242601,0.0,0.0,-0.22182667,-0.015318144,0.08979557,0.16149461,0.31303388,0.003999958
1779829429733242601,1779829430745601036,0.0,0.0,-0.3358289,-0.089821994,-0.019392014,0.056538906,0.31767333,0.0047938675
1779829431755275080,1779829432769674882,0.0,0.0,-0.39098522,-0.1598461,-0.061128154,0.009423808,0.2168562,0.004119178
1779829432769674882,1779829433795350784,0.0,0.0,-0.3883414,-0.12272823,-0.04220736,0.03926523,0.19969355,0.004126533
1779829434800326045,1779829435811385177,0.0,0.0,-0.24394062,-0.0056588897,0.08499376,0.13972259,0.33534732,0.007225606
1779829435811385177,1779829436813341021,0.0,0.0,-0.30282146,-0.11237846,-0.002570053,0.054432537,0.27470413,0.004105553
1779829436813341021,1779829437821327884,0.0,0.0,-0.35330075,-0.15596415,-0.032431398,0.02889523,0.24880253,0.0038372744
1779829437821327884,1779829438847300019,0.0,0.0,-0.32454523,-0.12526646,-0.012793393,0.045831494,0.2721012,0.0046041785
1779829438847300019,1779829439849133985,0.0,0.0,-0.5544489,-0.2559885,-0.11352556,-0.04977718,0.13904792,0.003567035
1779829443491438777,1779829444503117768,-0.47360662637247175,0.012463332273127709,-0.29778895,-0.14238471,-0.035941973,0.019492323,0.23201731,0.0029992233
1779829444503117768,1779829445513241920,0.0,0.0,-0.31529087,-0.07553582,0.004320606,0.076111615,0.30976406,0.007373149
1779829445513241920,1779829446531390178,0.0,0.0,-0.45281756,-0.21187885,-0.100790866,-0.03590852,0.14190821,0.0062670573
1779829447555612065,1779829448565391446,0.0,0.0,-0.54311603,-0.2733662,-0.14277326,-0.05831603,0.16406757,0.0027824373
1779829448565391446,1779829449591291835,0.0,0.0,-0.4855241,-0.26958257,-0.119902946,-0.054384995,0.17149681,0.0065164333
1779829449591291835,1779829450613279327,0.0,0.0,-0.39441833,-0.115954205,0.018813558,0.07256241,0.2695534,0.006508066
1779829450613279327,1779829451623238461,0.0,0.0,-0.26753375,-0.07272934,0.0033865673,0.051749766,0.22230825,0.0050893035
1779829451623238461,1779829452627644020,0.0,0.0,-0.4537655,-0.2000411,-0.041561462,0.012436713,0.19831362,0.0065955864
1779829452627644020,1779829453635846940,0.0,0.0,-0.3472524,-0.16429338,-0.014261798,0.054808207,0.27006555,0.003007477
1779829455652772751,1779829456660771104,-0.7894212296570412,0.023921855444409734,-0.27417472,-0.045232583,0.06399349,0.13480647,0.31086776,0.004284268
1779829456660771104,1779829457684551323,0.0,0.0,-0.31998166,-0.11549701,-0.022911713,0.03955314,0.22668558,0.004467141
1779829457684551323,1779829458685471745,0.0,0.0,-0.26949307,-0.042514563,0.06800298,0.1237636,0.33221123,0.005380102
1779829458685471745,1779829459726567272,0.0,0.0,-0.4809836,-0.23509099,-0.06738447,0.0067417356,0.21378101,0.0027748581
1779829459726567272,1779829460741562198,0.0,0.0,-0.3667188,-0.12883611,-0.019275842,0.06811632,0.2671241,0.003956761
1779829460741562198,1779829461746863114,0.0,0.0,-0.38795206,-0.15315218,-0.045525834,0.05123222,0.1766839,0.0028281994
1779829461746863114,1779829462753467966,-0.26315425906783696,0.006925112080505426,-0.37679347,-0.14259583,-0.04093647,0.028688757,0.23742498,0.005040323
1779829462753467966,1779829463779140631,0.0,0.0,-0.44168958,-0.21716978,-0.054448705,0.03077658,0.19667724,0.0042681294
1779829463779140631,1779829464799233092,0.0,0.0,-0.37566125,-0.090880185,-9.100114e-05,0.06529139,0.24708484,0.003118163
1779829464799233092,1779829465801425576,0.0,0.0,-0.5337052,-0.298347,-0.11299584,-0.05458902,0.17215572,0.0061518573
1779829465801425576,1779829466809178932,0.0,0.0,-0.2710114,-0.046788488,0.05498412,0.11463202,0.34963462,0.00401359
1779829466809178932,1779829467819202235,0.0,0.0,-0.36434808,-0.123571984,-0.0047880923,0.06510666,0.2707505,0.0023506358
1779829467819202235,1779829468831265173,0.0,0.0,-0.37043187,-0.09944094,0.010554546,0.07948568,0.27784258,0.0057604397
1779829468831265173,1779829469845251851,0.0,0.0,-0.2828031,-0.03558842,0.057914793,0.12269776,0.3520009,0.004560835
1779829469845251851,1779829470853352871,0.0,0.0,-0.402031,-0.21037279,-0.0932286,-0.010194647,0.19224684,0.003980964
1779829470853352871,1779829471855192436,0.0,0.0,-0.2737876,-0.08705708,0.010286838,0.064476326,0.23382701,0.0045504253
1779829471855192436,1779829472863275918,0.0,0.0,-0.23921075,-0.064739086,0.015340678,0.068093576,0.24361745,0.0036216944
1779829472863275918,1779829473873165952,0.0,0.0,-0.28730944,-0.096646264,0.0040190965,0.060632534,0.22152595,0.0036692545
1779829473873165952,1779829474899345313,0.0,0.0,-0.48838383,-0.250353,-0.07382485,-0.008322417,0.20639968,0.0046114023
1779829474899345313,1779829475903136693,0.0,0.0,-0.40675527,-0.17038481,-0.014385598,0.046999745,0.2601688,-0.0020775998
1779829475903136693,1779829476907660630,0.0,0.0,-0.30331773,-0.08679169,-0.005612048,0.073032364,0.24913424,0.00503706
1779829476907660630,1779829477913362414,0.0,0.0,-0.41253915,-0.18642555,-0.06487595,-0.0017893702,0.1908491,0.007461633
1779829477913362414,1779829478927161418,0.0,0.0,-0.3483533,-0.08547519,-0.0007550925,0.070177294,0.22668801,0.0067017493
1779829478927161418,1779829479931223484,-1.1448016150257383,0.030126358290366875,-0.37221006,-0.13576227,0.010847961,0.073478855,0.31353647,0.0053009465
1779829479931223484,1779829480943246739,0.0,0.0,-0.31039715,-0.14161152,-0.036858283,0.01634155,0.21433061,0.0010879539
1779829480943246739,1779829481952150650,-1.2238983942728336,0.03220785248094303,-0.3777857,-0.09652657,0.026559245,0.07844086,0.27973077,0.0066432864
1779829481952150650,1779829482968800883,0.0,0.0,-0.17919536,-0.02769627,0.08531856,0.15998657,0.27337494,0.004326394
1779829484988741599,1779829486006474397,0.0,0.0,-0.34610143,-0.12151874,-0.025064643,0.036297232,0.2021046,0.004047767
1779829487009658006,1779829488021591779,0.0,0.0,-0.34817067,-0.107535586,-0.027565926,0.049206935,0.2747323,0.0031778575
1779829488021591779,1779829489039488093,0.0,0.0,-0.32987645,-0.102396876,0.000390808,0.07657737,0.27097112,0.0033910556
1779829489039488093,1779829490053171263,0.43430367309337975,0.014476789103194202,-0.40562388,-0.15972836,-0.042178176,0.016461106,0.25147134,0.00036289793
1779829491079223359,1779829492086349406,0.0,0.0,-0.41167748,-0.16198279,-0.040052142,0.024485068,0.20379189,0.0069049667
1779829492086349406,1779829493102539608,0.0,0.0,-0.36831334,-0.1319584,-0.027777439,0.044817258,0.21742745,0.0045482335
1779829493102539608,1779829494113039513,0.0,0.0,-0.24218225,0.0039667725,0.09510942,0.15005775,0.39533004,0.0059142527
1779829494113039513,1779829495115480201,0.0,0.0,-0.3440396,-0.08763986,-0.0023815425,0.08853485,0.23347421,0.0074797864
1779829495115480201,1779829496119096522,0.0,0.0,-0.34357417,-0.107899174,-0.013055946,0.056109443,0.25014308,0.00427587
1779829496119096522,1779829497127354462,0.0,0.0,-0.36032087,-0.14656633,-0.022905016,0.04535862,0.21243988,0.0052570486
1779829498129019736,1779829499131242213,0.0,0.0,-0.40665135,-0.15771706,-0.032214776,0.056438528,0.20135279,0.0016145096
1779829499131242213,1779829500156836803,0.0,0.0,-0.32217264,-0.14405473,-0.036794085,0.037055288,0.2381222,0.003094472
1779829501173704448,1779829502198927391,-0.07897131959241313,0.0032904716499674675,-0.39383823,-0.15151477,-0.001588146,0.06356195,0.19932617,0.007477108
1779829502198927391,1779829503211156207,0.0,0.0,-0.32687604,-0.12573722,-0.0025937073,0.045081604,0.22006753,0.0023779562
1779829503211156207,1779829504229726246,0.0,0.0,-0.3206511,-0.06520074,0.0110069625,0.08999585,0.2729608,0.007053622
1779829504229726246,1779829505233735350,0.0,0.0,-0.3604923,-0.14707786,-0.013426739,0.057625018,0.26841193,0.0015271903
1779829509379629590,1779829510404265048,0.0,0.0,-0.43432382,-0.19877644,-0.08099547,-0.01782092,0.169561,0.00483405
1779829511424845479,1779829512426093258,0.0,0.0,-0.4730315,-0.16100152,-0.02894564,0.03529309,0.17502652,0.005443703
1779829512426093258,1779829513451313162,0.0,0.0,-0.3860697,-0.10929395,-0.03212984,0.054898273,0.24592,0.0030883446
1779829513451313162,1779829514459258908,0.0,0.0,-0.33998978,-0.09178754,-0.009557009,0.07756026,0.23251787,0.009755898
1779829514459258908,1779829515480625829,0.0,0.0,-0.50701606,-0.27613416,-0.11117283,-0.035468236,0.18678156,0.0050399867
1779829515480625829,1779829516494703748,0.0,0.0,-0.29865837,-0.070767276,0.021976624,0.11013928,0.24723752,0.0031594892
1779829516494703748,1779829517514914091,0.0,0.0,-0.35064322,-0.10790288,-0.0055606337,0.04756854,0.21289682,0.01150625
1779829517514914091,1779829518521334945,0.0,0.0,-0.24831478,-0.06299091,0.009254869,0.077299155,0.26285267,0.007571171
1779829518521334945,1779829519760629628,0.0,0.0,-0.3260831,-0.09656541,-0.0143999215,0.06089243,0.26407588,0.0112405
1779829519760629628,1779829520765219288,0.0,0.0,-0.34397772,-0.10022169,0.014343795,0.08701935,0.23733194,0.007636936
1779829520765219288,1779829521768838428,0.0,0.0,-0.35781145,-0.14887549,-0.046852034,0.029055187,0.18507005,0.00407364
1779829521768838428,1779829522789185903,0.0,0.0,-0.46381247,-0.23724358,-0.12748653,-0.068152644,0.09170601,0.006918654
1779829522789185903,1779829523796731589,0.0,0.0,-0.41160232,-0.15590306,-0.0468124,0.012995364,0.2023026,0.005346715
1779829523796731589,1779829524807284569,0.0,0.0,-0.3053411,-0.09264154,-0.01992918,0.049220044,0.22249879,0.0053086565
1779829524807284569,1779829525815169625,0.0,0.0,-0.37020496,-0.13762608,-0.032774825,0.03928361,0.24084547,0.0057032774
1779829526839299551,1779829527849278350,0.0,0.0,-0.4444383,-0.23022471,-0.0902045,-0.017327027,0.17588344,0.004126928
1779829527849278350,1779829528857515892,0.0,0.0,-0.26874864,-0.070968546,0.0069916216,0.07830026,0.25034022,0.006800115
1779829529874355208,1779829530886918010,0.0,0.0,-0.34616792,-0.12902896,-0.03926229,0.026980007,0.24851121,0.006992899
1779829530886918010,1779829531896620954,0.0,0.0,-0.27795625,-0.036952738,0.044195622,0.09557023,0.31267118,0.006554091
1779829532902111400,1779829533912867557,0.0,0.0,-0.30928612,-0.059989836,0.018424686,0.09313898,0.3267947,0.00066611497
1779829533912867557,1779829534937225397,0.0,0.0,-0.3871647,-0.15510361,-0.056701966,0.013081909,0.2324632,0.0037395998
1779829534937225397,1779829535944709707,0.0,0.0,-0.2791373,-0.03907961,0.055190243,0.11972948,0.28420392,0.008298134
1779829535944709707,1779829536969578957,0.0,0.0,-0.3809993,-0.12572774,-0.050499916,0.02061058,0.24364679,0.003457626
1779829536969578957,1779829537982965434,0.0,0.0,-0.28066725,-0.10758282,-0.00053299003,0.061220672,0.23424673,0.0038084518
1779829537982965434,1779829539009236054,0.0,0.0,-0.31836212,-0.07877736,0.004806311,0.083389305,0.22801179,0.0068825604
1779829539009236054,1779829540036790357,0.0,0.0,-0.3649814,-0.15607059,-0.038372856,0.035738137,0.25722897,0.008388834
1779829540036790357,1779829541039416065,0.0,0.0,-0.31550246,-0.0819104,-0.0043492527,0.07983247,0.22000717,0.0057630097
1779829541039416065,1779829542071821217,-1.5659914073537986,0.0559282645484771,-0.3485248,-0.12851334,-0.01517202,0.062359877,0.267007,0.0041526696
1779829542071821217,1779829543073322937,-1.0002573038645552,0.020838693830516064,-0.38481107,-0.14194836,0.0037953376,0.07194388,0.21257696,0.0075548585
1779829545110576662,1779829546137497486,0.0,0.0,-0.36066183,-0.13292642,-0.06406678,0.006020935,0.19260399,0.008840249
1779829546137497486,1779829547142640094,0.0,0.0,-0.3562722,-0.10090561,-0.021257106,0.039760802,0.24935474,0.0030017225
1779829547142640094,1779829548160702792,0.0,0.0,-0.306822,-0.10181509,-0.013493642,0.061846018,0.19867827,0.004321753
1779829548160702792,1779829549161379252,0.5396249213259319,0.016352270343456998,-0.34986818,-0.07457003,0.0391429,0.103858404,0.28877416,0.009021519
1779829550185566696,1779829551203289337,0.0,0.0,-0.36524478,-0.13079183,-0.023871692,0.045044582,0.22938965,0.0059161307
1779829551203289337,1779829552232546741,0.0,0.0,-0.38501722,-0.15349776,-0.042070027,0.038310662,0.2193698,0.006833451
1779829552232546741,1779829553282781219,0.6843604555501037,0.019553155872590162,-0.29577157,-0.026107132,0.072124735,0.1323499,0.30550817,0.0076281135
1779829553282781219,1779829554301232114,0.0,0.0,-0.2841382,-0.023419648,0.07689099,0.16000511,0.2952413,0.009634948
1779829554301232114,1779829555311391143,0.0,0.0,-0.30851924,-0.10843739,-0.022801885,0.0689613,0.23064135,0.006386252
1779829555311391143,1779829556316100551,0.6974730422910245,0.018354553744484144,-0.42843476,-0.19242722,-0.054648623,0.010675429,0.17598939,0.006487615
1779829562615990754,1779829563638229629,0.0,0.0,-0.44581634,-0.22899061,-0.060419157,0.012544767,0.21272768,0.0061917715
1779829625776098960,1779829626799477291,0.0,0.0,-0.37531567,-0.16263501,-0.049965575,0.037260734,0.21221508,0.005633522
1779829627807978517,1779829628817227131,0.0,0.0,-0.2504165,-0.046305444,0.07318146,0.13231003,0.40242153,0.003026573
1779829629837863752,1779829630841254398,-0.6185919795615158,0.021330757915855994,-0.32815668,-0.0732276,0.03563209,0.110857956,0.25251707,0.009810402
1779829631844232030,1779829632844543760,0.0,0.0,-0.31577924,-0.059463795,0.036787976,0.10095642,0.26656833,0.008426981
1779829632844543760,1779829633893176154,0.0,0.0,-0.24469578,0.015345461,0.10910875,0.1676498,0.3338486,0.0074245
1779829633893176154,1779829634893286415,0.0,0.0,-0.33672312,-0.06663441,0.042444788,0.1042804,0.2753366,0.008263574
1779829634893286415,1779829635893728432,0.0,0.0,-0.25349224,0.015653549,0.11095591,0.16974334,0.3349369,0.0074440045
1779829635893728432,1779829636914935911,0.0,0.0,-0.2552558,-0.081326745,0.015243542,0.088453926,0.21782473,0.003404782
1779829636914935911,1779829637917051515,0.0,0.0,-0.3893751,-0.18744849,-0.08198053,-0.025956342,0.17185998,0.004060194
1779829639945805840,1779829640972869417,0.0,0.0,-0.3426858,-0.12543997,-0.020296333,0.05326849,0.2544733,0.0036649748
1779829640972869417,1779829641996900856,0.0,0.0,-0.34194598,-0.11597392,-0.04201453,0.024338733,0.20419806,0.007959046
1779829641996900856,1779829643016210649,0.0,0.0,-0.3811206,-0.11847144,-0.04467223,0.020034527,0.25424767,0.0038975603
1779829643016210649,1779829644033816669,0.0,0.0,-0.42672056,-0.1683428,-0.055392377,0.027057827,0.18047856,0.005217662
1779829644033816669,1779829645063292254,0.0,0.0,-0.36121708,-0.16802059,-0.031780064,0.05754636,0.24571824,0.0022670613
1779829645063292254,1779829646073273529,0.0,0.0,-0.342851,-0.12036019,-0.019492883,0.04051739,0.2152616,0.0042377873
1779829646073273529,1779829647090976533,-0.1974310274766288,0.0053359737154938264,-0.45318785,-0.19282913,-0.07169565,0.0010405529,0.15417348,0.0033741775
1779829647090976533,1779829648107390472,0.0,0.0,-0.31904846,-0.09108864,-5.9438837e-05,0.06881893,0.27014533,0.0049810903
1779829648107390472,1779829649121830814,0.0,0.0,-0.32593185,-0.06783698,0.034764744,0.10363705,0.27080235,0.00596036
1779829649121830814,1779829650137275102,0.0,0.0,-0.23060438,-0.03064303,0.10434163,0.1533347,0.35519975,0.004023208
1779829650137275102,1779829651145487265,0.0,0.0,-0.390659,-0.14385904,-0.055568475,0.015965719,0.22917624,0.003724483
1779829651145487265,1779829652151245693,0.0,0.0,-0.25222903,-0.023168292,0.057696868,0.12078184,0.29117757,0.0058777346
1779829652151245693,1779829653159401778,0.0,0.0,-0.2506695,-0.0068152645,0.09386755,0.13968593,0.3399929,0.0079608895
1779829653159401778,1779829654159700470,0.0,0.0,-0.4636557,-0.2225621,-0.04572932,0.032768108,0.22905199,0.0045113014
1779829654159700470,1779829655163369053,0.0,0.0,-0.34038267,-0.094174236,0.005544631,0.09569338,0.23379695,0.0063279555
1779829655163369053,1779829656171544056,0.0,0.0,-0.16945778,-0.015625894,0.10514736,0.17801747,0.31092367,0.0033507873
1779829656171544056,1779829657179422755,0.0,0.0,-0.40660247,-0.18316185,-0.042863797,0.031038783,0.20334832,0.0018588121
1779829657179422755,1779829658205521981,0.0,0.0,-0.3675211,-0.090590455,-0.009209847,0.054834474,0.20459248,0.0049551623
1779829658205521981,1779829659215837170,-1.7507256341719473,0.04607172721502345,-0.4916067,-0.1808874,-0.05642607,0.00262408,0.14306994,0.0058810073
1779829659215837170,1779829660217363812,0.0,0.0,-0.37653103,-0.14140032,-0.007545583,0.045551095,0.18038082,0.00463314
1779829660217363812,1779829661353565886,0.0,0.0,-0.42659494,-0.17603225,-0.035112955,0.029827286,0.20418505,0.0027882154
1779829661353565886,1779829662375338357,0.0,0.0,-0.32867348,-0.06529984,0.046821404,0.108477324,0.27603698,0.009314325
1779829662375338357,1779829663436053045,0.0,0.0,-0.38076258,-0.16528587,-0.018189287,0.048543055,0.25408068,5.5750355e-05
1779829663436053045,1779829664447406751,0.0,0.0,-0.37705758,-0.15412231,0.016964003,0.078681625,0.2433823,0.0075277598
1779829664447406751,1779829665467842672,0.6976943180222648,0.018360376789921792,-0.3115139,-0.1174895,-0.026560016,0.031733572,0.25177717,0.0027629628
1779829665467842672,1779829666491816924,0.0,0.0,-0.20911229,-0.047266904,0.06330052,0.13082454,0.2888553,0.0070954193
1779829666491816924,1779829667507313794,0.0,0.0,-0.41701034,-0.23305991,-0.0870883,-0.017414413,0.17920151,0.004040905
1779829667507313794,1779829668519336419,0.0,0.0,-0.32073027,-0.14128675,-0.03521315,0.038789835,0.2352048,0.0028721394
1779829668519336419,1779829669599698935,0.0,0.0,-0.37076327,-0.095880024,0.015741775,0.076836124,0.2300402,0.006049504
1779829669599698935,1779829670618745754,0.7239709414396084,0.015738498726878075,-0.46713305,-0.19013588,-0.07239268,0.0027680115,0.19350678,0.0079474365
1779829671621305818,1779829672625680113,0.0,0.0,-0.35773104,-0.13905878,-0.014561115,0.060369328,0.22827312,0.0052917562
1779829672625680113,1779829673651676566,0.0,0.0,-0.24059509,-0.022574091,0.0925343,0.14593597,0.34690592,0.0045123617
1779829673651676566,1779829674661289880,0.0,0.0,-0.47689393,-0.20390974,-0.10761742,-0.038967103,0.14340888,0.004424503
1779829674661289880,1779829675681365816,0.0,0.0,-0.31872195,-0.063115485,0.01041724,0.08696928,0.27136824,0.007124667
1779829675681365816,1779829676705338910,0.0,0.0,-0.25238672,-0.00042668593,0.101267025,0.15943292,0.37701556,0.004380369
1779829676705338910,1779829677725832471,0.0,0.0,-0.48494065,-0.21508902,-0.08326998,-0.009390123,0.17552117,0.00612339
1779829677725832471,1779829678731388926,0.0,0.0,-0.34201756,-0.105870575,0.0008860539,0.061778903,0.21195672,0.009058246
1779829678731388926,1779829679731404936,0.0,0.0,-0.3614667,-0.10286019,0.0022935274,0.06806405,0.23216969,0.007394859
1779829679731404936,1779829680746321806,0.9608259425141945,0.025968268716870916,-0.3413541,-0.081762694,0.004488285,0.0800692,0.22326262,0.0056699854
1779829680746321806,1779829681763466518,0.0,0.0,-0.3881349,-0.1889966,-0.02948129,0.031382725,0.18919657,0.007050781
1779829807370835373,1779829808395737517,0.0,0.0,-0.43251517,-0.1852807,-0.08058017,-0.010526506,0.17952539,0.007139792
1779829808395737517,1779829809396859491,-0.5264844724495998,0.008630892990902897,-0.39304674,-0.16264434,-0.06306297,0.0014211667,0.21111932,0.0034066145
1779829809396859491,1779829810421494078,0.0,0.0,-0.23061937,-0.048621632,0.03385884,0.09625266,0.26152536,0.0059594135
1779829810421494078,1779829811437565775,-0.4870228164562464,0.012816389906782587,-0.44376892,-0.19254488,-0.07491309,-0.017110966,0.20696123,0.0034109345
1779829811437565775,1779829812442291361,-0.8556380629891188,0.02376772397215553,-0.424761,-0.1123,0.006230487,0.073275164,0.25787678,0.00597164
1779829814619697772,1779829815631559580,0.0,0.0,-0.39356866,-0.15572028,-0.015621684,0.043430615,0.2864337,0.0068846145
1779829815631559580,1779829816649845633,0.0,0.0,-0.4360998,-0.15514547,-0.02172816,0.05008319,0.18471272,0.0064392528
1779829816649845633,1779829817655564361,0.0,0.0,-0.21455961,-0.009803186,0.102658734,0.1504138,0.35682148,0.006206259
1779829817655564361,1779829818677699147,0.0,0.0,-0.41712058,-0.15257362,0.0054283426,0.0832642,0.255548,0.004179309
1779829818677699147,1779829819679540352,0.0,0.0,-0.44301805,-0.18682867,-0.06020522,0.011004256,0.24471879,0.008253954
1779829819679540352,1779829820693839879,0.0,0.0,-0.36839774,-0.10706943,-0.015517758,0.07872926,0.2685623,0.004339145
1779829820693839879,1779829821695555554,0.0,0.0,-0.44046584,-0.18661541,-0.08857156,-0.013834879,0.20151561,0.005047523
1779829821695555554,1779829822703752082,0.0,0.0,-0.3651167,-0.12138731,0.009438225,0.07177991,0.28529423,0.0054346495
1779829822703752082,1779829823719556603,0.0,0.0,-0.3301343,-0.10498128,0.007116051,0.07525656,0.2614217,0.00091188325
1779829823719556603,1779829824729924386,0.0,0.0,-0.3364882,-0.09569743,0.022774313,0.084891535,0.27393663,0.012306434
1779829824729924386,1779829825741426560,0.0,0.0,-0.42747208,-0.17514078,-0.073508814,0.0010633674,0.20124273,0.0015039368
1779829825741426560,1779829826769564005,0.0,0.0,-0.49324697,-0.24886061,-0.088018276,-0.017435594,0.1445629,0.00547807
1779829826769564005,1779829827771084993,0.0,0.0,-0.37857732,-0.12567976,-0.045311287,0.019041492,0.20773847,0.0048585488
1779829827771084993,1779829828780956348,0.0,0.0,-0.3550935,-0.14493603,-0.05236461,0.0039898437,0.20365259,0.004602142
1779829828780956348,1779829829783565375,-0.01316480625877052,0.00035580557455294157,-0.42819053,-0.18251868,-0.09322084,-0.020047637,0.15498294,0.0072979303
1779829829783565375,1779829830801276399,0.0,0.0,-0.27479917,-0.062400047,0.025809588,0.10555215,0.36519048,0.005828441
1779829831804210736,1779829832809737652,0.0,0.0,-0.22790082,-0.034624603,0.053995144,0.111346714,0.28354812,0.0075389496
1779829833840154892,1779829834847077471,0.0,0.0,-0.21551934,-0.019756882,0.07204677,0.15506317,0.28266937,0.0066372175
1779829834847077471,1779829835873479419,-0.11848403625318983,0.003118000954035881,-0.44827282,-0.1624943,-0.07177739,-0.008912746,0.1772482,0.0047638165
1779829835873479419,1779829836875717059,0.0,0.0,-0.42286733,-0.18341458,-0.09422019,-0.03267333,0.14847337,0.0052461005
1779829836875717059,1779829837891706905,0.0,0.0,-0.32837304,-0.15996511,-0.049762227,-0.00055963016,0.18971969,0.004809435
1779829837891706905,1779829838907840293,0.0,0.0,-0.27980402,-0.08237226,0.0021995401,0.060361188,0.20707564,0.006631764
1779829838907840293,1779829839919769458,0.0,0.0,-0.3715364,-0.18389893,-0.04780457,0.03793341,0.24029885,0.0035863367
1779829840931273519,1779829841931572126,0.0,0.0,-0.31280494,-0.10847982,-0.034929648,0.019880634,0.20148431,0.006431522
1779829841931572126,1779829842950533222,0.0,0.0,-0.3112002,-0.11510491,-0.026002904,0.03596992,0.17235275,0.0028313603
1779829842950533222,1779829843953547094,0.0,0.0,-0.18599848,-0.04230867,0.06631284,0.14625238,0.29197988,0.002912266
1779829844954023062,1779829846112158091,-1.1980841201029249,0.054458369095849495,-0.29426545,-0.12382227,-0.032792836,0.024505854,0.19719693,0.0055420063
1779829847208747308,1779829848219868357,-0.2896873286350407,0.018105458040595934,-0.38392577,-0.14839496,0.0021671148,0.06829665,0.21331029,0.008641851
1779829848219868357,1779829849228873865,0.0,0.0,-0.3432761,-0.09444563,0.0013101738,0.10068353,0.23405182,0.00615227
1779829849228873865,1779829850264185533,0.0,0.0,-0.30429336,-0.07528635,0.027664322,0.09814241,0.29942116,0.0018454648
1779829850264185533,1779829851264402595,-0.5398942335348571,0.016360431319190575,-0.4004673,-0.16189033,-0.04976148,0.03441173,0.17727414,0.005326637
1779829851264402595,1779829852278765942,0.0,0.0,-0.36063436,-0.12926424,-0.009184606,0.07653436,0.25766104,0.003847904
1779829852278765942,1779829853311979182,0.0,0.0,-0.2491775,-0.019549824,0.07063522,0.13852519,0.3011932,0.00679325
1779829853311979182,1779829854335682494,-0.42140111927656765,0.004091273002712156,-0.2998442,-0.049055167,0.057510994,0.12388187,0.2671323,0.011494046
1779829854335682494,1779829855347684583,0.0,0.0,-0.2772938,-0.050564513,0.059670992,0.111893006,0.276113,0.01074966
1779829856358052810,1779829857359595605,0.0,0.0,-0.28096107,-0.06180209,0.04219973,0.108625546,0.35717353,0.0045193476
1779829857359595605,1779829858381718190,0.0,0.0,-0.3006104,-0.10311577,0.020298293,0.098452754,0.2959691,0.0047379024
1779829858381718190,1779829859403887998,0.0,0.0,-0.36065358,-0.1659409,-0.00293807,0.057837907,0.26544914,0.005562908
1779829987667063224,1779829988707231970,-1.1334887279436003,0.06297159599692274,-0.38473466,-0.15012963,-0.001835559,0.06211755,0.2041501,0.0085146455
1779829989749023208,1779829990818688454,0.9226642596068972,0.0636342197013856,-0.26881042,-0.027199006,0.061212227,0.12593849,0.29469186,0.0083237
1779829990818688454,1779829991850771724,-0.039541007979311364,0.02054546021835289,-0.40969813,-0.16264768,-0.0056046997,0.059664413,0.19975369,0.00820847
1779829991850771724,1779829992906380465,-1.0940298931512429,0.03418843416091999,-0.45020136,-0.14791651,-0.03549847,0.05155008,0.21008703,0.004516312
1779829995975641307,1779829997037053232,-0.6854944757757363,0.02980410764253782,-0.27449235,-0.02712732,0.062042482,0.13156784,0.2936366,0.007242986
1779829997037053232,1779829998044862071,-0.3823154076217923,0.008311204513403773,-0.42221513,-0.16556275,-0.033536334,0.047763772,0.22212279,0.0076933485
1779829998044862071,1779829999050946981,-0.2768582130157396,0.013183724429192505,-0.28842944,-0.05987033,0.046405356,0.115033135,0.2756732,0.0052856826
1779829999050946981,1779830000077794487,-0.3955250298643828,0.009198256508510482,-0.35124463,-0.122054644,-0.025566887,0.035978787,0.20698169,0.0040285634
1779830000077794487,1779830001095715724,0.0,0.0,-0.38654813,-0.15831949,-0.01022495,0.056373373,0.19208838,0.00635945
1779830001095715724,1779830002125630006,-0.9229525786921283,0.020976194970485036,-0.3765458,-0.14854145,-0.029309062,0.055136636,0.23405561,0.0033463028
1779830002125630006,1779830003144914883,0.0,0.0,-0.28879967,-0.028797556,0.07570879,0.15823814,0.282969,0.008421444
1779830003144914883,1779830004171648503,-1.107655549267861,0.013345247581600416,-0.37105376,-0.12183072,-0.02144487,0.08572051,0.22097912,0.0058136405
1779830004171648503,1779830005185742064,0.0,0.0,-0.4272202,-0.17401378,-0.054877046,0.010287911,0.20319371,0.0071013356
1779830006189794087,1779830007209531864,0.0,0.0,-0.33194938,-0.034144297,0.056594193,0.11477704,0.2949999,0.005656306
1779830007209531864,1779830008360631825,-1.0418507498887808,0.03064266911427935,-0.4206764,-0.17514071,-0.08077323,-0.018829562,0.16837473,0.004731997
1779830008360631825,1779830009381904899,0.0,0.0,-0.38569033,-0.15576008,0.008176875,0.06621867,0.2087074,0.008837732
1779830009381904899,1779830010393672356,0.0,0.0,-0.29143918,-0.0892835,0.0051583718,0.08294032,0.22918676,0.002379022
1779830010393672356,1779830011601999171,0.0,0.0,-0.43441316,-0.17055844,-0.06712287,0.006700119,0.18625985,0.0038004615
1779830011601999171,1779830012637544348,0.0,0.0,-0.3446521,-0.13903481,-0.036748596,0.025424285,0.20085996,0.0046627144
1779830012637544348,1779830013649635910,0.0,0.0,-0.25192332,0.012843828,0.104161076,0.16324343,0.3390955,0.0072637536
1779830013649635910,1779830014652471710,0.0,0.0,-0.24869145,0.015461866,0.11173223,0.17264946,0.34504542,0.006962022
1779830014652471710,1779830015661834700,0.0,0.0,-0.2862814,-0.03470561,0.058513664,0.113075994,0.30858767,0.006510839
1779830015661834700,1779830016670038932,0.5539088491669294,0.015825967118640198,-0.35439673,-0.12383484,-0.025100872,0.08377638,0.23343016,0.0065373005
1779830016670038932,1779830017684285626,0.0,0.0,-0.38630748,-0.19293334,-0.054707546,0.024270663,0.21315567,0.002907216
1779830017684285626,1779830018738226793,1.279148431754379,0.04410856661252183,-0.43293616,-0.16104284,-0.02336562,0.051493067,0.24825157,0.0052024103
1779830018738226793,1779830019793359829,1.6349618160759387,0.05839149343092995,-0.38616624,-0.14610428,0.007634018,0.07109743,0.2067037,0.008023129
1779830020832295821,1779830021844827302,0.0,0.0,-0.38841805,-0.1629095,-0.021247564,0.043744512,0.2263304,0.0075239977
1779830021844827302,1779830022845054020,0.0,0.0,-0.32215214,-0.11310429,-0.023220804,0.053369172,0.17810144,0.0026182958
1779830022845054020,1779830023869216650,0.0,0.0,-0.31922582,-0.09661398,0.011150334,0.06803771,0.20697972,0.004654359
1779830023869216650,1779830024883292246,0.0,0.0,-0.3640058,-0.1541963,-0.032941524,0.018335294,0.25072142,0.0033718534
1779830024883292246,1779830025899261423,0.0,0.0,-0.41566762,-0.16102935,-0.060930498,-0.00088845665,0.17912775,0.007546547
1779830025899261423,1779830026915078227,0.05273472390640712,0.0013877558919561076,-0.36328685,-0.15427779,-0.05664773,0.01093173,0.21597315,0.0026787112
1779830026915078227,1779830027939928068,0.26366944817386273,0.006760755081467679,-0.286351,-0.081997626,0.0180559,0.087469615,0.28805652,0.00580044
1779830027939928068,1779830028953746424,0.0,0.0,-0.44629893,-0.21771426,-0.06542401,-0.011205667,0.18842821,0.0030490188
1779830028953746424,1779830029971177246,0.0,0.0,-0.37545577,-0.17878404,-0.03739587,0.037953936,0.23155099,0.005041188
1779830029971177246,1779830030981722017,0.0,0.0,-0.44360432,-0.20798643,-0.08204449,-0.006505007,0.19778636,0.006278445
1779830032004004554,1779830033009740101,0.0,0.0,-0.450909,-0.17916885,-0.08430706,-0.003657821,0.15623885,0.0039103823
1779830033009740101,1779830034021297889,0.0,0.0,-0.4007279,-0.15510273,-0.027004104,0.038450487,0.2528895,0.0054569794
1779830034021297889,1779830035021745806,0.0,0.0,-0.29823104,-0.054141197,0.05847321,0.124238364,0.27942067,0.0125079295
1779830035021745806,1779830036043846480,0.0,0.0,-0.36690158,-0.15568407,-0.042862564,0.019440535,0.24370562,0.0066968305
1779830036043846480,1779830037075712560,0.0,0.0,-0.3875785,-0.10798513,-0.018318662,0.053945176,0.24525015,0.006624047
1779830037075712560,1779830038101896800,-1.0415348277574465,0.02670602122442562,-0.31448868,-0.09447978,-0.00051253167,0.076393016,0.28416097,0.0048392066
1779830038101896800,1779830039107891581,0.0,0.0,-0.3856667,-0.18554017,-0.087649375,-0.025970573,0.1469634,0.0059291916
1779830039107891581,1779830040113961467,0.5669248153733927,0.01491907408887459,-0.40134057,-0.1347014,-0.008202093,0.04818278,0.25732252,0.0068054185
1779830041115745590,1779830042132590247,0.0,0.0,-0.36521697,-0.16169195,-0.0547403,0.013337464,0.19966856,0.0027937628
1779830042132590247,1779830043141852619,0.039549974029753,0.0010407887898890664,-0.41688073,-0.2116135,-0.09939174,-0.012579012,0.13291368,0.002112616
1779830048206338249,1779830049219069849,0.0,0.0,-0.35017702,-0.12237584,-0.0125349,0.044565152,0.24548283,0.0051640356
1779830049219069849,1779830050225168768,0.0,0.0,-0.16669264,0.016391624,0.108388074,0.19387786,0.32236505,0.0066558295
1779830050225168768,1779830051241248724,0.0,0.0,-0.25796217,0.0050934977,0.10007993,0.16012739,0.3544368,0.0077431845
1779830051241248724,1779830052241598548,0.0,0.0,-0.33181968,-0.07976419,0.011376846,0.08102717,0.29068685,0.004843813
1779830052241598548,1779830053289155839,0.0,0.0,-0.48267284,-0.24078336,-0.08251151,-0.011881422,0.14793655,0.0054031108
1779830053289155839,1779830054314044129,0.0,0.0,-0.40218028,-0.17187999,-0.0604032,0.015627936,0.15887259,0.007882348
1779830054314044129,1779830055337773781,0.0,0.0,-0.3546706,-0.11584475,-0.01901329,0.049729567,0.23698373,0.004212652
1779830055337773781,1779830056338687330,0.0,0.0,-0.41423073,-0.13345613,-0.029432535,0.039325554,0.26273015,0.009389139
1779830057356735269,1779830058369182566,0.0,0.0,-0.46569175,-0.23293427,-0.08071453,-0.012761574,0.14379458,0.0059914845
1779830061730260581,1779830062731221301,0.5008867674010223,0.013181230721184385,-0.36094657,-0.13904095,0.0052497927,0.07533275,0.21611457,0.007950958
1779830062731221301,1779830063731276176,0.0,0.0,-0.43949023,-0.2243385,-0.121098325,-0.05827616,0.11592416,0.006068412
1779830063731276176,1779830064735799708,0.0,0.0,-0.40763915,-0.1590573,-0.05602402,0.017301133,0.18822856,0.004541609
1779830064735799708,1779830065746663408,0.0,0.0,-0.37298772,-0.14518052,-0.031991202,0.054606516,0.20622948,0.0033182148
1779830065746663408,1779830066792190007,0.4085995711571908,0.01167427346158791,-0.29506186,-0.057953984,0.03939297,0.08971952,0.2848049,0.0061547086
1779830066792190007,1779830067799774355,0.0,0.0,-0.4101566,-0.17041068,-0.04937352,0.015613565,0.21986869,0.0076699774
1779830067799774355,1779830068818347997,0.0,0.0,-0.37947887,-0.1472638,-0.02496844,0.048327718,0.24143997,0.004397193
1779830068818347997,1779830069831853126,0.0,0.0,-0.36899164,-0.12655534,-0.051098365,0.025978737,0.18939802,0.0038876722
1779830069831853126,1779830070855813028,0.0,0.0,-0.45310268,-0.18067591,-0.072948106,-0.009012915,0.17479105,0.004723407
1779830070855813028,1779830071867796790,0.0,0.0,-0.373153,-0.122323915,-0.01149346,0.048407055,0.28366536,0.002732357
1779830071867796790,1779830072881946645,0.0,0.0,-0.32942346,-0.105968386,-0.010109011,0.039374124,0.18550245,0.0035191025
1779830072881946645,1779830073908197339,0.0,0.0,-0.41872653,-0.20295453,-0.03368064,0.040058695,0.26030403,0.005777677
1779830073908197339,1779830074915879854,0.0,0.0,-0.4848542,-0.24724552,-0.115782164,-0.03823508,0.15407988,0.0040453863
1779830074915879854,1779830075920084868,0.0,0.0,-0.2191766,0.019757932,0.1362571,0.18832113,0.37570804,0.0069542117
1779830075920084868,1779830076941794698,0.0,0.0,-0.41934004,-0.17577897,-0.07340778,-0.014251884,0.16328011,0.007373994
1779830076941794698,1779830077957895551,0.0,0.0,-0.4110892,-0.176997,-0.061422035,0.015573115,0.23737095,0.007264028
1779830077957895551,1779830078981972974,0.0,0.0,-0.4600825,-0.21745194,-0.036339477,0.025379824,0.22404414,0.0042139054
1779830081127268580,1779830082129440219,0.0,0.0,-0.3298322,-0.09519174,0.0039818655,0.102010086,0.2331715,0.0066920486
1779830082129440219,1779830083141796006,-0.039541007979311364,0.0010138719994610933,-0.40102705,-0.17249127,-0.04628755,0.033764105,0.1736814,0.0027956024
1779830085175724316,1779830086185725562,0.0,0.0,-0.3826521,-0.1870417,-0.042999588,0.043229833,0.2150885,0.0020047748
1779830086185725562,1779830087197478727,0.0,0.0,-0.37531033,-0.1499856,-0.05454171,0.0071062767,0.19749507,0.0062571666
1779830087197478727,1779830088212290727,0.0,0.0,-0.3682644,-0.16392839,-0.065063596,0.0039393394,0.20116122,0.0052376534
1779830088212290727,1779830089223676104,0.0,0.0,-0.41200873,-0.1558438,-0.06168032,0.005135301,0.19344524,0.004715029
1779830090365068112,1779830091376515632,0.0,0.0,-0.40830716,-0.14477865,-0.04136369,0.029406969,0.20482376,0.008077923
1779830091376515632,1779830092403572431,0.0,0.0,-0.35036135,-0.074384436,0.0035166657,0.07995228,0.27174008,0.0054149455
1779830092403572431,1779830093436993402,0.0,0.0,-0.38843033,-0.15173005,-0.03267587,0.051175207,0.22761548,0.0048043816
1779830093436993402,1779830094469183658,0.0,0.0,-0.34612063,-0.1313606,-0.026124954,0.067118555,0.24384548,0.006171521
1779830094469183658,1779830095474431770,0.0,0.0,-0.49932265,-0.23042993,-0.09752756,-0.023779174,0.17094763,0.0070390757
1779830095474431770,1779830096477860438,0.0,0.0,-0.37430674,-0.16616507,-0.050953966,0.040933203,0.19490185,0.0042428877
1779830096477860438,1779830097511860554,0.0,0.0,-0.3269102,-0.123244144,-0.021065213,0.047860045,0.23794976,0.0023538137
1779830098542372666,1779830099549264660,0.0,0.0,-0.30690497,-0.113188714,-0.03727963,0.031383917,0.20703167,0.0058735297
1779830108745766562,1779830109767843894,0.0,0.0,-0.481978,-0.22334504,-0.09519172,-0.013752532,0.1494611,0.0029474276
1779830109767843894,1779830110769431430,0.0,0.0,-0.45391554,-0.17122239,-0.06410616,-0.0029163754,0.15840632,0.0028312902
1779830110769431430,1779830111795254941,0.0,0.0,-0.36918664,-0.13670094,-0.041006476,0.022900539,0.23717377,0.007845365
1779830111795254941,1779830112807851162,0.0,0.0,-0.33341864,-0.13851692,-0.004316384,0.078060895,0.268052,0.0030612124
1779830112807851162,1779830113815744357,0.0,0.0,-0.45281905,-0.1928708,-0.07984413,-0.01764041,0.1456362,0.00424865
1779830113815744357,1779830114817849562,0.0,0.0,-0.1325159,0.018189602,0.1331282,0.20416185,0.34816468,0.0047996086
1779830114817849562,1779830115841911668,0.0,0.0,-0.5033487,-0.21874079,-0.09217536,-0.032721594,0.16483799,0.004950182
1779830115841911668,1779830116865845161,0.0,0.0,-0.51100236,-0.25831234,-0.10687331,-0.04533499,0.17052904,0.004886746
1779830116865845161,1779830117871751275,0.0,0.0,-0.27668482,-0.02911241,0.091833726,0.14563781,0.3055564,0.004407785
1779830117871751275,1779830118890610710,0.0,0.0,-0.43653747,-0.16438338,0.008908827,0.068402015,0.2926507,0.006474277
1779830119895979756,1779830120919191097,1.0149674757792206,0.028193540993666964,-0.32764477,-0.08691276,0.032910384,0.08165457,0.284027,0.0051042577
1779830120919191097,1779830121923876016,0.26361106297992576,0.006590276574680587,-0.46234313,-0.22897592,-0.12210762,-0.06403993,0.10629227,0.007341772
1779830122948135353,1779830123975371001,0.0,0.0,-0.36916214,-0.1866895,-0.05081554,0.021731287,0.20360358,0.004111158
1779830123975371001,1779830124999316874,0.0,0.0,-0.38828975,-0.18282008,-0.055743597,0.018290693,0.25089008,0.0042037503
1779830124999316874,1779830126001388652,0.0,0.0,-0.35117528,-0.11290624,-0.008169994,0.067696266,0.2453651,0.004973857
1779830126001388652,1779830127021355038,0.0,0.0,-0.3536758,-0.10474208,0.0038819532,0.07731099,0.23411456,0.008805083
1779830127021355038,1779830128033847671,0.0,0.0,-0.4162018,-0.15012069,-0.06811054,-0.0047822604,0.20749067,0.004337316
1779830129039314460,1779830130039489193,0.0,0.0,-0.3930815,-0.15611877,-0.045266546,0.038505867,0.20460187,0.0035215996
1779830130039489193,1779830131070562771,0.0,0.0,-0.44079506,-0.19097503,-0.069317415,-0.0045783767,0.1994054,0.006096085
1779830131070562771,1779830132076284960,0.0,0.0,-0.33397293,-0.08597219,0.005082347,0.065388456,0.31925344,0.003896351
1779830132076284960,1779830133090178031,0.0,0.0,-0.3521325,-0.09769804,-0.010379635,0.055491846,0.29062447,0.003249885
1779830133090178031,1779830134113891188,0.4612394162848645,0.011826651699446227,-0.40459087,-0.17934214,-0.053668696,0.020739395,0.21659783,0.004038785
1779830135129375799,1779830136139489629,0.0,0.0,-0.36151904,-0.10400068,-0.011607883,0.08014884,0.23418552,0.007495007
1779830136139489629,1779830137145473392,0.4875728230514512,0.01681285596751732,-0.34013328,-0.105218776,-0.008866791,0.08108586,0.21489617,0.0043432433
1779830137145473392,1779830138377649567,0.0,0.0,-0.3306816,-0.056733858,0.05061119,0.11149767,0.28583762,0.0084727155
1779830138377649567,1779830139384492320,0.0,0.0,-0.32232726,-0.065049045,0.024829898,0.095782325,0.316841,0.0039874506
1779830139384492320,1779830140403476732,0.6193149851171441,0.016738242840772643,-0.53463614,-0.28150067,-0.16784842,-0.094673514,0.16139972,0.0043134145
1779830140403476732,1779830141432552455,0.0,0.0,-0.44736233,-0.15115404,-0.034017723,0.04574896,0.21151352,0.0056004063
1779830141432552455,1779830142465251203,0.0,0.0,-0.32074112,-0.05084099,0.05583992,0.117989704,0.30562648,0.0090655
1779830145600311045,1779830146603101650,0.2371299373355645,0.008782590271828717,-0.3563025,-0.13656493,0.0013776374,0.071920805,0.23654827,0.0073732985
1779830146603101650,1779830147604725569,0.0,0.0,-0.38163418,-0.13017663,-0.015815629,0.0708207,0.22571136,0.005842218
1779830147604725569,1779830148616871394,0.0,0.0,-0.28537402,-0.036448885,0.05643097,0.1292552,0.29696804,0.0070685516
1779830148616871394,1779830149629985459,0.0,0.0,-0.4237294,-0.1790734,-0.06383787,0.006360655,0.16362906,0.0035055743
1779830149629985459,1779830150650212041,0.5664543123174337,0.013173356100223643,-0.39010155,-0.18746538,-0.053120732,0.03618612,0.22505938,0.0018100636
1779830150650212041,1779830151657895513,0.0,0.0,-0.365909,-0.14318995,-0.040699903,0.03965408,0.17710167,0.0065231086
1779830151657895513,1779830152662172246,0.0,0.0,-0.42593735,-0.19514969,-0.07169378,0.012681654,0.15342642,0.0025079597
1779830152662172246,1779830153679820235,0.0,0.0,-0.29145637,-0.025587369,0.06914628,0.13816516,0.28643966,0.006942791
1779830153679820235,1779830154691801285,0.2634561895572601,0.006933057619936503,-0.36602142,-0.10548082,-0.020276714,0.05482799,0.2688621,0.0054068095
1779830155705899836,1779830156711919764,0.0,0.0,-0.36125907,-0.06445195,0.053700797,0.12493852,0.35376686,0.0028269724
1779830156711919764,1779830157723844414,0.0,0.0,-0.46324334,-0.21663135,-0.046824552,0.015094292,0.1952069,0.0035089867
1779830157723844414,1779830158726052562,0.0,0.0,-0.2597962,-0.017866991,0.08659889,0.15727837,0.3692154,0.0012833317
1779830158726052562,1779830159727099694,0.0,0.0,-0.31495094,-0.09527558,0.04989748,0.101220466,0.24687612,0.008253829
1779830167479731048,1779830168511477627,0.0,0.0,-0.3822449,-0.14952114,-0.0524056,0.03258858,0.21431969,0.008674858
1779830168511477627,1779830169525256439,0.0,0.0,-0.34168774,-0.055481978,0.021760866,0.10257963,0.29001516,0.0039881994
1779830169525256439,1779830170536629248,0.0,0.0,-0.28378153,-0.052713733,0.03893309,0.0964955,0.3321723,0.005964266
1779830170536629248,1779830171547219281,0.0,0.0,-0.3092489,-0.07732239,0.008053542,0.0814557,0.34328353,0.008012371
1779830171547219281,1779830172565844170,0.0,0.0,-0.36894423,-0.12436872,-0.022556338,0.05962056,0.20473549,0.0042401007
1779830172565844170,1779830173573817385,0.0,0.0,-0.38578528,-0.15342687,-0.074926436,0.0014705746,0.20948674,0.001507205
1779830173573817385,1779830174583834838,0.0,0.0,-0.34013894,-0.12865461,-0.0048814495,0.074802004,0.2825148,0.0040717795
1779830174583834838,1779830175585771338,0.0,0.0,-0.311604,-0.07466892,0.061569445,0.11325226,0.26223266,0.007899674
1779830177609792084,1779830178621641682,0.0,0.0,-0.3814841,-0.13675076,-0.030961102,0.031155374,0.26376435,0.005233769
1779830179629202481,1779830180635777159,0.0,0.0,-0.24115036,-0.022739064,0.08797456,0.1557543,0.32924086,0.003869066
1779830180635777159,1779830181640010021,0.0,0.0,-0.39777744,-0.16370974,-0.046940096,0.029867548,0.17714019,0.002896877
1779830181640010021,1779830182653701614,0.0,0.0,-0.34077993,-0.14433679,-0.03976836,0.018921286,0.18231435,0.0020595097
1779830182653701614,1779830183675901498,0.0,0.0,-0.33927757,-0.04817632,0.07034358,0.12809405,0.34479266,0.008610529
1779830183675901498,1779830184677766922,0.0,0.0,-0.3658767,-0.16173127,-0.06871911,-0.008752415,0.1954432,0.0033785184
1779830184677766922,1779830185688142920,0.0,0.0,-0.47797862,-0.23299229,-0.07599899,-0.017774265,0.18574959,-0.00010897805
1779830185688142920,1779830186705821934,0.0,0.0,-0.49304286,-0.260018,-0.11779849,-0.060518533,0.1302094,0.0044406536
1779830186705821934,1779830187728061878,0.0,0.0,-0.38876268,-0.13169509,-0.04415564,0.03495876,0.269997,0.007126162
1779830187728061878,1779830188737936901,0.0,0.0,-0.49261844,-0.14656717,-0.03819001,0.024942523,0.20009655,0.0037016708
1779830188737936901,1779830189753792793,0.0,0.0,-0.39102238,-0.1463651,-0.028190058,0.023554109,0.15724465,0.007812986
1779830189753792793,1779830190761937437,0.0,0.0,-0.4150732,-0.18833995,-0.09565199,-0.030900776,0.15881932,0.00638781
1779830190761937437,1779830191786012482,0.0,0.0,-0.26733357,-0.046146534,0.03678289,0.09489151,0.22465764,0.0037275776
1779830191786012482,1779830192800166137,0.0,0.0,-0.34976637,-0.13698624,0.0009010069,0.06664423,0.26869708,0.010656256
1779830192800166137,1779830193810052274,0.0,0.0,-0.3197076,-0.13705541,-0.03660478,0.019883247,0.20168671,0.0037237443
1779830193810052274,1779830194815873308,0.0,0.0,-0.3853652,-0.17971736,-0.03716768,0.03701157,0.22494727,0.003832503
1779830194815873308,1779830195823841155,0.0,0.0,-0.38707766,-0.120034516,-0.010331021,0.060467258,0.22314735,0.0051890165
1779830195823841155,1779830196848067423,0.0,0.0,-0.4172237,-0.17679006,-0.042197842,0.010651402,0.22941063,0.003335532
1779830196848067423,1779830197861870200,0.0,0.0,-0.44738722,-0.2096028,-0.09231103,-0.030182239,0.16795993,0.0043538217
1779830198863954545,1779830199877498722,0.0,0.0,-0.44882435,-0.19759029,-0.028669441,0.036724757,0.23469695,0.004255604
1779830199877498722,1779830200901860242,0.0,0.0,-0.35392597,-0.14141934,-0.05083854,0.04410959,0.22195688,0.0069945958
1779830200901860242,1779830201922171837,0.0,0.0,-0.34738255,-0.07708848,0.052299388,0.10226991,0.30136183,0.0075601656
1779830201922171837,1779830202939854347,0.0,0.0,-0.21373369,-0.02088265,0.11609679,0.16628031,0.37525567,0.0042147976
1779830202939854347,1779830203965423225,0.0,0.0,-0.30101985,-0.039094847,0.050090868,0.10444899,0.35434413,0.005328512
1779830203965423225,1779830204976064668,0.0,0.0,-0.39282465,-0.08518799,0.019580757,0.0995858,0.24305315,0.005631666
1779830204976064668,1779830205988211672,0.3951566961468053,0.010398860424917632,-0.3179782,-0.13566719,-0.028863084,0.03684683,0.22083363,0.0049506244
1779830207015858997,1779830208039880809,0.0,0.0,-0.51161325,-0.27505913,-0.119226605,-0.038533207,0.16699253,0.0067946357
1779830208039880809,1779830209059226067,0.0,0.0,-0.39662823,-0.10134865,0.023619752,0.08489125,0.2616966,0.0053066704
1779830209059226067,1779830210070152899,0.0,0.0,-0.44268072,-0.19781825,-0.10482564,-0.043451983,0.14745408,0.0061075287
1779830210070152899,1779830211091876199,0.0,0.0,-0.2636176,-0.043455202,0.07852708,0.12985802,0.32254165,0.0040325997
1779830213113296790,1779830214152810157,0.44776286486030176,0.01092104548409865,-0.1455124,0.04721172,0.13265865,0.21421717,0.34367496,0.0072744447
1779830214152810157,1779830215160695326,0.763784499892862,0.016250734040326318,-0.4201296,-0.14485711,-0.032237194,0.05176073,0.20930225,0.005249627
1779830215160695326,1779830216200269516,0.0,0.0,-0.30838645,-0.03139985,0.07184751,0.13338257,0.31912482,0.009500583
1779830218370818442,1779830219374055395,0.0,0.0,-0.28009376,-0.051242925,0.039165296,0.09063373,0.29879922,0.005915257
1779830219374055395,1779830220407339173,-1.3300761850381602,0.04750272089396443,-0.41597822,-0.12985884,-0.010438047,0.08027443,0.23321994,0.0040153977
1779830283805798482,1779830284825915974,0.0,0.0,-0.35945988,-0.12625268,-0.026400851,0.030062824,0.20212153,0.010257129
1779830286891839082,1779830287906387307,0.2501896174093014,0.005956895652726672,-0.39669663,-0.16490708,-0.009927732,0.04874414,0.19261813,0.008126618
1779830287906387307,1779830288918589310,0.10534112418685673,0.0027721348468196837,-0.4993431,-0.24647889,-0.08799164,-0.0207205,0.13034606,0.006176172
1779830288918589310,1779830289918813520,0.724190191093769,0.02011639419732505,-0.40966138,-0.13525794,-0.03357186,0.03023188,0.21681188,0.0017353299
1779830290935937746,1779830291956370864,0.0,0.0,-0.45037702,-0.21671721,-0.086248875,-0.018414889,0.1781986,0.0056538177
1779830292968293762,1779830293972651457,0.0,0.0,-0.404423,-0.20095244,-0.09387161,-0.0029105435,0.16253662,0.005850031
1779830293972651457,1779830294986274606,0.0,0.0,-0.3568216,-0.08620992,0.010571225,0.09077178,0.27641466,0.006688537
1779830294986274606,1779830295998126616,0.0,0.0,-0.46284533,-0.2519896,-0.10120353,-0.03101527,0.14496936,0.0027411208
1779830295998126616,1779830297004425392,0.0,0.0,-0.34813273,-0.121331766,-0.004620623,0.062391672,0.25433758,0.004789149
1779830297004425392,1779830298019433763,0.0,0.0,-0.31314787,-0.042671602,0.038992435,0.09710057,0.33307517,0.0037277483
1779830298019433763,1779830299043972762,0.0,0.0,-0.30420882,-0.08986485,0.0412774,0.09619719,0.27747393,0.0031178812
1779830300049956802,1779830301059438153,0.0,0.0,-0.3592031,-0.14303434,-0.0075916783,0.054469652,0.21052128,0.0061337086
1779830301059438153,1779830302064799626,0.0,0.0,-0.52122825,-0.251864,-0.097299226,-0.019957686,0.17026171,0.007369284
1779830302064799626,1779830303090080424,0.0,0.0,-0.32570863,-0.08432174,0.0026194612,0.07295567,0.31409344,0.0025705975
1779830303090080424,1779830304090319199,0.0,0.0,-0.27080607,-0.066933565,0.029615354,0.076281235,0.22920425,0.004146404
1779830304090319199,1779830305112392236,0.0,0.0,-0.48274988,-0.23551989,-0.12046969,-0.044208124,0.106722474,0.0018600095
1779830305112392236,1779830306124038171,0.0,0.0,-0.46498203,-0.23803894,-0.07154892,-0.0011283582,0.20442836,0.0046847933
1779830306124038171,1779830307138046029,0.039499774852397675,0.0010394677591189126,-0.33022442,-0.09711963,0.01576074,0.08789928,0.26150057,0.004338378
1779830307138046029,1779830308160289220,0.0,0.0,-0.43990418,-0.22612195,-0.07925749,-0.008231719,0.1788661,0.006515288
1779830308160289220,1779830309188120109,0.0,0.0,-0.26860878,-0.080219194,0.01373401,0.081636235,0.26146576,0.0075710816
1779830309188120109,1779830310206217222,0.0,0.0,-0.36354807,-0.16437621,-0.019813988,0.03654182,0.25980753,0.0060999277
1779830310206217222,1779830311210672125,0.0,0.0,-0.4209072,-0.19253688,-0.04819531,0.022334913,0.18208547,0.003826164
1779830314284587757,1779830315290516318,0.0,0.0,-0.39929503,-0.12795761,-0.036752958,0.049589485,0.19995145,0.007415887
1779830315290516318,1779830316297155918,0.0,0.0,-0.4176838,-0.20216669,-0.108492345,-0.03277058,0.12591553,0.006550752
1779830316297155918,1779830317312150754,0.0,0.0,-0.3719002,-0.15840994,-0.011239375,0.060165398,0.24915528,0.0070454385
1779830319365582207,1779830320399241368,0.0,0.0,-0.31572425,-0.101961516,0.03156615,0.10031402,0.2707117,0.003013621
1779830320399241368,1779830321399888254,0.0,0.0,-0.3028213,-0.029309807,0.045510717,0.13489088,0.278312,0.008717681
1779830321399888254,1779830322400024576,0.0,0.0,-0.35352647,-0.09108437,-0.0103126615,0.060225353,0.29078263,0.0027655533
1779830323429667108,1779830324443132183,0.0,0.0,-0.16209146,0.02110578,0.11909938,0.20162551,0.31643,0.0060598203
1779830324443132183,1779830325466548646,0.0,0.0,-0.2905679,-0.027691966,0.064946026,0.13420416,0.3028274,0.0069162766
1779830325466548646,1779830326488203089,0.0,0.0,-0.48157358,-0.20076545,-0.07154192,0.004289394,0.14228627,0.008052813
1779830326488203089,1779830327506253233,0.0,0.0,-0.45057583,-0.15492885,-0.039914858,0.04044127,0.18639855,0.0079533905
1779830327506253233,1779830328515696589,0.0,0.0,-0.31068236,-0.09215229,-0.021373743,0.03738012,0.22835225,0.0040757735
1779830328515696589,1779830329517042742,0.0,0.0,-0.4016049,-0.14973037,-0.048959967,0.044727117,0.20385873,0.004025054
1779830329517042742,1779830330525540360,0.0,0.0,-0.19500966,-0.045404516,0.06657678,0.12303584,0.2791467,0.0061506876
1779830330525540360,1779830331543917636,0.0,0.0,-0.47099188,-0.20457266,-0.10497015,-0.041891225,0.14935015,0.005901808
1779830331543917636,1779830332556284295,0.0,0.0,-0.43347394,-0.1808075,-0.070775025,0.0050970903,0.17015627,0.00864048
1779830332556284295,1779830333578181875,0.0,0.0,-0.36617967,-0.12029534,0.016133912,0.0903608,0.3188475,0.0037252132
1779830333578181875,1779830334583847024,0.0,0.0,-0.3795851,-0.15782234,-0.02035211,0.048886064,0.26809573,0.001286367
1779830334583847024,1779830335602795657,-0.6056715879338164,0.020189052931366785,-0.47555044,-0.21162271,-0.07500486,-0.0035007328,0.17166677,0.0089201005
1779830335602795657,1779830336629909521,0.0,0.0,-0.27686313,-0.03321362,0.055310637,0.11824773,0.27970448,0.007450718
1779830338642146431,1779830339646582787,0.0,0.0,-0.31337437,-0.08376542,0.040511765,0.10423034,0.31526583,0.0069369767
1779830401690824594,1779830402704135213,0.0,0.0,-0.2776462,-0.056158457,0.008157607,0.0829535,0.24732749,0.0063095596
1779830402704135213,1779830403725360591,0.0,0.0,-0.38611192,-0.17482555,-0.043893084,0.02612071,0.19066747,0.003477771
1779830408461971732,1779830409470389101,0.0,0.0,-0.43249866,-0.12396133,-0.01328626,0.0620862,0.22302105,0.005229984
1779830409470389101,1779830410482074724,0.0,0.0,-0.4288534,-0.17418042,-0.07906219,-0.01180654,0.17379817,0.003150367
1779830410482074724,1779830411494067616,0.0,0.0,-0.27281204,-0.10124195,-0.015269599,0.046071142,0.21328615,0.0053408574
1779830411494067616,1779830412502104151,0.0,0.0,-0.3695556,-0.1171797,-0.023728343,0.047218602,0.28174344,0.006721007
1779830412502104151,1779830413506162502,0.0,0.0,-0.37860864,-0.08158381,0.010165557,0.07417822,0.25024575,0.0028632446
1779830413506162502,1779830414508303303,0.0,0.0,-0.35133293,-0.13814022,-0.00048470177,0.069262296,0.27800244,0.0007310971
1779830414508303303,1779830415516874283,0.0,0.0,-0.2525261,-0.05993492,0.011116696,0.074781425,0.27149427,0.00565963
1779830415516874283,1779830416524434697,0.0,0.0,-0.36055565,-0.1348025,-0.03991402,0.0316084,0.24776421,0.0025688154
1779830416524434697,1779830417546524619,0.0,0.0,-0.41442466,-0.15791665,-0.066485815,0.012962425,0.19257656,0.0060573104
1779830417546524619,1779830418572176090,0.0,0.0,-0.48574638,-0.23493709,-0.085576385,-0.017681887,0.14357632,0.0071509457
1779830418572176090,1779830419584023767,0.0,0.0,-0.41398874,-0.18953794,-0.07612589,-0.015665352,0.17468883,0.003583936
1779830419584023767,1779830420594204877,0.0,0.0,-0.36729008,-0.09000311,-0.00464745,0.054162215,0.25407,0.0035481697
1779830420594204877,1779830421603847365,0.0,0.0,-0.33799052,-0.13791156,-0.014621417,0.046923485,0.26689327,0.0033950177
1779830421603847365,1779830422614430502,0.0,0.0,-0.38265768,-0.16201462,-0.060241845,-0.0013349244,0.16973716,0.0078802025
1779830422614430502,1779830423622040583,0.0,0.0,-0.5584676,-0.30227873,-0.14025009,-0.07106515,0.1546403,0.005083451
1779830423622040583,1779830424646313872,0.0,0.0,-0.33706984,-0.13619374,-0.03800164,0.03947779,0.2710099,0.0066536563
1779830424646313872,1779830425668222170,1.408886521131566,0.03707596108255317,-0.43964207,-0.20159188,-0.09039191,-0.0026672827,0.16389947,0.002889701
1779830425668222170,1779830426680135827,0.0,0.0,-0.27134427,-0.08272118,0.0067931963,0.06198505,0.21322012,0.0032955536
1779830427685011018,1779830428688256281,0.0,0.0,-0.3913339,-0.19200653,-0.057536446,0.019961745,0.20137197,0.004717867
1779830429692115530,1779830430706255649,0.0,0.0,-0.44541118,-0.21135536,-0.055860493,0.009398941,0.21235682,-0.0005206267
1779830430706255649,1779830431725432136,0.9742540217069153,0.026331189775841743,-0.31762066,-0.12481727,0.0018648586,0.057005856,0.23244382,0.0073811696
1779830431725432136,1779830432733911749,0.0,0.0,-0.3813845,-0.18209626,-0.0030738602,0.060303498,0.28878322,0.0052311094
1779830434752492527,1779830435772319184,0.0,0.0,-0.37305063,-0.13464428,-0.032749865,0.047396872,0.22516103,0.0056322813
1779830435772319184,1779830436772960778,0.0,0.0,-0.34188852,-0.163485,-0.059236515,0.010732699,0.18586671,0.00622912
1779830436772960778,1779830437777976341,0.0,0.0,-0.3818411,-0.14419228,-0.042325,0.02917614,0.24266584,0.0022414397
1779830437777976341,1779830438807185392,0.0,0.0,-0.2903847,-0.035261273,0.071276054,0.12293612,0.33155346,0.0036636903
1779830438807185392,1779830439820203502,0.0,0.0,-0.31234902,-0.10236408,-0.02739048,0.040031403,0.2038661,0.0057048067
1779830439820203502,1779830440826238198,0.0,0.0,-0.29016048,-0.04533487,0.044955168,0.11157925,0.25724527,0.007912437
1779830441846265762,1779830442850123895,0.0,0.0,-0.3434327,-0.07495354,-0.00820235,0.05563503,0.30668905,0.003959637
1779830442850123895,1779830443858141586,0.0,0.0,-0.30818436,-0.049582604,0.040075213,0.09925273,0.30279514,0.006493755
1779830443858141586,1779830444884239123,0.0,0.0,-0.42915776,-0.20253359,-0.0647107,0.0046237255,0.18679625,0.0050380654
1779830444884239123,1779830445892085124,0.0,0.0,-0.30143106,-0.11330563,-0.02416415,0.035318263,0.18285255,0.0040937485
1779830445892085124,1779830446914083581,0.0,0.0,-0.42593926,-0.19178542,-0.08211447,-0.02141319,0.20318475,0.0031200151
1779830446914083581,1779830447922180255,0.0,0.0,-0.35076895,-0.127418,-0.0006024364,0.07466008,0.26285735,0.005759125
1779830447922180255,1779830448938368112,0.0,0.0,-0.33176088,-0.085601814,0.020528816,0.08090995,0.3010317,0.005131246
1779830448938368112,1779830449942337161,0.0,0.0,-0.4467032,-0.14854586,-0.04445311,0.016382024,0.21249804,0.0020101373
1779830449942337161,1779830450946196235,0.0,0.0,-0.36330634,-0.13638416,0.019671526,0.0840282,0.26000085,0.00411734
1779830450946196235,1779830451956070836,0.0,0.0,-0.34373158,-0.119778566,-0.0008945685,0.051193915,0.24799968,0.0026468511
1779830451956070836,1779830452958234472,0.0,0.0,-0.2873883,-0.05781465,0.07190147,0.118055396,0.33253562,0.0019570936
1779830452958234472,1779830453958334865,0.0,0.0,-0.39448977,-0.18846291,-0.052097954,0.02067697,0.22251591,0.0052601676
1779830453958334865,1779830455146290903,0.5660769813556111,0.015724360593358553,-0.25782973,-0.09416214,0.0139807,0.062215853,0.23340714,0.002819821
1779830455146290903,1779830456154586432,0.8688000100226116,0.018886956739441862,-0.40183672,-0.17227927,-0.017040238,0.05113004,0.19466415,0.0071767513
1779830456154586432,1779830457156254529,0.0,0.0,-0.39707783,-0.21522014,-0.08137289,-0.028209584,0.15760548,0.006027586
1779830457156254529,1779830458166156473,0.0,0.0,-0.31338647,-0.08183237,0.04257934,0.11257286,0.25928047,0.009906551
1779830458166156473,1779830459190167440,0.0,0.0,-0.42942026,-0.17393434,-0.004079165,0.06189071,0.27154088,0.0031918834
1779830461222181948,1779830462232363943,0.0,0.0,-0.23162225,-0.01348977,0.10890016,0.16558622,0.39573976,0.0004364483
1779830462232363943,1779830463258120346,0.0,0.0,-0.49710765,-0.25469378,-0.07745417,-0.0012842334,0.19509566,0.002940922
1779830521457099926,1779830522461976560,0.0,0.0,-0.29719436,-0.048369475,0.07127036,0.12674189,0.3336483,0.0019887208
1779830588956504605,1779830589982376198,0.0,0.0,-0.3868003,-0.15492786,-0.04838088,0.03377647,0.20909761,0.006019054
1779830590984457748,1779830591988476200,0.0,0.0,-0.34582904,-0.14485009,-0.006197595,0.062289894,0.24811366,0.0038256338
1779830591988476200,1779830592990610829,0.0,0.0,-0.42329144,-0.16592973,-0.03480601,0.038495976,0.25608125,0.006154221
1779830592990610829,1779830594008251596,0.0,0.0,-0.37096348,-0.111128464,-0.007912107,0.07159335,0.24612874,0.0068580294
1779830594008251596,1779830595008771642,0.0,0.0,-0.41992918,-0.2117831,-0.06554226,0.0023892638,0.1906048,0.00026584655
1779830595008771642,1779830596018550687,0.0,0.0,-0.3185757,-0.067135185,0.018800214,0.08493621,0.23081082,0.004759659
1779830596018550687,1779830597032361611,0.0,0.0,-0.36237428,-0.0893878,0.00043200463,0.071314424,0.25498384,0.0023145822
1779830597032361611,1779830598040654936,0.0,0.0,-0.3741036,-0.15589893,-0.059178315,0.01496312,0.21799669,0.00071100437
1779830598040654936,1779830599058432259,0.0,0.0,-0.42870125,-0.2176519,-0.08608353,-0.010012272,0.19209316,0.0022163615
1779830601092195893,1779830602116188536,0.0,0.0,-0.35974196,-0.14449915,-0.05527161,0.029718088,0.2110635,0.006489929
1779830603132579789,1779830604156218393,0.0,0.0,-0.29233515,-0.03836672,0.04179817,0.100857414,0.32451695,0.004042503
1779830604156218393,1779830605162845004,0.0,0.0,-0.37694833,-0.12571561,-0.021227969,0.034470327,0.2003903,0.008645706
1779830605162845004,1779830606168497215,0.0,0.0,-0.4802783,-0.22272997,-0.108777925,-0.038491406,0.14023353,0.003463607
1779830606168497215,1779830607190109817,0.0,0.0,-0.29386282,-0.029459758,0.07303846,0.14933655,0.3543279,0.0020737723
1779830607190109817,1779830608216469398,0.0,0.0,-0.23435879,-0.024276892,0.04109463,0.124352954,0.3270903,0.009450593
1779830608216469398,1779830609235251028,0.0,0.0,-0.37685817,-0.15317045,-0.03954292,0.018140975,0.23015007,0.002132223
1779830609235251028,1779830610262978535,0.0,0.0,-0.37810704,-0.14810164,-0.039122604,0.044431135,0.22432493,0.0069317794
1779830611267289904,1779830612274185704,0.0,0.0,-0.4051785,-0.16513312,-0.064885095,-0.0020533458,0.19935323,0.0037777787
1779830612274185704,1779830613280221327,0.0,0.0,-0.37561575,-0.0805403,0.029420078,0.08274437,0.23032759,0.00966211
1779830613280221327,1779830614286164269,0.0,0.0,-0.35254171,-0.07571736,0.029922882,0.08807394,0.31721607,0.004415702
1779830614286164269,1779830615308363137,0.0,0.0,-0.28309765,-0.05029202,0.034098413,0.08942153,0.30583456,0.007815647
1779830615308363137,1779830616332300799,0.0,0.0,-0.3226801,-0.13827609,-0.04512203,0.0029557524,0.1683353,0.005397158
1779830616332300799,1779830617356872033,0.0,0.0,-0.39266372,-0.17681356,-0.082674496,-0.0055379127,0.20446508,0.0062811584
1779830620476235472,1779830621478179109,0.0,0.0,-0.42225438,-0.22541341,-0.08401805,-0.018514778,0.19062753,0.0035752428
1779830621478179109,1779830622490576610,0.0,0.0,-0.36511397,-0.13137399,-0.033245694,0.039743073,0.26479134,0.0025197677
1779830624625112070,1779830625648027621,0.0,0.0,-0.32041997,-0.10286329,-0.00034695206,0.057837162,0.22932644,0.008884762
1779830625648027621,1779830626674501793,0.0,0.0,-0.25780398,-0.04417276,0.07453364,0.12852496,0.30628496,0.0040734312
1779830626674501793,1779830627683813909,0.0,0.0,-0.38693658,-0.110210426,-0.040524058,0.025094712,0.26224485,0.0036420978
1779830627683813909,1779830628686232681,0.0,0.0,-0.44915777,-0.16618672,-0.038316775,0.037251867,0.17596653,0.007792413
1779830628686232681,1779830629710505090,0.0,0.0,-0.45319343,-0.19816913,-0.07972136,-0.019075574,0.16791682,0.004658897
1779830629710505090,1779830630722284395,0.0,0.0,-0.3683677,-0.09978224,0.0034695205,0.09032613,0.24079882,0.005054641
1779830630722284395,1779830631746223216,0.0,0.0,-0.419093,-0.22315837,-0.082481466,-0.0126575325,0.21394397,0.004196578
1779830631746223216,1779830632758370390,0.0,0.0,-0.35879627,-0.14191712,-0.013321368,0.07707218,0.24785115,0.0038276364
1779830632758370390,1779830633760198513,0.0,0.0,-0.35825494,-0.09616637,-0.009193681,0.053727202,0.32535428,0.0034134693
1779830633760198513,1779830634760366434,0.0,0.0,-0.25274295,-0.06886327,0.010674217,0.06506789,0.22430028,0.0036720207
1779830634760366434,1779830635782212181,0.0,0.0,-0.20228645,0.0053234617,0.0947582,0.14707477,0.3725442,0.0056452244
1779830635782212181,1779830636808425407,0.0,0.0,-0.4251567,-0.11125485,0.0025937073,0.08711312,0.25786024,0.0046149525
1779830636808425407,1779830637818587452,0.0,0.0,-0.4734993,-0.23535456,-0.058651667,0.018249262,0.20375013,0.0039770324
1779830637818587452,1779830638842509585,0.0,0.0,-0.38811508,-0.08657623,0.017526526,0.10242315,0.27286986,0.0045056115
1779830638842509585,1779830639844559697,0.0,0.0,-0.3120474,-0.095600046,-0.00081658416,0.06244661,0.2383247,0.00827702
1779830639844559697,1779830640852254207,0.0,0.0,-0.39682716,-0.12931742,-0.031475198,0.046024367,0.2844578,0.005923162
1779830649032476817,1779830650050291396,0.0,0.0,-0.269262,-0.052139547,0.026840227,0.07547204,0.23053852,0.0051052314
1779830650050291396,1779830651052738791,0.0,0.0,-0.32608607,-0.099329665,0.012539915,0.08024859,0.23507024,0.0068527274
1779830651052738791,1779830652062911919,0.6973179575350019,0.0188464312850095,-0.40419418,-0.14424762,-0.05686398,0.011554276,0.21425784,0.0049162586
1779830652062911919,1779830653086367295,0.0,0.0,-0.4151678,-0.19378772,-0.062330764,0.0042412924,0.18429309,0.003710649
1779830653086367295,1779830654094332219,0.0,0.0,-0.32441908,-0.05959912,0.05746196,0.118926845,0.29635015,0.0073536597
1779830654094332219,1779830655104621125,0.0,0.0,-0.33803824,-0.1281262,-0.011579096,0.055105913,0.2195938,0.0022238684
1779830655104621125,1779830656114481558,0.0,0.0,-0.25421324,-0.07694859,0.0009395675,0.061857004,0.24482192,0.007119875
1779830656114481558,1779830657132354499,0.0,0.0,-0.2780814,-0.098539256,0.050878946,0.10220893,0.2756782,0.008739442
1779830657132354499,1779830658152277502,0.0,0.0,-0.35105357,-0.107285164,0.01488411,0.06769113,0.29904887,0.0071943305
1779830658152277502,1779830659154278310,0.0,0.0,-0.342411,-0.0505141,0.04763113,0.09717926,0.30196938,0.007690279
1779830659154278310,1779830660172481355,0.0,0.0,-0.3217892,-0.08530714,0.03462452,0.0876462,0.29624203,0.009890643
1779830660172481355,1779830661197119233,0.0,0.0,-0.45909116,-0.14902769,-0.04197632,0.020449432,0.2232127,0.006404983
1779830661197119233,1779830662216356942,0.0,0.0,-0.46737358,-0.20132126,-0.09102941,-0.021406611,0.15674002,0.0037681265
1779830662216356942,1779830663218856626,0.0,0.0,-0.25959128,-0.0261435,0.07262474,0.1214526,0.2938406,0.003103837
1779830663218856626,1779830664248514995,0.0,0.0,-0.32866326,-0.030186648,0.053173546,0.11938575,0.3217226,0.005143366
1779830664248514995,1779830665272265515,0.0,0.0,-0.44916585,-0.14788793,-0.031865563,0.04639607,0.19711424,0.004837222
1779830665272265515,1779830666282316457,-0.8946809251424435,0.023544234872362402,-0.29662186,-0.08952795,0.012944579,0.07840225,0.23362029,0.0043710177
1779830668402456924,1779830669416242288,0.0,0.0,-0.27836555,-0.09087657,0.011552829,0.06354336,0.25574493,0.0006482888
1779830671490124333,1779830672494403146,0.0,0.0,-0.35579032,-0.1532015,-0.05374458,0.028761094,0.24887514,0.007050001
1779830672494403146,1779830673508403978,0.0,0.0,-0.30753124,-0.12021273,-0.010694348,0.062115777,0.24993403,0.0029741663
1779830673508403978,1779830674524155875,0.0,0.0,-0.2781181,-0.0073712324,0.105872184,0.16210076,0.42406344,0.0044202954
1779830674524155875,1779830675536148701,0.0,0.0,-0.36613783,-0.10526161,-0.0107298065,0.06218646,0.29879713,0.006054213
1779830675536148701,1779830676543444033,0.0,0.0,-0.39515194,-0.13458821,-0.021684725,0.041789513,0.20362957,0.005829727
1779830676543444033,1779830677552202599,0.0,0.0,-0.34645075,-0.09976172,-0.0034420872,0.060085714,0.29624578,0.0020660197
1779830677552202599,1779830678552616234,0.0,0.0,-0.43480763,-0.1932248,-0.03363571,0.056187477,0.27259701,0.0047867782
1779830678552616234,1779830679570621815,-0.07894627771706587,0.002077533623964643,-0.2891482,-0.12105897,-0.008274292,0.058683883,0.23329072,0.0026998576
1779830679570621815,1779830680574222804,0.0,0.0,-0.34261632,-0.15618385,-0.049540777,0.00791255,0.18724549,0.0038303593
1779830680574222804,1779830681590218080,0.0,0.0,-0.51335853,-0.26334223,-0.12432664,-0.035665214,0.19465156,0.0023938755
1779830681590218080,1779830682596804879,0.0,0.0,-0.29024085,-0.045596447,0.04554172,0.10420113,0.32133755,0.0071609044
1779830682596804879,1779830683616415517,0.0,0.0,-0.3738132,-0.14341897,-0.008259758,0.05376602,0.22085139,0.0071148053
1779830683616415517,1779830684630143345,0.0,0.0,-0.37073636,-0.108693406,-0.003611446,0.06614544,0.23348564,0.0066645425
1779830684630143345,1779830685652202288,0.0,0.0,-0.2660509,-0.031308006,0.073740035,0.12792094,0.30940834,0.011449134
1779830686674749019,1779830687678469440,0.0,0.0,-0.42776865,-0.22618036,-0.08787052,-0.0041182158,0.1947953,0.0048492914
1779830687678469440,1779830688690821143,0.0,0.0,-0.26738104,-0.06493987,0.036100227,0.09099829,0.28060025,0.0058300975
1779830689697456967,1779830690708382506,0.0,0.0,-0.40700203,-0.19246824,-0.04887356,0.02351114,0.23781697,0.0006698122
1779830690708382506,1779830691730513024,0.0,0.0,-0.35824794,-0.1208497,-0.018643593,0.039397966,0.22304344,0.008675658
1779830691730513024,1779830692742359560,0.0,0.0,-0.41503808,-0.19556798,-0.059527013,0.007952861,0.20649122,0.0031169052
1779830692742359560,1779830693750636492,0.0,0.0,-0.31038642,-0.07710029,0.021993862,0.08117255,0.27133438,0.006849084
1779830694756731237,1779830695768233249,0.0,0.0,-0.27302134,-0.06147443,0.05965947,0.11908772,0.3160278,0.0032789768
1779830696772567314,1779830697784325903,0.0,0.0,-0.45842543,-0.18151926,-0.049524494,0.02816855,0.15890291,0.007228133
1779830697784325903,1779830698798996342,0.0,0.0,-0.4553901,-0.23426467,-0.042741,0.021618847,0.24663907,0.0011025581
1779830698798996342,1779830699839625714,-0.8881885728864395,0.02537681636839904,-0.25428808,-0.026037686,0.08040873,0.14704758,0.32484403,0.0034106178
1779830699839625714,1779830700860310184,-0.24344323480755253,0.009363201339049545,-0.37974268,-0.15443397,-0.007130561,0.058941677,0.19849847,0.0065890388
1779830700860310184,1779830701866647082,0.42108726052881545,0.011081243698547228,-0.30546618,-0.05613844,0.041504778,0.11078009,0.27228832,0.0065658833
1779830701866647082,1779830702874209629,0.5789660326179056,0.012865911835765095,-0.3675524,-0.13672997,0.013034717,0.07262915,0.20770428,0.008283592
1779830711386543518,1779830712411006556,0.0,0.0,-0.43017343,-0.19915976,-0.110780716,-0.047129374,0.1356608,0.004395119
1779830714636324796,1779830715650587563,0.0,0.0,-0.2941762,-0.047343545,0.03085165,0.09170876,0.3218659,0.0047077574
1779830715650587563,1779830716670641129,0.0,0.0,-0.29030818,-0.078927636,0.00023080371,0.059409328,0.20729135,0.006839829
1779830716670641129,1779830717686255727,0.0,0.0,-0.41633794,-0.19587791,-0.068096474,0.00397559,0.19945224,0.0053288075
1779830718686585964,1779830719711472673,0.0,0.0,-0.3566272,-0.09120822,-0.013470711,0.0637803,0.25566056,0.0055146525
1779830719711472673,1779830720726414472,0.0,0.0,-0.319498,-0.107786894,-0.017400486,0.04574327,0.21649274,0.0048689353
1779830720726414472,1779830721746428741,0.0,0.0,-0.25610444,-0.041510843,0.039623637,0.09805042,0.23220962,0.006351612
1779830721746428741,1779830722752456378,0.0,0.0,-0.4137337,-0.1875536,-0.03449272,0.035068166,0.23114121,-0.0012756914
1779830722752456378,1779830723756469142,0.0,0.0,-0.26696515,-0.040121283,0.07019955,0.12234528,0.28646156,0.011738868
1779830723756469142,1779830724772307105,0.0,0.0,-0.2963406,-0.09501062,-0.02738733,0.05485148,0.22497308,0.0044659325
1779830724772307105,1779830725792244122,0.0,0.0,-0.3284382,-0.08132777,0.043993883,0.09980359,0.2750178,0.00144129
1779830725792244122,1779830726793037825,0.0,0.0,-0.28931433,-0.08426279,0.0016709592,0.057861492,0.24462688,0.008346223
1779830726793037825,1779830727808617883,0.0,0.0,-0.45131502,-0.21833923,-0.08224739,-0.014254076,0.16157183,0.008368407
1779830727808617883,1779830728832320451,0.0,0.0,-0.44634676,-0.17988676,-0.08608215,-0.0039223568,0.15814883,0.004145769
1779830729834621549,1779830730854306399,0.0,0.0,-0.31456444,-0.14973244,-0.009848441,0.04662125,0.26023743,0.0025640845
1779830731858320477,1779830732864352337,0.0,0.0,-0.45588854,-0.18516152,-0.08488696,-0.02503868,0.16823752,0.005594321
1779830732864352337,1779830733888144570,0.0,0.0,-0.41380563,-0.18831684,-0.056435753,0.0064921766,0.20844734,0.0016192204
1779830734908330458,1779830735918308156,0.0,0.0,-0.274498,-0.08066578,0.020106003,0.08027271,0.23795302,0.004803699
1779830735918308156,1779830736936459303,0.6445731546707061,0.016962451438772813,-0.32870844,-0.10358428,0.0046721073,0.06448908,0.21973446,0.006758714
1779830736936459303,1779830737960404423,0.0,0.0,-0.119497135,0.022824805,0.13804029,0.2144149,0.35054755,0.0039497814
1779830737960404423,1779830738964923938,0.0,0.0,-0.4392827,-0.2348309,-0.10102794,-0.03888522,0.1380899,0.0023984858
1779830738964923938,1779830739988596789,0.0,0.0,-0.2982623,-0.12500052,-0.02938672,0.029696884,0.20424747,0.0040022233
1779830739988596789,1779830741002885772,-0.6314181851852136,0.016616268031218562,-0.33336976,-0.098876014,0.0030511625,0.061318766,0.27099267,0.0026955672
1779830741002885772,1779830742010367569,0.0,0.0,-0.46167475,-0.19197573,-0.101013035,-0.038549352,0.13287593,0.0036501202
1779830742010367569,1779830743020731815,0.0,0.0,-0.31664136,-0.06613751,0.016997337,0.10850653,0.25075588,0.0065226466
1779830745038744671,1779830746044798254,0.0,0.0,-0.4237703,-0.18195714,-0.085485086,-0.018792469,0.20262401,0.0052116513
1779830746044798254,1779830747052628499,0.0,0.0,-0.51889694,-0.25665802,-0.12857227,-0.05984166,0.14164457,0.0043671327
1779830747052628499,1779830748052652343,0.0,0.0,-0.32896462,-0.12831791,-0.0029772138,0.055214386,0.30772224,0.0031299877
1779830748052652343,1779830749054198591,0.0,0.0,-0.2556118,-0.032295723,0.06585027,0.12078891,0.32414094,0.00827076
1779830749054198591,1779830750064758372,0.0,0.0,-0.44740143,-0.16393672,-0.06841506,0.0052928557,0.15007341,0.004706141
1779830750064758372,1779830751090678320,0.026309887057428104,0.0006923654487161158,-0.26410258,-0.08826161,0.05640405,0.10664834,0.27538037,0.008512741
1779830751090678320,1779830752094351413,0.0,0.0,-0.31797147,-0.08466486,0.011376985,0.06224835,0.21324797,0.009014226
1779830752094351413,1779830753104502538,0.0,0.0,-0.29361013,-0.06498736,0.049875855,0.118930206,0.31509978,0.005127576
1779830753104502538,1779830754120441402,0.0,0.0,-0.3234703,-0.12821989,-0.046182156,0.013056902,0.2136047,0.005033341
1779830756145381330,1779830757154547283,0.0,0.0,-0.3318768,-0.14255695,-0.023723748,0.03420145,0.24495326,0.0063827867
1779830757154547283,1779830758168451438,0.0,0.0,-0.42435008,-0.17230402,-0.083759844,-0.011233614,0.17162889,0.0062376084
1779830758168451438,1779830759172525309,0.0,0.0,-0.42483956,-0.1785414,-0.05373775,0.0061802394,0.24827388,0.007001718
1779830759172525309,1779830760180563016,0.0,0.0,-0.43022797,-0.20565256,-0.07112146,-0.009709759,0.18885869,0.0027672146
1779830822665296427,1779830823688294017,0.0,0.0,-0.24961346,-0.022247015,0.08881674,0.15317115,0.3325376,0.003265874
1779830887960606827,1779830888968376027,0.0,0.0,-0.44297403,-0.19229522,-0.08379192,-0.00712053,0.18207413,0.00048692923
1779830891002637899,1779830892028287820,0.0,0.0,-0.33578512,-0.13241799,-0.017824465,0.041611455,0.2668723,0.0041232957
1779830892028287820,1779830893050138321,0.0,0.0,-0.36148787,-0.08216498,0.001205386,0.081184916,0.2312593,0.0064849723
1779830893050138321,1779830894050244120,0.0,0.0,-0.41117376,-0.19596133,-0.08981726,-0.021581545,0.1779673,0.0067099743
1779830894050244120,1779830895068126957,0.0,0.0,-0.44029117,-0.19473283,-0.08631287,-0.009637956,0.19455008,0.0049021984
1779830895068126957,1779830896080425284,0.0,0.0,-0.2762014,-0.060530312,0.02938483,0.08618085,0.2588321,0.005218753
1779830896080425284,1779830897084368809,0.0,0.0,-0.35504842,-0.1173213,-0.014260282,0.054212417,0.26652253,0.009141725
1779830897084368809,1779830898098454258,0.0,0.0,-0.30525327,-0.08440184,0.04501092,0.09142276,0.28941572,0.0041110986
1779830901390552583,1779830902400206750,0.0,0.0,-0.43527502,-0.2012532,-0.049586825,0.033237275,0.22331455,0.0058748345
1779830902400206750,1779830903404152285,0.0,0.0,-0.42334425,-0.19301948,-0.07823541,-0.009462579,0.14884889,0.0038837749
1779830903404152285,1779830904418260653,0.0,0.0,-0.29905668,-0.08841394,0.025639623,0.08020191,0.28184617,0.003064652
1779830906638242955,1779830907660768632,0.0,0.0,-0.35131612,-0.1534591,-0.055768885,0.011567292,0.22671343,0.006727821
1779830908665388731,1779830909684332353,0.0,0.0,-0.37865016,-0.12877811,-0.048102394,0.044100396,0.22048949,0.004263335
1779830909684332353,1779830910686281473,0.0,0.0,-0.34802777,-0.058860335,0.038018927,0.10262656,0.3371119,0.0026972434
1779830910686281473,1779830911694188189,0.0,0.0,-0.31252226,-0.10790706,-0.008179465,0.04368176,0.24623597,0.0022444786
1779830911694188189,1779830912706250797,0.0,0.0,-0.33684316,-0.11170647,-0.0011178374,0.06375107,0.24646343,0.0011334076
1779830912706250797,1779830913732307187,0.0,0.0,-0.4213229,-0.16416892,-0.05873621,0.0025956202,0.18200438,0.0064588976
1779830913732307187,1779830914740289788,0.0,0.0,-0.36820805,-0.12864062,-0.013837818,0.04905827,0.21598217,0.0038682548
1779830914740289788,1779830915760641135,-0.4999279710092155,0.013155999236914045,-0.3528907,-0.1154316,-0.013411459,0.050229408,0.25288486,0.006259595
1779830915760641135,1779830916786211551,0.0,0.0,-0.3513531,-0.13816485,-0.021582223,0.038530994,0.18766476,0.008706496
1779830916786211551,1779830917796363962,0.0,0.0,-0.4178044,-0.22085623,-0.08409681,-0.01794059,0.18257338,0.0031759175
1779830917796363962,1779830918800322775,0.0,0.0,-0.35847893,-0.13393825,-0.035148088,0.027629845,0.24357876,0.0033353881
1779830920805402322,1779830921810253449,0.0,0.0,-0.50384134,-0.17518593,-0.03782125,0.04108656,0.22624987,0.0015915892
1779830922810575713,1779830923812174272,0.0,0.0,-0.34111103,-0.11018038,0.023426507,0.08754067,0.25226188,0.0030703251
1779830923812174272,1779830924836402462,0.0,0.0,-0.37305653,-0.12393452,-0.020331372,0.039943762,0.23217633,0.004851735
1779830924836402462,1779830925844716006,0.0,0.0,-0.37006766,-0.17919032,-0.059068814,0.017937489,0.2066421,0.004179657
1779830925844716006,1779830926868443103,0.0,0.0,-0.36042318,-0.15444727,-0.060420092,0.02375181,0.18207999,0.0062168613
1779830926868443103,1779830927892464655,0.0,0.0,-0.19078724,0.024798207,0.112622425,0.19065148,0.32060707,0.008061014
1779830927892464655,1779830928918200872,0.0,0.0,-0.46195075,-0.16110395,-0.049850103,0.015217602,0.17450435,0.0030482088
1779830929922393209,1779830930930227529,0.0,0.0,-0.29386422,-0.050097678,0.035985738,0.10448405,0.27950913,0.008041273
1779830930930227529,1779830931930420885,0.0,0.0,-0.38572577,-0.17382722,-0.070735015,-0.00649206,0.18514292,0.007190248
1779830931930420885,1779830932938301697,0.0,0.0,-0.4960916,-0.20820218,-0.09251972,-0.03002333,0.15281007,0.0039225407
1779830932938301697,1779830933948392161,0.0,0.0,-0.2807075,-0.062204234,0.06948524,0.1256405,0.32015058,0.0007128159
1779830933948392161,1779830934954302182,0.0,0.0,-0.33477798,-0.08018143,0.03335053,0.09111733,0.23685712,0.008242296
1779830935972287882,1779830936976225745,0.0,0.0,-0.33037958,-0.0631299,0.036990877,0.09554154,0.29800278,0.009241363
1779830936976225745,1779830937992755244,0.0,0.0,-0.39801648,-0.17647079,-0.06060067,0.016648846,0.18349922,0.0040666526
1779830938998260884,1779830940012217842,0.0,0.0,-0.392155,-0.1443234,-0.04426859,0.027818495,0.23359309,0.0021696708
1779830940012217842,1779830941022350115,1.7496385659710603,0.058321285532514366,-0.42719808,-0.23240303,-0.08209889,-0.008784584,0.23163319,0.004243458
1779830941022350115,1779830942057621645,0.0,0.0,-0.3599629,-0.14677614,-0.0253181,0.033704154,0.18447281,0.008324384
1779830942057621645,1779830943082291141,0.0,0.0,-0.38902032,-0.11257359,-0.023890283,0.06235997,0.22266264,0.0076619093
1779830945110757556,1779830946132632532,0.0,0.0,-0.36476785,-0.10998828,-0.017302698,0.055287167,0.27616936,0.0017458856
1779830946132632532,1779830947154200238,0.0,0.0,-0.41132164,-0.1562238,-0.047587413,0.023875937,0.15440363,0.0073085297
1779831061462398974,1779831062472981940,0.0,0.0,-0.42702842,-0.15104683,-0.028389042,0.0390299,0.21053758,0.004241069
1779831131015545182,1779831132042363980,0.0,0.0,-0.29203176,-0.052219212,0.03551461,0.09561311,0.31724098,0.008291388
1779831132042363980,1779831133052671004,0.0,0.0,-0.30448437,-0.06816382,0.043859,0.10755021,0.34820724,0.0047366344
1779831133052671004,1779831134060374748,0.0,0.0,-0.49251235,-0.252984,-0.08457428,-0.022514956,0.21087947,0.002364836
1779831134060374748,1779831135060926347,0.0,0.0,-0.24361208,-0.007019615,0.09496887,0.14223439,0.33477148,0.005778707
1779831135060926347,1779831136068759934,0.0,0.0,-0.2604845,-0.08196856,0.0135873025,0.08412205,0.28011322,0.006617216
1779831136068759934,1779831137076649155,0.0,0.0,-0.34464234,-0.11875658,-0.0222894,0.0516764,0.20376037,0.0031474752
1779831138080497146,1779831139104608487,0.0,0.0,-0.4390513,-0.1767491,-0.06795599,0.0089509105,0.20534074,0.0031814862
1779831139104608487,1779831140128501743,0.0,0.0,-0.46241352,-0.17175154,-0.04585081,0.018718475,0.17152163,0.0059604277
1779831141132487182,1779831142142729052,0.0,0.0,-0.3683198,-0.11065508,0.012589347,0.073383845,0.27557322,0.005413028
1779831142142729052,1779831143168688580,0.0,0.0,-0.35145405,-0.116577566,-0.004348086,0.093421005,0.21741392,0.0040146895
1779831143168688580,1779831144170350434,0.0,0.0,-0.4042921,-0.17882471,-0.07238157,0.00047523077,0.2150576,0.003140984
1779831144170350434,1779831145186593794,0.0,0.0,-0.31019682,-0.05481425,0.047256533,0.11210403,0.2705604,0.0053583705
1779831146188595880,1779831147198420747,0.0,0.0,-0.40667337,-0.16584389,-0.04713768,0.017704654,0.20712592,0.003035978
1779831147198420747,1779831148208681753,0.0,0.0,-0.3233303,-0.07983401,0.0027318771,0.06679211,0.31825122,0.0037666361
1779831148208681753,1779831149210719405,0.0,0.0,-0.3716569,-0.17076528,-0.056722846,0.009902795,0.20857008,0.0003858812
1779831149210719405,1779831150245349928,0.0,0.0,-0.29043487,-0.10976787,-0.010958837,0.04227193,0.20965123,0.005674485
1779831150245349928,1779831151268655712,0.0,0.0,-0.38333917,-0.11262544,-0.009428544,0.06690261,0.24160571,0.007406133
1779831151268655712,1779831152276476170,0.0,0.0,-0.32867178,-0.11597033,-0.017565133,0.053732265,0.2433123,0.0063122334
1779831153290886450,1779831154304552261,0.0,0.0,-0.38287607,-0.14364482,-0.032077096,0.039977655,0.23463649,0.0043154513
1779831154304552261,1779831155310535608,0.0,0.0,-0.31927496,-0.06564926,0.035927232,0.098819725,0.27772912,0.002884097
1779831155310535608,1779831156330504335,0.0,0.0,-0.36317456,-0.09456817,-0.010564833,0.054497294,0.20917815,0.0046221833
1779831156330504335,1779831157332788179,0.0,0.0,-0.418058,-0.15813722,-0.035667174,0.029176444,0.20601122,0.0070310333
1779831157332788179,1779831158336758708,0.0,0.0,-0.4970598,-0.23215055,-0.12862302,-0.05838284,0.111766286,0.0048433626
1779831161620320980,1779831162634941462,0.0,0.0,-0.28602442,-0.084762886,0.008026086,0.084918365,0.23973621,0.003525266
1779831162634941462,1779831163656518269,0.0,0.0,-0.38111824,-0.14343151,-0.065994814,0.009336189,0.1727037,0.006822313
1779831163656518269,1779831164660540491,0.0,0.0,-0.38698503,-0.15156291,-0.05339049,0.016583903,0.22274989,0.0027375626
1779831165677864726,1779831166682494546,0.0,0.0,-0.36952358,-0.17938,-0.042641744,0.022744967,0.22380467,0.003299925
1779831166682494546,1779831167688515109,0.0,0.0,-0.45188013,-0.20261963,-0.09070348,-0.023592692,0.15994278,0.0053611435
1779831167688515109,1779831168710437886,0.0,0.0,-0.41998655,-0.17083916,-0.052619863,0.029416673,0.18456024,0.0031422705
1779831168710437886,1779831169716657641,-0.2498960958475937,0.006576213048734453,-0.39573953,-0.1282713,-0.026930038,0.058024388,0.21541367,0.005932409
1779831170731689809,1779831171741527144,-0.157842088201497,0.003946052204994999,-0.38515484,-0.18925251,-0.0029853552,0.06476701,0.22445075,0.0037494495
1779831171741527144,1779831172762855919,0.0,0.0,-0.46003088,-0.21923882,-0.08811194,-0.01894228,0.18334185,0.006083624
1779831173770930600,1779831174800713277,0.0,0.0,-0.5126934,-0.24512431,-0.10835504,-0.025314506,0.16556366,0.005541678
1779831174800713277,1779831175803180944,0.0,0.0,-0.3555755,-0.12943827,-0.026248172,0.06895495,0.26238897,0.0066609574
1779831175803180944,1779831176818980296,0.0,0.0,-0.3285025,-0.10309108,-0.014460853,0.08002028,0.2699981,0.00571314
1779831176818980296,1779831177840482910,0.0,0.0,-0.42805308,-0.1311933,-0.015861258,0.062049385,0.2177747,0.00503213
1779831178841801891,1779831179848980623,0.0,0.0,-0.32923222,-0.09219239,0.011541491,0.076956496,0.25857434,0.008044282
1779831182008534484,1779831183027807661,0.0,0.0,-0.40042898,-0.1213358,-0.010893963,0.07086369,0.22254917,0.006015362
1779831188383003794,1779831189394607899,0.0,0.0,-0.35637045,-0.17877787,-0.044503964,0.033606783,0.21383752,0.0050108484
1779831189394607899,1779831190408502757,0.0,0.0,-0.35390535,-0.13481806,-0.013593951,0.050258104,0.23330346,0.0054316362
1779831190408502757,1779831191416664215,0.0,0.0,-0.42300087,-0.19231468,-0.04042116,0.020970246,0.22716567,0.005850771
1779831191416664215,1779831192434548337,-0.5261935880574684,0.01384719968583762,-0.26370507,0.0011845311,0.12224196,0.16808254,0.38253075,0.0062633427
1779831192434548337,1779831193442814172,0.0,0.0,-0.31262854,-0.09902949,-0.008630669,0.066679105,0.30849013,0.004190628
1779831194444891200,1779831195450999861,0.0,0.0,-0.3596543,-0.12806988,-0.041197132,0.024697257,0.23054273,0.0077592866
1779831195450999861,1779831196456420720,0.0,0.0,-0.46185538,-0.18243584,-0.08059631,-0.009616075,0.16499405,0.003434078
1779831196456420720,1779831197468457840,0.0,0.0,-0.45910972,-0.20312952,-0.029505223,0.036667883,0.22413196,0.0025880933
1779831197468457840,1779831198474588293,0.0,0.0,-0.30814886,-0.08879964,0.0039982647,0.07362634,0.24282013,0.0044883452
1779831198474588293,1779831199478488573,0.0,0.0,-0.19419338,0.0021681762,0.11063715,0.16454752,0.33337504,0.0071080993
1779831199478488573,1779831200488333349,0.0,0.0,-0.27373478,-0.07872707,0.015737506,0.07881296,0.24925186,0.006081322
1779831200488333349,1779831201494295922,0.0,0.0,-0.37710178,-0.18098608,-0.05480065,0.0038471483,0.24489538,0.0026005462
1779831201494295922,1779831202514707419,0.0,0.0,-0.36365983,-0.13412471,-0.023380948,0.045947853,0.2776226,0.00639352
1779831204547500062,1779831205572565546,0.0,0.0,-0.36202827,-0.13535,0.012070189,0.06072895,0.24004327,0.01091896
1779831205572565546,1779831206576574091,0.0,0.0,-0.4211924,-0.22310223,-0.11451676,-0.05185329,0.14091413,0.006850482
1779831206576574091,1779831207604690670,0.0,0.0,-0.4873778,-0.22604223,-0.08986531,-0.017362813,0.18403463,0.002934547
1779831207604690670,1779831208608720479,0.0,0.0,-0.4351204,-0.162341,-0.07788181,-0.003955202,0.18452895,0.005742749
1779831208608720479,1779831209612318382,0.0,0.0,-0.35639772,-0.11807854,-0.010019573,0.057686627,0.24632613,0.009368843
1779831209612318382,1779831210634696072,0.0,0.0,-0.42211688,-0.1595988,-0.058490846,0.02388816,0.23532806,0.0032875643
1779831210634696072,1779831211644449096,0.0,0.0,-0.43789756,-0.17170975,-0.085949115,-0.020013439,0.20613715,0.0068746964
1779831211644449096,1779831212654743242,0.0,0.0,-0.5047585,-0.24938655,-0.08108712,-0.011436144,0.22850132,0.00011266248
1779831214696348401,1779831215702641412,0.0,0.0,-0.12915555,0.045636512,0.13162489,0.18610731,0.33659738,0.0070083854
1779831216714864959,1779831217732495356,0.0,0.0,-0.30837905,-0.074924916,0.037816092,0.10084813,0.33823946,0.0033771857
1779831217732495356,1779831218742665159,0.0,0.0,-0.47577766,-0.24153662,-0.10455637,-0.041406754,0.109020345,0.006747007
1779831218742665159,1779831219746349308,0.0,0.0,-0.2477728,-0.02885772,0.08884324,0.14255817,0.33180782,0.0047118515
1779831219746349308,1779831220754614347,0.0,0.0,-0.29373294,-0.08438997,0.013478735,0.07382945,0.26977834,0.0061342535
1779831220754614347,1779831221763000779,0.0,0.0,-0.26934367,-0.072288215,0.04770438,0.09882971,0.30217898,0.0056844587
1779831221763000779,1779831222766485121,0.0,0.0,-0.3632819,-0.12716025,-0.024187127,0.040385935,0.201967,0.0085042305
1779831222766485121,1779831223774763928,0.0,0.0,-0.37301677,-0.112829514,-0.021602798,0.04679684,0.26817623,0.0059388583
1779831225808506075,1779831226834590644,0.0,0.0,-0.42829353,-0.1902866,-0.07470734,-0.0069542974,0.16896161,0.0035959277
1779831227857069049,1779831228882545632,0.0,0.0,-0.36882657,-0.15600449,-0.06797862,-0.004867686,0.253452,0.0030142386
1779831228882545632,1779831229894858005,0.0,0.0,-0.33687636,-0.12766701,-0.03507066,0.042118713,0.27025375,0.0065629734
1779831229894858005,1779831230922741077,0.0,0.0,-0.42465597,-0.17994806,-0.09223009,-0.016502442,0.1535956,0.0069944574
1779831230922741077,1779831231932492549,0.0,0.0,-0.32985696,-0.13041367,-0.01874789,0.045390952,0.2750694,0.0016343802
1779831232954596267,1779831233954771205,0.0,0.0,-0.38328883,-0.12155909,-0.045143608,0.024420848,0.25637013,0.0041992436
1779831233954771205,1779831234967020055,0.0,0.0,-0.3563309,-0.15105563,-0.019074198,0.07039702,0.26540595,0.0030080958
1779831237202230446,1779831238212818652,0.0,0.0,-0.33459008,-0.090575874,-0.009143387,0.061151225,0.30344656,0.007181661
1779831238212818652,1779831239220736129,0.0,0.0,-0.31322685,-0.10031932,-0.002557293,0.071539864,0.22538997,0.003106282
1779831239220736129,1779831240225540254,0.0,0.0,-0.44293424,-0.21218064,-0.07609988,-0.015419619,0.19138195,0.0047892774
1779831240225540254,1779831241248558419,0.0,0.0,-0.50984854,-0.24656165,-0.10492765,-0.04177575,0.1786088,0.0060115694
1779831241248558419,1779831242248838453,0.0,0.0,-0.43699098,-0.19970836,-0.046208236,0.021599812,0.22338696,0.0047900123
1779831249289022507,1779831250293154413,0.0,0.0,-0.4331036,-0.21058972,-0.08763025,0.0048213108,0.15356742,0.003506079
1779831250293154413,1779831251308794460,0.0,0.0,-0.37191996,-0.16718602,-0.027210018,0.030926064,0.23110911,0.0048382157
1779831252313811475,1779831253336920452,0.0,0.0,-0.34193143,-0.14524145,-0.028607717,0.040973466,0.26468906,0.0024318702
1779831254344988499,1779831255346352224,0.0,0.0,-0.31182396,-0.12914369,-0.0179966,0.03155458,0.20785852,0.00080783886
1779831255346352224,1779831256360511882,0.0,0.0,-0.37228227,-0.15017828,-0.0330256,0.03707131,0.23066075,0.0048904866
1779831256360511882,1779831257362703676,0.0,0.0,-0.4643016,-0.24880043,-0.117355965,-0.04234098,0.17173858,0.0036564253
1779831258367849572,1779831259394872134,0.0,0.0,-0.53581864,-0.25898775,-0.11178775,-0.031779435,0.1548706,0.005699349
1779831259394872134,1779831260400721642,0.0,0.0,-0.34965837,-0.12329376,-0.032579362,0.04252401,0.21590117,0.0070303353
1779831260400721642,1779831261424524915,0.0,0.0,-0.33865085,-0.101847164,-0.030201087,0.05253453,0.21689324,0.0060634124
1779831261424524915,1779831262447056203,0.0,0.0,-0.37540302,-0.15848866,-0.058280036,0.010938052,0.19888093,0.003791221
1779831262447056203,1779831263472527342,0.0,0.0,-0.34523502,-0.104305685,-0.028666316,0.04292816,0.19874497,0.0049115913
1779831263472527342,1779831264478449276,0.0,0.0,-0.38339692,-0.17595935,-0.039998673,0.013109296,0.19264616,0.006930216
1779831264478449276,1779831265480638292,0.0,0.0,-0.37829727,-0.1472515,-0.036240287,0.02291176,0.1959747,0.0047509763
1779831265480638292,1779831266484814320,-2.052419592812618,0.054011041915894745,-0.49075228,-0.19839676,-0.07148817,-0.00978268,0.19739087,0.00653623
1779831266484814320,1779831267510340455,0.0,0.0,-0.25979736,-0.04914885,0.0358039,0.093757674,0.22892644,0.0034545418
1779831269638518483,1779831270660705122,0.0,0.0,-0.40910766,-0.2207568,-0.06532123,0.010352248,0.19183114,0.0067907325
1779831271676625827,1779831272698944100,0.0,0.0,-0.38278297,-0.12736994,-0.011416059,0.049797684,0.22917835,0.008944929
1779831273706686763,1779831274722327725,-0.23687187009565122,0.005508648141463302,-0.22078381,-0.027327448,0.06589896,0.12588137,0.2812657,0.0061769187
1779831274722327725,1779831275724486370,-0.579043748892438,0.015237993392004438,-0.28683513,-0.03883488,0.04298459,0.09683067,0.29397532,0.0065827137
1779831275724486370,1779831276744414865,0.0,0.0,-0.43949854,-0.19291429,-0.0842975,-0.01127523,0.17786466,0.0010022557
1779831277753682011,1779831278754857923,-1.3030104825240998,0.03428974953990112,-0.19196592,-0.04818668,0.0708519,0.14687282,0.2896295,0.0026939171
1779831278754857923,1779831279766564992,0.0,0.0,-0.42886764,-0.16961665,-0.03447238,0.032948524,0.24990219,0.007489984
1779831281793109766,1779831282800382389,-0.5923531163455211,0.018511034885482225,-0.2877358,-0.043992832,0.03961722,0.09657024,0.29944047,0.0070676813
1779831283812681823,1779831284830303228,0.0,0.0,-0.37045977,-0.13946432,-0.037173603,0.03807874,0.25244644,0.0048106653
1779831284830303228,1779831285839605729,0.0,0.0,-0.3934709,-0.17898528,-0.083652064,-0.0076988456,0.20319204,0.0034571632
1779831285839605729,1779831286848539423,-0.17113076628873694,0.00450344121806866,-0.38637716,-0.105664805,0.007533616,0.082271844,0.22625351,0.006075755
1779831286848539423,1779831287853128369,0.0,0.0,-0.34723195,-0.08081704,0.03656067,0.095250055,0.23722719,0.00870915
1779831287853128369,1779831288889256766,-0.5792335556880829,0.014852142453783483,-0.3913881,-0.17451009,-0.051576488,0.0035246203,0.19827168,0.0020220347
1779831288889256766,1779831289902846894,0.0,0.0,-0.3526897,-0.083962396,0.0049991375,0.08683627,0.22685532,0.008162699
1779831289902846894,1779831290920401146,0.0,0.0,-0.51395494,-0.23181793,-0.09829607,-0.034899976,0.20911582,0.0062262574
1779831290920401146,1779831291920461691,0.0,0.0,-0.32634506,-0.10672271,0.009037689,0.073624566,0.26130554,0.0067384886
1779831292922674795,1779831293936402150,1.2505759247531327,0.03290989275668054,-0.25407046,-0.013957652,0.103752516,0.16297811,0.38150457,0.0040282505
1779831293936402150,1779831294948360366,0.09214151356860172,0.0024247766727825137,-0.44349593,-0.19099243,-0.030467397,0.048419323,0.2538244,0.008416507
1779831295968587251,1779831296972758027,0.0,0.0,-0.3753241,-0.17876692,-0.05658225,0.008064996,0.18906379,0.003959823
1779831296972758027,1779831297974369004,0.0,0.0,-0.36644748,-0.13373649,-0.01821581,0.04288153,0.27890807,0.0034972718
1779831297974369004,1779831298978615779,0.0,0.0,-0.35640317,-0.1339769,-0.048360888,0.021026023,0.22374026,0.0038416372
1779831298978615779,1779831299992471398,0.0,0.0,-0.24687946,-0.037584122,0.056053225,0.12780519,0.28520647,0.0050089094
1779831299992471398,1779831301018286627,0.0,0.0,-0.33531636,-0.07378186,0.017798735,0.08857072,0.23091544,0.0032518124
1779831302039332204,1779831303060315627,0.6711974691793238,0.017663091294145852,-0.42783692,-0.2197578,-0.10594254,-0.020372638,0.12940371,0.0063276803
1779831303060315627,1779831304082688362,0.0,0.0,-0.3959065,-0.17151268,-0.06612529,-0.0030888133,0.19166365,0.0052949176
1779831309331079268,1779831310334762204,0.0,0.0,-0.29416355,-0.07202592,0.058095444,0.10984194,0.3450769,0.006666832
1779831310334762204,1779831311348432151,0.0,0.0,-0.34712228,-0.11954771,0.010881693,0.08057662,0.3090009,0.005220071
1779831313465695466,1779831314468741188,0.0,0.0,-0.4386999,-0.18915425,-0.09164452,-0.02565341,0.16572718,0.006282569
1779831315480295520,1779831316480482980,0.6710755896794275,0.018137178099337733,-0.24841373,-0.004165594,0.09799796,0.166445,0.32433456,0.0054256483
1779831316480482980,1779831317495120215,0.0,0.0,-0.32227764,-0.09897805,0.033269513,0.096053086,0.22559163,0.008162857
1779831317495120215,1779831318526565019,0.0,0.0,-0.30512172,-0.10835198,-0.016964165,0.059593894,0.22854659,0.006227164
1779831318526565019,1779831319615707737,0.0,0.0,-0.26968554,-0.014189016,0.06571801,0.116638266,0.31880894,0.005160077
1779831319615707737,1779831320636618110,0.0,0.0,-0.41036052,-0.15208314,-0.060147017,0.021427374,0.1823423,0.005954332
1779831320636618110,1779831321636667022,0.0,0.0,-0.4850906,-0.22224739,-0.06980592,0.009598905,0.19566607,0.003475452
1779831324674393168,1779831325688842078,0.0,0.0,-0.317963,-0.06583612,0.017560095,0.078045666,0.31064314,0.0043556183
1779831325688842078,1779831326713646984,0.0,0.0,-0.36652967,-0.13996542,-0.042705264,0.020450646,0.22581631,0.0071948813
1779831327726782919,1779831328733726182,0.0,0.0,-0.38354683,-0.12794769,-0.036492553,0.0457617,0.22107217,0.007121309
1779831328733726182,1779831329747119631,0.0,0.0,-0.31169885,-0.11072501,-0.001386945,0.047192127,0.20079003,0.0036864467
1779831329747119631,1779831330763150463,0.0,0.0,-0.38644248,-0.122524574,-0.032587506,0.053523414,0.21187632,0.007836442
1779831330763150463,1779831331788576784,0.0,0.0,-0.45426798,-0.15924819,-0.059086777,0.011516391,0.18757291,0.0073296963
1779831331788576784,1779831332811291527,0.0,0.0,-0.3067367,-0.05298746,0.054471612,0.113479026,0.3437234,0.011484671
1779831332811291527,1779831333824969755,0.0,0.0,-0.46475524,-0.22280644,-0.132442,-0.064725205,0.11925791,0.005474386
1779831333824969755,1779831334845165476,0.0,0.0,-0.35931584,-0.17548582,-0.05458573,0.007989718,0.21390301,0.0018966363
1779831334845165476,1779831335850991929,0.0,0.0,-0.41125736,-0.16233,-0.064866945,0.008120213,0.19395672,0.0012148325
1779831335850991929,1779831336876822908,0.0,0.0,-0.46188357,-0.20212981,-0.096820034,-0.032625295,0.18454373,0.004829382
1779831336876822908,1779831337878733244,0.0,0.0,-0.38176045,-0.10332422,0.0032185616,0.067011155,0.24758177,0.001997946
1779831337878733244,1779831338902586305,0.0,0.0,-0.3948399,-0.09990133,0.012345642,0.1066796,0.28137305,0.0034410479
1779831338902586305,1779831339922650216,0.0,0.0,-0.3776649,-0.08872051,0.026726948,0.09850998,0.29757544,0.0052086907
1779831339922650216,1779831340926723414,0.0,0.0,-0.36103138,-0.08299089,0.019899834,0.07865379,0.2623958,0.0062684207
1779831340926723414,1779831341950965786,0.0,0.0,-0.3217366,-0.14558588,-0.04974527,0.0077559985,0.18054178,0.005621348
1779831341950965786,1779831342956565319,0.0,0.0,-0.41570598,-0.17982075,-0.081524566,-0.008393659,0.22221754,0.009056628
1779831342956565319,1779831343960472683,0.0,0.0,-0.45160913,-0.22127828,-0.08385607,-0.025999453,0.17767523,0.0020636593
1779831344972617852,1779831345974627467,0.0,0.0,-0.3677231,-0.11481264,-0.014612903,0.0755089,0.2093961,0.0041457685
1779831346992716076,1779831347995049015,0.0,0.0,-0.3226526,-0.05776916,0.024294201,0.085534446,0.34986815,0.004249492
1779831347995049015,1779831349016566193,0.0,0.0,-0.3063551,-0.054060206,0.03475145,0.08665002,0.27669486,0.0044536795
1779831349016566193,1779831350036799525,0.0,0.0,-0.38818175,-0.16123724,-0.032987084,0.03155367,0.21041287,0.006747784
1779831350036799525,1779831351046629189,0.0,0.0,-0.35912475,-0.104504645,0.022958484,0.07574568,0.2968492,0.0050699227
1779831351046629189,1779831352060843516,0.0,0.0,-0.29234198,-0.10755227,0.003916455,0.060117297,0.2268248,0.0062875357
1779831352060843516,1779831353066635909,0.0,0.0,-0.44240797,-0.18550684,-0.103065096,-0.014729868,0.14139235,0.0044376566
1779831353066635909,1779831354076942343,0.0,0.0,-0.4307009,-0.21940592,-0.09969883,-0.035438422,0.17155765,0.002943594
1779831354076942343,1779831355092889666,0.0,0.0,-0.26263562,8.607901e-06,0.11316042,0.16607712,0.36410722,0.0072584567
1779831355092889666,1779831356116842584,0.0,0.0,-0.46179357,-0.204692,-0.06215865,0.005914724,0.20090784,0.004658512
1779831356116842584,1779831357120628614,0.0,0.0,-0.37881225,-0.13493769,-0.020896927,0.07082184,0.20004505,0.0007118875
1779831357120628614,1779831358136579117,0.0,0.0,-0.26441893,-0.028444936,0.076237746,0.12807283,0.29734543,0.011605029
1779831359160837829,1779831360177306677,0.0,0.0,-0.40110675,-0.2196728,-0.0714173,-0.012093751,0.16680539,0.0036469072
1779831424704583252,1779831425710827934,0.0,0.0,-0.42910817,-0.1689608,-0.059870444,0.0008074164,0.23020433,0.0041204486
1779831425710827934,1779831426733052219,0.0,0.0,-0.45999572,-0.22007723,-0.111302204,-0.02981175,0.15001182,0.0021228606
1779831426733052219,1779831427758723224,0.0,0.0,-0.4105292,-0.15780726,-0.05221851,0.015908007,0.15550147,0.0076789046
1779831428770336287,1779831429784773579,0.0,0.0,-0.42087376,-0.12239172,-0.007636911,0.06851558,0.22943746,0.0053003416
1779831429784773579,1779831430802943781,0.0,0.0,-0.24475266,-0.018384095,0.09010944,0.16391687,0.30524197,0.004203664
1779831430802943781,1779831431818869362,0.0,0.0,-0.36664057,-0.077470735,0.015185433,0.07773352,0.30694932,0.0023351887
1779831432824738446,1779831433826806387,0.0,0.0,-0.36650103,-0.1173227,-0.015795544,0.0629169,0.24624535,0.0028736491
1779831434837879754,1779831435860635752,0.0,0.0,-0.3556879,-0.11190563,0.0035474347,0.07178894,0.21517384,0.004894499
1779831435860635752,1779831436870534881,0.0,0.0,-0.4397052,-0.1886985,-0.063426554,-0.008165935,0.17798372,0.003894228
1779831436870534881,1779831437876641112,0.0,0.0,-0.5184125,-0.2888787,-0.11363707,-0.039363205,0.1848902,0.0048968694
1779831437876641112,1779831438886632662,0.0,0.0,-0.42955995,-0.21920016,-0.044210482,0.039254874,0.23478737,0.0040291613
1779831438886632662,1779831439886756454,0.0,0.0,-0.41968012,-0.16428572,-0.052087314,0.030866764,0.17542002,0.0023279798
1779831439886756454,1779831440900471706,0.0,0.0,-0.31993237,-0.07518348,0.029315313,0.08783427,0.25766623,0.0036802897
1779831440900471706,1779831441914643411,0.0,0.0,-0.3459819,-0.10504114,-0.018364782,0.07392078,0.21787342,0.005520152
1779831441914643411,1779831442940928188,0.0,0.0,-0.49284235,-0.25490487,-0.058640797,0.00739337,0.2493358,0.00039912923
1779831442940928188,1779831443961137709,0.0,0.0,-0.4488633,-0.22739086,-0.05398544,-0.0007241367,0.19120069,0.003751211
1779831443961137709,1779831444962617044,0.0,0.0,-0.30633086,-0.043999974,0.04182467,0.09787192,0.2866367,0.004849276
1779831445981299878,1779831447002849158,0.0,0.0,-0.3391014,-0.12677246,-0.028858604,0.032344244,0.21246178,0.0054550595
1779831447002849158,1779831448008815589,0.0,0.0,-0.3445952,-0.10451512,-0.012913367,0.04955566,0.23171246,0.0053042625
1779831448008815589,1779831449015327686,0.0,0.0,-0.36527365,-0.13563444,-0.061233338,0.016648823,0.19870722,0.003268634
1779831449015327686,1779831450016684994,0.0,0.0,-0.34164232,-0.12315825,-0.051868014,0.019278012,0.21115276,0.008912105
1779831450016684994,1779831451020665798,0.0,0.0,-0.33965307,-0.09323966,0.024920246,0.09642794,0.23288056,0.00627937
1779831451020665798,1779831452024791228,0.0,0.0,-0.32108578,-0.1097337,-0.008205102,0.057974536,0.25220662,0.005057514
1779831452024791228,1779831453028617851,0.0,0.0,-0.29042137,-0.017925404,0.09433993,0.14246403,0.3135217,0.0051057716
1779831453028617851,1779831454032591103,0.0,0.0,-0.36003426,-0.15405378,-0.053684164,0.024183419,0.25276223,0.0065208804
1779831454032591103,1779831455056631051,0.0,0.0,-0.47583395,-0.24571037,-0.11991988,-0.048621714,0.13431083,0.0041143973
1779831455056631051,1779831456070992175,0.0,0.0,-0.3739055,-0.09070945,0.010192384,0.067270204,0.24447054,0.0058925403
1779831456070992175,1779831457093132093,0.0,0.0,-0.39120543,-0.1875052,-0.017204184,0.041357767,0.2547159,0.0068086013
1779831458106603187,1779831459107078082,0.0,0.0,-0.4569299,-0.19695017,-0.06847342,0.005396897,0.16792884,0.0042705927
1779831463359342061,1779831464359492355,0.0,0.0,-0.29930907,-0.0883559,0.011037708,0.07197231,0.27720317,0.006465343
1779831467640694375,1779831468648716738,0.0,0.0,-0.44981283,-0.2270408,-0.09916572,-0.010835924,0.13726695,0.002915652
1779831468648716738,1779831469668978481,0.0,0.0,-0.38067982,-0.15040392,-0.055439778,0.01293014,0.23564541,0.0059897224
1779831470683069565,1779831471694016416,0.0,0.0,-0.26544768,-0.07333352,0.013505936,0.074307226,0.20969129,0.0024882392
1779831471694016416,1779831472719507710,0.0,0.0,-0.28854698,-0.11188569,-0.013443278,0.046887513,0.21653669,0.003441932
1779831472719507710,1779831473724955505,0.0,0.0,-0.37355915,-0.117152594,0.0006180892,0.057258356,0.21505097,0.0077742026
1779831473724955505,1779831474764442200,0.0,0.0,-0.3394578,-0.107209794,-0.008735596,0.0525255,0.21023162,0.008869279
1779831474764442200,1779831475835705076,0.15790252809090316,0.0040487827713848335,-0.30611333,-0.08278853,0.00110706,0.0854545,0.2265685,0.0060107056
1779831475835705076,1779831476851052821,0.40790332433580034,0.010197583108606523,-0.4020057,-0.17452672,-0.02558387,0.040480647,0.1820102,0.007234456
1779831476851052821,1779831477867579187,0.0,0.0,-0.4474373,-0.20754975,-0.11375357,-0.042728357,0.09866217,0.0026937115
1779831477867579187,1779831478878723040,0.0,0.0,-0.37889397,-0.112880275,-0.012552069,0.06002098,0.2377898,0.0070474963
1779831487572399175,1779831488600795423,0.0,0.0,-0.36187127,-0.15310197,-0.058548655,-0.0034045996,0.19255754,0.003415241
1779831488600795423,1779831489625038529,0.0,0.0,-0.42195606,-0.1950428,-0.09645904,-0.034300502,0.1267481,0.005876775
1779831489625038529,1779831490627133041,0.0,0.0,-0.3520108,-0.07263025,-0.007124216,0.06796948,0.24889435,0.007921209
1779831490627133041,1779831491633921361,0.30254360247636936,0.008176854120887509,-0.39361018,-0.19219992,-0.055537917,0.02836968,0.1964365,0.00298889
1779831491633921361,1779831492636656530,0.0,0.0,-0.32468504,-0.07237394,0.0410319,0.10646571,0.2432369,0.011606228
1779831492636656530,1779831493657294580,0.0,0.0,-0.31513616,-0.12304298,0.0082450155,0.096570425,0.30251166,0.0023161469
1779831493657294580,1779831494678982310,0.0,0.0,-0.3843696,-0.1587334,-0.057034712,0.022080945,0.22437733,0.001525342
1779831494678982310,1779831495704528502,0.0,0.0,-0.41209337,-0.16874467,-0.065129615,0.008122312,0.17742954,0.005956265
1779831495704528502,1779831496731256021,0.0,0.0,-0.30588236,-0.08644642,0.0040955646,0.072238505,0.25656238,0.008979378
1779831497749507656,1779831498768582760,-0.7234890591879651,0.017646074614310555,-0.41099423,-0.16696663,-0.059864964,0.013069546,0.17182639,0.0075100297
1779831498768582760,1779831499784716596,0.0,0.0,-0.4282879,-0.18700194,-0.057333168,0.0038081913,0.18706913,0.006458695
1779831499784716596,1779831500800789671,0.0,0.0,-0.3276881,-0.09861759,0.026097942,0.08725759,0.29490456,0.006600221
1779831500800789671,1779831501814805637,0.0,0.0,-0.27532357,-0.040068284,0.06296511,0.12310112,0.3130751,0.00541134
1779831501814805637,1779831502821179097,0.0,0.0,-0.33917233,-0.13605896,-0.03820289,0.051670916,0.31115404,0.0074259564
1779831502821179097,1779831503822693087,0.0,0.0,-0.34230477,-0.16922984,-0.04160464,0.03969117,0.24888599,0.0055345106
1779831503822693087,1779831504848555014,0.0,0.0,-0.3813307,-0.17119442,-0.053541373,0.02560111,0.21135731,0.007249244
1779831504848555014,1779831505874740038,0.0,0.0,-0.3281242,-0.12987122,-0.014630235,0.049358517,0.22743233,0.010662341
1779831505874740038,1779831506890556724,-0.3946524592296796,0.010385591032315376,-0.51805943,-0.2453134,-0.101540804,-0.042782385,0.13338192,0.0038718218
1779831506890556724,1779831507914617301,-0.7630389212753054,0.02007997161248086,-0.22512996,-0.013619378,0.1003203,0.14684598,0.34179416,0.0063382466
1779831508915591571,1779831509918602368,0.0,0.0,-0.4527493,-0.14693382,-0.04179208,0.016626779,0.21178706,0.005422557
1779831509918602368,1779831510922738782,0.0,0.0,-0.35886204,-0.10963972,0.0017018683,0.06483599,0.25492316,0.009962344
1779831510922738782,1779831511945310895,0.0,0.0,-0.29023173,-0.094526805,-0.009236161,0.04643575,0.27707016,0.005401272
1779831511945310895,1779831512953004543,0.0,0.0,-0.4045171,-0.15310541,-0.021929106,0.031747382,0.1691395,0.0044973437
1779831515159927856,1779831516166868848,0.0,0.0,-0.3657497,-0.13300306,0.004354338,0.07291074,0.27797052,0.008438116
1779831518371659446,1779831519392559599,0.0,0.0,-0.35819274,-0.13922678,-0.046808455,0.007870887,0.20412976,0.0033497303
1779831521617314870,1779831522629065950,0.0,0.0,-0.21825017,-0.0037372985,0.101344734,0.15308262,0.3698968,0.0076017897
1779831522629065950,1779831523629222128,0.0,0.0,-0.381238,-0.16287538,-0.07011135,-0.004414243,0.18566726,0.007524715
1779831523629222128,1779831524633257190,0.0,0.0,-0.23197556,-0.068021215,0.017326001,0.07168921,0.25008705,0.0059953337
1779831524633257190,1779831525633361941,0.0,0.0,-0.3955642,-0.14515568,-0.040094387,0.039159138,0.1914083,0.0063337125
1779831525633361941,1779831526658741191,0.0,0.0,-0.37126648,-0.13592057,-0.06382408,0.014015155,0.18557383,0.0070835426
1779831526658741191,1779831527668744238,0.0,0.0,-0.31318334,-0.08938514,0.0006082217,0.052998167,0.20301005,0.003427873
1779831527668744238,1779831528683055146,0.0,0.0,-0.24573259,-0.04891613,0.045139294,0.117525116,0.26358825,0.0033071442
1779831528683055146,1779831529690529334,0.0,0.0,-0.3652343,-0.16438697,-0.035093293,0.02458764,0.2052443,0.005696468
1779831529690529334,1779831530704464435,0.0,0.0,-0.36191595,-0.12876777,-0.03976603,0.029475154,0.26840746,0.00644541
1779831530704464435,1779831531704974624,0.0,0.0,-0.24835598,-0.026068643,0.09077584,0.14276332,0.35155618,0.0072210412
1779831531704974624,1779831532730563978,0.0,0.0,-0.33833238,-0.10684775,-0.03340087,0.024948122,0.18063155,0.002693561
1779831532730563978,1779831533755656569,0.0,0.0,-0.46218178,-0.22938415,-0.1122328,-0.044583887,0.18485337,0.002028082
1779831535785215771,1779831536810550317,0.0,0.0,-0.3354346,-0.11682078,-0.017868765,0.043738354,0.26266474,0.0041490346
1779831536810550317,1779831537830732869,0.0,0.0,-0.24808222,-0.036998764,0.08065052,0.13360898,0.31269702,0.0046787113
1779831537830732869,1779831538832657192,0.0,0.0,-0.2762412,-0.030105282,0.04451113,0.10500948,0.31968227,0.0050451104
1779831538832657192,1779831539832915800,0.0,0.0,-0.2722153,-0.056665014,0.025656909,0.08666397,0.24915953,0.0069683115
1779831539832915800,1779831540856446607,-0.013157358053574106,0.00034624626440847204,-0.26837102,-0.06544309,0.035986718,0.10400033,0.25848567,0.0054224576
1779831540856446607,1779831541874796064,0.0,0.0,-0.43081844,-0.23375736,-0.091119364,-0.040389903,0.170856,0.003057296
1779831541874796064,1779831542877884267,0.0,0.0,-0.30613837,-0.062802196,0.05244248,0.12357054,0.27823815,0.010929326
1779831547611461072,1779831548625856771,0.0,0.0,-0.41983068,-0.16659752,-0.065680005,0.0076366775,0.17783582,0.006469894
1779831608357831656,1779831609369058303,-0.5527897787963783,0.012855576251276916,-0.32393545,-0.060128424,0.048499223,0.10868844,0.29603708,0.010207234
1779831609369058303,1779831610389895530,-0.8292419680149571,0.021262614564530845,-0.39745265,-0.15155627,-9.181761e-05,0.062476374,0.2042144,0.008028323
1779831610389895530,1779831611407926146,-0.03948942802280123,0.02911916547403011,-0.39829096,-0.1488997,-0.047409005,0.016859354,0.21150726,0.00563451
1779831612418499008,1779831613446539911,0.0,0.0,-0.51761734,-0.23459233,-0.104521886,-0.025248023,0.16449274,0.0062577077
1779831613446539911,1779831614454777295,0.0,0.0,-0.35874236,-0.09652606,-0.0250642,0.04188945,0.25808856,0.005493718
1779831614454777295,1779831615459588183,0.0,0.0,-0.4825428,-0.25331515,-0.07705345,0.0004675793,0.22065884,0.005777142
1779831615459588183,1779831616482896872,0.0,0.0,-0.3305034,-0.11699152,-0.021531088,0.04665426,0.22821845,0.006208171
1779831616482896872,1779831617494945600,0.0,0.0,-0.3015719,-0.058025904,0.03277942,0.088838406,0.30056393,0.00738704
1779831617494945600,1779831618518827061,0.0,0.0,-0.234913,0.033530384,0.12785427,0.1767237,0.40163103,0.009571974
1779831618518827061,1779831619524630440,0.0,0.0,-0.3908745,-0.15993102,-0.05460864,0.02503061,0.20871961,0.008475426
1779831619524630440,1779831620549223931,0.0,0.0,-0.455518,-0.19333777,-0.059604134,0.00705162,0.21055667,0.005751018
1779831620549223931,1779831621555310311,0.0,0.0,-0.38240823,-0.15210697,-0.062814415,0.0059687276,0.21139117,0.004059273
1779831621555310311,1779831622556645983,0.0,0.0,-0.3348594,-0.121510126,-0.007763253,0.052397106,0.28045455,0.0033372806
1779831622556645983,1779831623562582931,0.0,0.0,-0.45720437,-0.24252976,-0.10752313,-0.040537428,0.16680017,0.005737881
1779831623562582931,1779831624572678130,0.0,0.0,-0.5021521,-0.21214496,-0.05401376,-0.00012009071,0.2373906,0.005989114
1779831624572678130,1779831625580786351,0.0,0.0,-0.4395829,-0.21510075,-0.052070566,0.0260267,0.22620326,0.0037182143
1779831625580786351,1779831626588795905,0.0,0.0,-0.43349332,-0.21809047,-0.09730656,-0.035076518,0.17431979,0.0059878607
1779831626588795905,1779831627590508299,0.0,0.0,-0.46660882,-0.19125254,-0.052866086,0.0100096585,0.21212876,0.0059744366
1779831627590508299,1779831628592485628,0.0,0.0,-0.31611472,-0.08476659,0.03710374,0.07890827,0.28758916,0.0067001525
1779831628592485628,1779831629608414277,0.0,0.0,-0.3781866,-0.14876829,-0.029237073,0.026742602,0.20232852,0.0029046016
1779831629608414277,1779831630612723264,0.0,0.0,-0.4262672,-0.17753357,-0.05516899,0.0066565434,0.19415985,0.0049890084
1779831630612723264,1779831631620717727,0.0,0.0,-0.30083892,-0.08521208,-0.000500028,0.08133589,0.23469003,0.006271444
1779831631620717727,1779831632630690107,0.0,0.0,-0.39603505,-0.16935188,-0.056150828,0.014667349,0.17098252,0.0065081185
1779831632630690107,1779831633646638672,0.0,0.0,-0.17807525,0.007992669,0.110875405,0.19858874,0.3207183,0.0040011066
1779831633646638672,1779831634674372182,0.0,0.0,-0.34168252,-0.10688568,-0.011927844,0.06451195,0.26064956,0.008003706
1779831634674372182,1779831635686553731,0.0,0.0,-0.32122537,-0.0572096,0.032062914,0.10517903,0.3110676,0.004604831
1779831635686553731,1779831636689361992,0.0,0.0,-0.34138677,-0.1096413,-0.008399632,0.09168091,0.2267565,0.006369397
1779831636689361992,1779831637709290782,0.0,0.0,-0.19669998,0.03903795,0.13439915,0.18079425,0.38001657,0.00842987
1779831637709290782,1779831638714516567,0.0,0.0,-0.31789857,-0.12178187,-0.032984987,0.04080026,0.1962474,0.0049930606
1779831638714516567,1779831639728364440,0.0,0.0,-0.32290158,-0.0667071,0.023027254,0.094033316,0.28692928,0.00820235
1779831639728364440,1779831640753614977,0.0,0.0,-0.22036251,-0.03721513,0.042644005,0.120763086,0.2680989,0.0037480856
1779831640753614977,1779831641772393902,0.0,0.0,-0.39065668,-0.16799971,-0.015202905,0.043417223,0.19897664,0.0030845245
1779831642784630626,1779831643792805704,0.0,0.0,-0.29313484,-0.11097315,-0.0017631967,0.04946753,0.23468071,0.00093289913
1779831645803177356,1779831646827114101,0.0,0.0,-0.36732244,-0.13837266,-0.03608392,0.04024387,0.26109806,0.0017553293
1779831646827114101,1779831647834588272,0.0,0.0,-0.3975901,-0.16995728,-0.04132063,0.014159087,0.18087037,0.0049806507
1779831647834588272,1779831648844938697,0.0,0.0,-0.39764848,-0.13827589,-0.053824246,0.0085705295,0.2219615,0.005664832
1779831648844938697,1779831649856524827,0.0,0.0,-0.5458172,-0.29603782,-0.14265825,-0.06471317,0.13048238,0.002934893
1779831649856524827,1779831650868741313,0.0,0.0,-0.49294126,-0.2594267,-0.09814878,-0.026791472,0.18547572,0.003851671
1779831650868741313,1779831651874883862,0.0,0.0,-0.2837734,-0.024844266,0.055437446,0.112712435,0.32795963,0.0051441886
1779831651874883862,1779831652882484207,0.0,0.0,-0.5191072,-0.22968039,-0.10535137,-0.01668379,0.24140435,0.0038671587
1779831652882484207,1779831653884793986,0.0,0.0,-0.3565325,-0.15018547,-0.031968996,0.039244935,0.23486272,0.0031849595
1779831653884793986,1779831654898939385,0.0,0.0,-0.4625038,-0.21015303,-0.0999147,-0.041224286,0.1799815,0.0036020994
1779831654898939385,1779831655914695342,0.0,0.0,-0.38367036,-0.17585556,-0.058545154,0.011614974,0.22260456,0.006573504
1779831655914695342,1779831656927121457,0.0,0.0,-0.31901827,-0.11989135,-0.012973366,0.054327212,0.21594353,0.0051300563
1779831656927121457,1779831657936606317,0.0,0.0,-0.40147522,-0.12566033,-0.05179136,0.014777362,0.25968432,0.0026974962
1779831657936606317,1779831658944679161,0.0,0.0,-0.30345407,-0.08736548,0.0021260814,0.081384525,0.22922583,0.0054142713
1779831658944679161,1779831659958862274,0.0,0.0,-0.35873422,-0.13063867,-0.0024713771,0.058981452,0.21951744,0.005254703
1779831659958862274,1779831660965028603,0.0,0.0,-0.45647618,-0.25337338,-0.101807624,-0.023388855,0.15508008,0.00017387698
1779831661965303524,1779831662991063964,0.0,0.0,-0.355778,-0.112493925,-0.018148113,0.049580574,0.2601929,0.0035036043
1779831722580193228,1779831723593014316,0.0,0.0,-0.3261395,-0.080638856,0.040625,0.10371741,0.2364713,0.011094013
1779831728371371341,1779831729405368164,0.0,0.0,-0.3594394,-0.11235475,-0.026010206,0.03780681,0.27655032,0.0037172975
1779831729405368164,1779831730428949757,0.0,0.0,-0.35687363,-0.058731567,0.030442249,0.09567812,0.28592405,0.0039119497
1779831730428949757,1779831731430880209,0.0,0.0,-0.29436383,-0.0897031,0.0015230619,0.068668865,0.34500176,0.0060149664
1779831731430880209,1779831732432747975,0.0,0.0,-0.43568972,-0.2269232,-0.084828414,-0.016162232,0.19907008,0.0043098656
1779831732432747975,1779831733460814987,0.0,0.0,-0.3799584,-0.18345933,-0.06604686,0.007579385,0.19523166,0.0048892084
1779831733460814987,1779831734482652201,0.0,0.0,-0.34303054,-0.1421289,-0.012546913,0.054898486,0.24661383,0.004484824
1779831735490849404,1779831736517002239,0.0,0.0,-0.37683493,-0.1478232,-0.044123515,0.029795256,0.23925412,0.0016397998
1779831736517002239,1779831737520717980,0.0,0.0,-0.3712874,-0.15149742,-0.008574216,0.04761564,0.23133954,0.0030909386
1779831737520717980,1779831738523001903,0.0,0.0,-0.37514284,-0.12125345,-0.031315774,0.024622142,0.18151547,0.0059813187
1779831738523001903,1779831739638180002,0.0,0.0,-0.39012975,-0.16556695,-0.07582483,-0.0026282556,0.14845242,0.004619594
1779831739638180002,1779831740638722326,0.0,0.0,-0.31543964,-0.079001166,0.004039345,0.08358698,0.23685567,0.007649853
1779831740638722326,1779831741660881643,0.0,0.0,-0.34967706,-0.14226665,-0.029712537,0.03381769,0.2518183,0.002950959
1779831741660881643,1779831742663723817,0.0,0.0,-0.30678454,-0.07061957,0.018748824,0.076562986,0.28994042,0.006841827
1779831742663723817,1779831743676727428,0.0,0.0,-0.32932445,-0.049087662,0.057095014,0.12033665,0.28881758,0.007706166
1779831743676727428,1779831744677078222,0.0,0.0,-0.27804092,-0.047645032,0.04366923,0.09867743,0.32464325,0.0057905056
1779831744677078222,1779831745682004953,0.0,0.0,-0.31497005,-0.088037364,0.026173966,0.09649107,0.37938064,0.0046365117
1779831745682004953,1779831746688772645,0.0,0.0,-0.35073617,-0.154094,-0.056712605,0.011762312,0.24045515,0.0036858215
1779831746688772645,1779831747715026916,0.0,0.0,-0.348801,-0.12526095,-0.03497082,0.033300187,0.23089744,0.0041055414
1779831747715026916,1779831748716983105,0.0,0.0,-0.39979032,-0.18123828,-0.055709165,0.014053366,0.24342793,0.009206448
1779831748716983105,1779831749743221793,0.0,0.0,-0.47377166,-0.2529006,-0.048765507,0.013571183,0.22127683,0.0019643484
1779831749743221793,1779831750756761846,0.0,0.0,-0.3630532,-0.1591022,-0.07578368,-0.014267583,0.13507783,0.0023053023
1779831750756761846,1779831751762753307,0.0,0.0,-0.39576182,-0.14212069,-0.034786414,0.037457198,0.21694961,0.0070039174
1779831751762753307,1779831752768793843,0.0,0.0,-0.48868278,-0.25889865,-0.098617524,-0.028931225,0.17463,0.004774922
1779831752768793843,1779831753771141554,0.0,0.0,-0.4042922,-0.1387748,-0.023802664,0.04173866,0.24930346,0.0027487422
1779831753771141554,1779831754797324508,0.0,0.0,-0.3676581,-0.13657556,-0.04078318,0.035121936,0.20065607,0.0064417855
1779831754797324508,1779831755820642580,0.0,0.0,-0.34898615,-0.10915264,-0.0058202236,0.06527133,0.21837384,0.0048869234
1779831755820642580,1779831756838780378,0.0,0.0,-0.43596953,-0.1822671,-0.04873954,0.024295554,0.20425713,0.0028000814
1779831756838780378,1779831757839023891,0.0,0.0,-0.36088234,-0.082133465,0.03024205,0.082215436,0.22971864,0.0088107465
1779831757839023891,1779831758864644786,0.0,0.0,-0.512838,-0.22982398,-0.11250045,-0.039142575,0.13028465,0.0020838124
1779831758864644786,1779831759866739077,0.0,0.0,-0.41115126,-0.16591965,0.017134108,0.07893389,0.24196212,0.004379407
1779831759866739077,1779831760877382134,0.0,0.0,-0.34501117,-0.14877938,-0.046199627,0.021014428,0.25059307,0.003691702
1779831760877382134,1779831761886783097,0.0,0.0,-0.39096949,-0.15839976,-0.0610818,0.007663551,0.19692801,0.0024682258
1779831761886783097,1779831762898947691,0.0,0.0,-0.3770922,-0.13406543,-0.029998114,0.03675179,0.2557553,0.009876673
1779831763912810797,1779831764927141904,0.0,0.0,-0.38491812,-0.14632572,-0.026023293,0.04474116,0.23117144,0.004060673
1779831764927141904,1779831765944722047,0.0,0.0,-0.47387034,-0.20866503,-0.07959173,-0.010999731,0.19083421,0.0051472085
1779831766972462283,1779831767997151678,0.0,0.0,-0.46541646,-0.197291,-0.08662198,-0.024219694,0.13858296,0.006343851
1779831767997151678,1779831769017166196,0.0,0.0,-0.42672434,-0.19254191,-0.07876663,-0.0051319418,0.14921607,0.004971238
1779831769017166196,1779831770017222048,0.6843496476624459,0.01849593642352706,-0.45904976,-0.18499148,-0.07980028,-0.005579459,0.18696737,0.003567027
1779831770017222048,1779831771031036641,0.0,0.0,-0.33685756,-0.14318459,-0.03186932,0.029036734,0.19580251,0.0021379334
1779831771031036641,1779831772040890476,0.0,0.0,-0.33728105,-0.13097982,-0.019811748,0.040392376,0.24706998,0.0030038683
1779831772040890476,1779831773065648996,0.0,0.0,-0.35133797,-0.113701805,-0.0017023581,0.067394726,0.26635003,0.005947271
1779831773065648996,1779831774066825852,0.0,0.0,-0.29463366,-0.10675677,-0.008004741,0.066816695,0.241659,0.0065007787
1779831774066825852,1779831775080776089,0.3684765665783416,0.009696751751962409,-0.3120055,-0.107999645,-0.00066892017,0.050419178,0.25080797,0.00671451
1779831776105836140,1779831777115259455,1.355209664849826,0.03566341223320236,-0.38252252,-0.14002667,0.0065090423,0.061927218,0.246944,0.005527197
1779831841483936374,1779831842520674246,0.0,0.0,-0.276148,-0.06573291,0.0021157707,0.05288195,0.22311543,0.0052620866
1779831904486153079,1779831905496610264,0.0,0.0,-0.32925576,-0.07738755,0.005448941,0.08579937,0.22137274,0.0059717265
1779831909016677848,1779831910019743217,0.0,0.0,-0.31757495,-0.100590736,0.030771704,0.08936459,0.24628797,0.008813077
1779831910019743217,1779831911023576340,0.0,0.0,-0.3097352,-0.083228484,0.029860083,0.08968182,0.2583652,0.0041326177
1779831911023576340,1779831912030751671,0.0,0.0,-0.5307928,-0.25672704,-0.13322324,-0.0635962,0.13188139,0.004405554
1779831912030751671,1779831913038856614,0.0,0.0,-0.28759634,-0.08234838,0.025225347,0.07734705,0.29646865,0.00757087
1779831913038856614,1779831914042934712,0.0,0.0,-0.39885658,-0.17991075,-0.03575808,0.039734907,0.24351531,8.4313215e-05
1779831914042934712,1779831915046894692,0.0,0.0,-0.4103793,-0.16818622,-0.07493884,-0.005186575,0.18317981,0.004417381
1779831915046894692,1779831916060747800,0.0,0.0,-0.40296012,-0.22103386,-0.06306106,0.003169807,0.20241065,0.0026952422
1779831916060747800,1779831917062790298,0.0,0.0,-0.54298145,-0.27638808,-0.09388112,-0.030172488,0.22212434,0.002252328
1779831917062790298,1779831918072734622,0.0,0.0,-0.36396405,-0.0979113,0.031485695,0.100079045,0.29697183,0.009965835
1779831918072734622,1779831919074669291,0.0,0.0,-0.23472261,-0.024531256,0.09356953,0.14002432,0.33999774,0.0058687907
1779831919074669291,1779831920092880320,0.0,0.0,-0.23259789,-0.029746106,0.07261114,0.14340058,0.27905703,0.0042922553
1779831920092880320,1779831921115021658,0.0,0.0,-0.26464424,-0.04827271,0.042407464,0.098495774,0.32196268,0.005471404
1779831922117047616,1779831923124826304,0.0,0.0,-0.368486,-0.10596806,-0.016424015,0.049971405,0.31048253,0.0021760766
1779831923124826304,1779831924146643080,0.0,0.0,-0.39962214,-0.15109462,-0.031009717,0.02692276,0.263401,0.0032168343
1779831925148698864,1779831926154805419,0.0,0.0,-0.34812576,-0.091045395,0.020916639,0.07110154,0.29990104,0.004619426
1779831926154805419,1779831927162896663,0.0,0.0,-0.29363218,-0.092764005,0.003815096,0.06765731,0.25096476,0.008621538
1779831927162896663,1779831928177123156,0.0,0.0,-0.4281949,-0.17893511,-0.056258556,0.0046758396,0.1838606,0.006191003
1779831929193455382,1779831930200614752,0.0,0.0,-0.40027758,-0.19613227,-0.05934704,0.028801989,0.23001957,0.0028521623
1779831930200614752,1779831931215085392,0.5528174275790539,0.014547827041735524,-0.3425231,-0.15257107,-0.039569866,0.02268835,0.2396148,0.001849138
1779831931215085392,1779831932229474969,0.263235653178337,0.006927254031215793,-0.539126,-0.25576288,-0.13710156,-0.06442157,0.09922068,0.002026984
1779831932229474969,1779831933238571702,0.0,0.0,-0.3703772,-0.18157314,-0.0423588,0.031969648,0.2402536,0.0024914125
1779831933238571702,1779831934251878534,0.0,0.0,-0.31148478,-0.09937849,0.029067038,0.086338505,0.27324337,0.011181458
1779831934251878534,1779831935276984936,0.0,0.0,-0.3558431,-0.122297086,-0.03372398,0.0461383,0.23691747,0.010480635
1779831937474706652,1779831938476486126,0.0,0.0,-0.33016968,-0.11284776,-0.022631686,0.045131642,0.20626652,0.004931803
1779831938476486126,1779831939476943474,0.5527723178299364,0.014939792373544255,-0.34371108,-0.13359655,-0.041571353,0.040917505,0.2767349,0.006104698
1779831939476943474,1779831940484888763,0.0,0.0,-0.49183318,-0.25353533,-0.1428945,-0.07483844,0.07452781,0.0038622639
1779831940484888763,1779831941486862358,0.0,0.0,-0.3325454,-0.13506605,-0.006834253,0.05931739,0.25989702,0.006036354
1779831941486862358,1779831942491043339,0.0,0.0,-0.45434278,-0.17314729,-0.073031455,-0.012799178,0.1876931,0.0057454966
1779831942491043339,1779831943504748367,0.0,0.0,-0.392476,-0.14849237,-0.0373658,0.039632685,0.19764383,0.004790419
1779831943504748367,1779831944523040632,0.0,0.0,-0.37107584,-0.12864971,-0.025255417,0.040905934,0.2892357,3.6014142e-05
1779831944523040632,1779831945543528040,0.0,0.0,-0.28594097,-0.0093731405,0.10590428,0.15973067,0.35297123,0.004779354
1779831947666805679,1779831948668679182,0.0,0.0,-0.3523586,-0.07439536,0.028406492,0.08744423,0.34083322,0.005411929
1779831948668679182,1779831949680873532,0.0,0.0,-0.2797626,-0.07153548,0.020392234,0.105239116,0.25333974,0.0050699716
1779831949680873532,1779831950688840695,0.0,0.0,-0.32446864,-0.13630666,-0.020771004,0.02994586,0.23092438,0.004105289
1779831950688840695,1779831951701465619,0.0,0.0,-0.35999608,-0.08530845,0.003219448,0.074765615,0.3015217,0.006557725
1779831951701465619,1779831952707235389,0.0,0.0,-0.25837317,-0.07512222,0.016528662,0.089521796,0.25794366,0.0062121046
1779831952707235389,1779831953712765982,0.0,0.0,-0.38588107,-0.18989596,-0.06636757,0.01677393,0.22505051,0.005944135
1779831953712765982,1779831954738810174,0.0,0.0,-0.3309535,-0.14723387,-0.034845877,0.024389355,0.19196871,0.00521511
1779831954738810174,1779831955742065949,0.0,0.0,-0.43302074,-0.13079807,-0.04172555,0.022217061,0.20905413,0.0017727976
1779831955742065949,1779831956754528147,0.0,0.0,-0.35998723,-0.15937342,-0.03471956,0.024373492,0.25860617,0.007101149
1779831956754528147,1779831957756656813,0.0,0.0,-0.32863307,-0.10414612,-0.009506271,0.065911256,0.2229284,0.0061599608
1779831957756656813,1779831958765069891,0.0,0.0,-0.35270557,-0.08329492,-0.00081763393,0.05784929,0.27961457,0.005639475
1779831958765069891,1779831959767085887,0.0,0.0,-0.33909464,-0.14920153,-0.04505403,0.033984132,0.20894048,0.005911381
1779831968860661556,1779831969868730765,0.0,0.0,-0.35576597,-0.12287507,-0.018158378,0.057513047,0.24747784,0.0025224464
1779831970872668744,1779831971889031880,0.0,0.0,-0.34023708,-0.094628334,0.011431572,0.0973265,0.24817923,0.0059774853
1779831971889031880,1779831972894916941,0.0,0.0,-0.48724017,-0.21977106,-0.1079117,-0.050797205,0.089877635,0.0044257045
1779831972894916941,1779831973916855806,0.0,0.0,-0.51715326,-0.23582986,-0.071627066,-0.013364221,0.21610907,0.0015770934
1779831973916855806,1779831974932767439,0.0,0.0,-0.31593966,-0.11693957,0.007409,0.06593397,0.2344549,0.007371721
1779831974932767439,1779831975934663205,0.0,0.0,-0.5035713,-0.24326186,-0.096787885,-0.04082039,0.15395461,0.0050731804
1779831975934663205,1779831976942940331,0.0,0.0,-0.36733,-0.04840598,0.048528522,0.10914452,0.32267988,0.0021279948
1779831976942940331,1779831977948711964,0.0,0.0,-0.12708595,0.03820416,0.12272115,0.19431674,0.35319346,0.007235164
1779831977948711964,1779831978961040325,0.0,0.0,-0.20445928,-0.029274572,0.08619,0.16566703,0.28314683,0.004310446
1779831978961040325,1779831979964849979,0.0,0.0,-0.38671416,-0.11099976,-0.03574397,0.03298916,0.23597726,0.0023258203
1779831980966841416,1779831981968965218,0.0,0.0,-0.40074036,-0.19600047,-0.059110127,0.013976385,0.21667224,0.004823565
1779831982979018093,1779831983990077085,0.07894295384878706,0.0019735738461257313,-0.372522,-0.14519674,0.0057804035,0.0681909,0.21159801,0.008327773
1779831983990077085,1779831984999589203,0.0,0.0,-0.37034875,-0.14675544,-0.018581728,0.07190842,0.23335718,0.0024918667
1779831984999589203,1779831986019337816,0.0,0.0,-0.26502547,-0.09136659,0.011168529,0.07125448,0.25067037,0.006433061
1779831986019337816,1779831987038801453,0.0,0.0,-0.39889887,-0.15169692,-0.06772701,-0.0042290688,0.20856929,0.0040870495
1779831987038801453,1779831988042987010,0.0,0.0,-0.30387285,-0.08413912,0.030004295,0.08290857,0.24679588,0.009289976
1779831990107565408,1779831991123624147,0.0,0.0,-0.45048568,-0.21565805,-0.08750503,-0.010716906,0.1739805,0.0037768679
1779831991123624147,1779831992150015092,0.0,0.0,-0.3962923,-0.14006461,-0.060457695,0.016136384,0.20130385,0.0062826457
1779831993152175707,1779831994155733812,0.0,0.0,-0.36789638,-0.15720807,-0.062154546,-0.004460992,0.2028622,0.0037618463
1779831994155733812,1779831995184291874,0.0,0.0,-0.14941765,-0.0066839764,0.09658754,0.16974802,0.3125923,0.0060779173
1779831995184291874,1779831996185525672,0.0,0.0,-0.4526413,-0.20915177,-0.06609394,0.0019103008,0.22369601,0.0061978246
1779831996185525672,1779831997210747758,0.0,0.0,-0.32540467,-0.1054225,0.014745497,0.06589994,0.26973912,0.0070373574
1779831998243552320,1779831999355195726,-1.315632811412101,0.03758950889779353,-0.27935955,-0.029463422,0.066466175,0.13410881,0.28739187,0.007142886
1779832001617745809,1779832002621658603,0.0,0.0,-0.4932275,-0.23665904,-0.096988924,-0.01933899,0.122758225,0.00539359
1779832002621658603,1779832003625555549,0.0,0.0,-0.2161288,-0.026998388,0.08444385,0.14007886,0.34759104,0.0061005247
1779832003625555549,1779832004627999650,0.0,0.0,-0.3660787,-0.15246652,-0.013244783,0.05378412,0.25117606,0.0058313995
1779832004627999650,1779832005653172732,0.0,0.0,-0.37681276,-0.10993747,-0.03721214,0.03227909,0.2533927,0.0045725154
1779832005653172732,1779832006669478496,0.0,0.0,-0.17482828,0.02405227,0.11373269,0.19453408,0.31822062,0.006563402
1779832007706605999,1779832008719860341,0.0,0.0,-0.24625762,0.030512372,0.12376325,0.18694027,0.37360254,0.0068822694
1779832008719860341,1779832009746749879,0.0,0.0,-0.38521045,-0.11660134,-0.023644503,0.0409312,0.25835332,0.0056801494
1779832009746749879,1779832010762914153,0.0,0.0,-0.34856847,-0.14106081,-0.033413142,0.045814186,0.26447082,0.007606931
1779832010762914153,1779832011767321174,0.0,0.0,-0.41229385,-0.20284438,-0.060712807,0.017215662,0.19292526,0.0019841301
1779832011767321174,1779832012787290708,0.0,0.0,-0.5309305,-0.28886798,-0.16393465,-0.087180674,0.1212353,0.003916293
1779832012787290708,1779832013795172569,0.0,0.0,-0.2921924,-0.06785608,0.019416345,0.07772372,0.3215287,0.0043540765
1779832013795172569,1779832014810823843,0.0,0.0,-0.3449736,-0.1084554,-0.01505004,0.043857884,0.2553933,0.0038457958
1779832014810823843,1779832015811286777,0.0,0.0,-0.3107789,-0.10235321,-0.00675284,0.06177769,0.238971,0.007855297
1779832015811286777,1779832016822667074,0.0,0.0,-0.4336391,-0.18789738,-0.07404647,-0.021500483,0.15257697,0.0023078776
1779832016822667074,1779832017825179253,0.0,0.0,-0.29639027,-0.09974728,-0.020417335,0.058078393,0.25862458,0.005978681
1779832017825179253,1779832018850867181,0.0,0.0,-0.43204463,-0.17335384,-0.05276013,0.010784883,0.17393306,0.004497234
1779832018850867181,1779832019865003346,0.0,0.0,-0.33499822,-0.066483624,0.03902694,0.10061213,0.30920723,0.0023988823
1779832019865003346,1779832020878661267,0.0,0.0,-0.3768338,-0.1472516,-0.00787525,0.04300631,0.2316837,0.010387339
1779832020878661267,1779832021880712350,0.0,0.0,-0.32370692,-0.09930716,0.005802005,0.07348423,0.26303053,0.0034446851
1779832021880712350,1779832022884712069,0.0,0.0,-0.27564546,-0.0901112,-0.01571385,0.047300834,0.23597726,0.0053350762
1779832084682797339,1779832085685014731,0.0,0.0,-0.43275827,-0.14810717,-0.054714125,0.012415859,0.19662713,0.0046631815
1779832090166889681,1779832091180897123,0.0,0.0,-0.3996272,-0.17883751,-0.0596158,0.020203372,0.25712433,0.0084676845
1779832091180897123,1779832092201054385,0.0,0.0,-0.37559015,-0.12381392,0.0076358374,0.077089235,0.29209676,0.0048447154
1779832092201054385,1779832093227147129,0.0,0.0,-0.32819664,-0.11815211,0.0044997623,0.051247846,0.21536452,0.0029746902
1779832093227147129,1779832094232988393,0.0,0.0,-0.29941887,-0.06725936,0.039400693,0.10022328,0.27572438,0.0050685187
1779832094232988393,1779832095239225433,0.0,0.0,-0.3954128,-0.16005805,-0.04900023,0.023894459,0.19646463,0.0021725905
1779832095239225433,1779832096245201237,0.0,0.0,-0.42159235,-0.16746971,-0.085742295,0.0022681935,0.15922885,0.0046501826
1779832096245201237,1779832097269306051,0.0,0.0,-0.2547663,-0.08697824,0.033389136,0.09946268,0.24134912,0.0033389428
1779832097269306051,1779832098277621823,0.0,0.0,-0.38284302,-0.103621624,0.00060458254,0.0877649,0.23896213,0.0050606555
1779832098277621823,1779832099303562988,0.0,0.0,-0.41289735,-0.18381353,-0.05538386,0.009105246,0.20546532,0.0030341211
1779832099303562988,1779832100311748192,0.5264290411059381,0.013853395818567326,-0.32140985,-0.07308943,0.02184718,0.081164755,0.27147326,0.005273834
1779832100311748192,1779832101318845652,0.0,0.0,-0.3298373,-0.07191369,0.016486766,0.07515999,0.23602998,0.004374804
1779832101318845652,1779832102318880700,0.0,0.0,-0.3321634,-0.10156107,0.01681606,0.07951451,0.26707128,0.012869138
1779832102318880700,1779832103378846804,0.0,0.0,-0.2718442,0.010816399,0.11804366,0.16661789,0.3382199,0.005556006
1779832103378846804,1779832104384732165,0.0,0.0,-0.3231556,-0.064609826,0.036076155,0.09858444,0.25489375,0.008523736
1779832104384732165,1779832105391207660,0.0,0.0,-0.39965317,-0.14017154,-0.023847686,0.048176017,0.18345363,0.0074825482
1779832105391207660,1779832106393413486,0.0,0.0,-0.281542,-0.0653935,0.023960453,0.08600961,0.25091958,0.0068539577
1779832106393413486,1779832107405198248,0.0,0.0,-0.21832274,-0.030710842,0.06402132,0.118394904,0.26037228,0.0073159095
1779832107405198248,1779832108416949849,0.0,0.0,-0.4341334,-0.17595387,-0.060509015,0.011959757,0.17969419,0.0049672425
1779832108416949849,1779832109435429321,0.0,0.0,-0.32581255,-0.08127654,0.049549222,0.10774913,0.36490613,3.096e-05
1779832112636364191,1779832113637128913,0.0,0.0,-0.35153618,-0.15443465,-0.03788827,0.027409539,0.25976798,0.002666223
1779832113637128913,1779832114648446621,0.0,0.0,-0.42960608,-0.17618394,-0.05506553,0.0060589355,0.146073,0.00538827
1779832114648446621,1779832115667576264,1.3554272380045285,0.03663316859468689,-0.35496548,-0.12006402,-0.03458568,0.032045722,0.23641828,0.006364982
1779832115667576264,1779832116679486694,0.0,0.0,-0.37273914,-0.12174749,-0.027178945,0.046766046,0.22366956,0.007060439
1779832116679486694,1779832117690912703,0.0,0.0,-0.2753349,0.0046193865,0.10263734,0.16254266,0.32544512,0.0064890785
1779832117690912703,1779832118715531403,0.0,0.0,-0.36601222,-0.15393695,-0.06224823,0.026765672,0.19166319,0.0062822155
1779832118715531403,1779832119724971120,0.0,0.0,-0.35178494,-0.15088192,-0.06656275,0.00078931416,0.17630723,0.004743005
1779832120729799758,1779832121732460338,0.0,0.0,-0.4036461,-0.16829859,-0.07292576,-0.0054478445,0.20223719,0.004822731
1779832121732460338,1779832122732991748,0.0,0.0,-0.40209463,-0.18923019,-0.081459664,-0.011845077,0.16583832,0.003696721
1779832122732991748,1779832123746967793,0.0,0.0,-0.24887162,-0.0151684275,0.08384664,0.14771895,0.3614317,0.004474418
1779832123746967793,1779832124753520424,0.0,0.0,-0.51409984,-0.27444825,-0.10675322,-0.04621057,0.20207007,0.006580971
1779832124753520424,1779832125759904805,0.0,0.0,-0.3893887,-0.18119688,-0.059060484,0.013204286,0.21958041,0.0054347864
1779832125759904805,1779832126782948387,0.0,0.0,-0.3999666,-0.16238412,-0.05587547,0.032893192,0.16112003,0.004195186
1779832126782948387,1779832127805252617,0.0,0.0,-0.35577172,-0.15230402,-0.05034619,0.009308057,0.20924206,0.0047497703
1779832127805252617,1779832128810982137,0.0,0.0,-0.41123733,-0.17615765,-0.053091034,0.023671586,0.18124123,0.0044057034
1779832128810982137,1779832129821208761,0.0,0.0,-0.34385148,-0.12077932,-0.008856083,0.06791074,0.20817398,0.0045595984
1779832129821208761,1779832130825113485,0.0,0.0,-0.5694118,-0.29758656,-0.16605629,-0.09729139,0.05300694,0.0050662695
1779832130825113485,1779832131836759247,0.0,0.0,-0.26341906,-0.029623192,0.035619657,0.119843856,0.3411672,0.010163191
1779832131836759247,1779832132848895975,0.0,0.0,-0.39072648,-0.20563127,-0.07944201,-0.005237173,0.17082423,0.0035128463
1779832132848895975,1779832133850913620,0.0,0.0,-0.41922724,-0.18817724,-0.06562491,0.012475577,0.21690416,0.00757317
1779832133850913620,1779832134870748973,0.0,0.0,-0.30932778,-0.12586883,-0.034776643,0.033335645,0.18726112,0.0057235793
1779832134870748973,1779832135877066267,0.0,0.0,-0.39111945,-0.17814118,-0.044839744,0.029737707,0.25402418,0.00777775
1779832135877066267,1779832136903196447,0.0,0.0,-0.37436622,-0.17422175,-0.08123603,-0.01957805,0.19958745,0.0027145294
1779832136903196447,1779832137909635555,0.0,0.0,-0.37536132,-0.13472196,-0.06445974,0.013699858,0.20944518,0.008072909
1779832137909635555,1779832138937138008,0.0,0.0,-0.29109707,-0.102791816,0.04326396,0.09646086,0.27562097,0.007572668
1779832138937138008,1779832139959232952,0.0,0.0,-0.45381352,-0.22007729,-0.10153887,-0.038635943,0.14093652,0.0062244874
1779832139959232952,1779832140984754168,0.0,0.0,-0.25096178,-0.016844004,0.082703896,0.1438194,0.3577685,0.004368547
1779832140984754168,1779832141989486905,0.0,0.0,-0.44650668,-0.21620539,-0.08006297,-0.025875488,0.18943661,0.006383413
1779832141989486905,1779832143004934275,0.0,0.0,-0.42852733,-0.16878568,-0.074567,-0.008286912,0.18103394,0.0049432
1779832152622786558,1779832153624969268,0.0,0.0,-0.45786607,-0.23081799,-0.09177515,-0.0130386595,0.17641522,0.0038788104
1779832153624969268,1779832154631172585,0.0,0.0,-0.42236146,-0.17215034,-0.05004216,0.016968621,0.17362186,0.002900463
1779832154631172585,1779832155658649658,0.0,0.0,-0.43765938,-0.204047,-0.07536648,-0.013478059,0.12943456,0.0042878
1779832155658649658,1779832156679351033,0.0,0.0,-0.40825424,-0.16172573,-0.07108059,0.0035368442,0.19379991,0.006938957
1779832156679351033,1779832157692855700,0.0,0.0,-0.283604,-0.051158454,0.059116986,0.12663339,0.3050335,0.004488238
1779832157692855700,1779832158702901246,0.0,0.0,-0.39334062,-0.13505024,-0.034780677,0.058722444,0.20193645,0.003667604
1779832159706654058,1779832160713052222,0.0,0.0,-0.40643862,-0.12447552,-0.026100554,0.03202167,0.23567195,0.0062719025
1779832160713052222,1779832161728928522,0.0,0.0,-0.35482568,-0.14561321,-0.053800195,0.0027815884,0.19842349,0.0025673453
1779832161728928522,1779832162747099947,0.0,0.0,-0.33092347,-0.104808465,0.038874097,0.090935685,0.25553384,0.0033739782
1779832162747099947,1779832163773174858,0.0,0.0,-0.36819756,-0.14549904,-0.021828704,0.07584395,0.20262167,0.0041804123
1779832163773174858,1779832164781153584,0.0,0.0,-0.3618912,-0.11039499,-0.032571666,0.034520388,0.21387284,0.00855132
1779832165804207726,1779832166814787591,0.0,0.0,-0.39540622,-0.1743446,-0.07490782,0.0030243357,0.24842592,0.0039164172
1779832166814787591,1779832167836995878,0.0,0.0,-0.33644956,-0.11883109,-0.044431113,0.03210714,0.19820131,0.0045136996
1779832167836995878,1779832168846939384,0.0,0.0,-0.32364893,-0.11828077,-0.0077033243,0.062466696,0.24968243,0.0049679014
1779832168846939384,1779832169849254648,0.0,0.0,-0.4390229,-0.19728807,-0.057222478,0.016819138,0.24707255,0.0073775114
1779832170870822844,1779832171880891732,0.0,0.0,-0.36750188,-0.14444855,-0.0144484425,0.04961594,0.22450604,0.0064425007
1779832171880891732,1779832172883194718,0.0,0.0,-0.4156861,-0.16104524,-0.057290595,0.012702835,0.2135616,0.0015351454
1779832172883194718,1779832173887311907,0.0,0.0,-0.34477076,-0.1688296,-0.0081838975,0.056586564,0.27004084,0.003093915
1779832173887311907,1779832174908895497,0.0,0.0,-0.31473726,-0.1441826,-0.037120488,0.027782617,0.25722533,0.0029201473
1779832174908895497,1779832175932922467,0.0,0.0,-0.39478245,-0.14796771,-0.04603104,0.023928564,0.17904522,0.0073752925
1779832175932922467,1779832176936930270,0.0,0.0,-0.51996905,-0.2514891,-0.11127916,-0.04783114,0.1448704,0.0044473847
1779832176936930270,1779832177961020928,0.0,0.0,-0.38336936,-0.16296741,-0.06582254,0.004188525,0.2031039,0.0039659785
1779832177961020928,1779832178964975685,0.0,0.0,-0.28335983,-0.0794969,0.05090666,0.11294296,0.26453587,0.008672026
1779832178964975685,1779832179974766768,0.0,0.0,-0.16175713,0.010295959,0.115948394,0.19180787,0.31518748,0.0043792147
1779832179974766768,1779832180998760778,-0.46056146398249687,0.011809268307398467,-0.2874959,-0.11711568,-0.01202547,0.061763458,0.2514424,0.0031653661
1779832180998760778,1779832182006819514,-1.1580768304799,0.03047570606540262,-0.4550076,-0.17704359,-0.04275099,0.029036852,0.15912472,0.0065067667
1779832182006819514,1779832183027022213,0.0,0.0,-0.31995478,-0.082988866,0.03582921,0.092153475,0.26953596,0.0041711265
1779832183027022213,1779832184028814789,0.0,0.0,-0.3612892,-0.10814533,-0.017094567,0.05134228,0.2865551,0.0073146834
1779832184028814789,1779832185038900429,0.0,0.0,-0.38887694,-0.1775274,-0.056365233,0.014849352,0.20776533,0.004665654
1779832186040929208,1779832187065143399,-0.4737973609050081,0.012468351602641137,-0.480309,-0.25866574,-0.123486236,-0.04985887,0.17793366,0.005745161
1779832188075239077,1779832189078775797,0.0,0.0,-0.3244769,-0.09742609,-0.0132273575,0.06839968,0.2719176,0.011030418
1779832189078775797,1779832190081124541,0.0,0.0,-0.42609215,-0.21239302,-0.03434599,0.022820128,0.23596855,0.008045142
1779832190081124541,1779832191084866295,0.0,0.0,-0.30678263,-0.05693361,0.059476722,0.116679974,0.3187071,0.0012522746
1779832191084866295,1779832192089034950,0.0,0.0,-0.40709198,-0.1326315,-0.024055302,0.03641767,0.24366298,0.0077416683
1779832193094719634,1779832194108199613,0.0,0.0,-0.28973216,-0.048202235,0.018723793,0.09120952,0.355775,0.0063677114
1779832194108199613,1779832195111084019,0.0,0.0,-0.39335316,-0.13975883,-0.052015655,0.02225056,0.25569543,0.007027317
1779832196133406383,1779832197149178072,0.0,0.0,-0.25165012,-0.03457929,0.076921925,0.14284225,0.32607847,0.0054890336
1779832197149178072,1779832198161132061,-0.500163540419648,0.013517933524745921,-0.30848822,-0.09311877,0.021837497,0.0821231,0.32374075,0.005232914
1779832198161132061,1779832199184206192,0.0,0.0,-0.33699995,-0.1316672,0.014389797,0.084185176,0.27206904,0.0063391305
1779832199184206192,1779832200204053097,0.0,0.0,-0.4662493,-0.22365497,-0.10364134,-0.043220386,0.122444004,0.005127244
1779832200204053097,1779832201223428129,0.0,0.0,-0.41635674,-0.16683821,-0.079611346,-0.008628662,0.17824937,0.00734531
1779832262492710328,1779832263505288321,0.0,0.0,-0.3840221,-0.16557883,-0.02681361,0.029837923,0.21335818,0.0038731126
1779832263505288321,1779832264513169174,0.0,0.0,-0.42079714,-0.19430383,-0.08831235,-0.00089032284,0.17448756,0.002462242
1779832264513169174,1779832265530990184,-0.5924248609535653,0.015590127919856991,-0.4859659,-0.24968313,-0.13708271,-0.06714503,0.07814644,0.00393988
1779832270440785750,1779832271446740222,0.0,0.0,-0.5000126,-0.23914932,-0.10303074,-0.040602278,0.119993016,0.0059419638
1779832271446740222,1779832272463270841,0.0,0.0,-0.25216374,-0.07360312,0.020340119,0.07605559,0.23944648,0.004733866
1779832272463270841,1779832273484960735,0.0,0.0,-0.31570354,-0.067001894,0.029774565,0.09078718,0.2660191,0.003253805
1779832273484960735,1779832274508940282,0.0,0.0,-0.35129318,-0.12356301,-0.017461628,0.038502254,0.24585891,0.0067216326
1779832274508940282,1779832275530803292,0.0,0.0,-0.27660847,-0.03916562,0.057602484,0.11697479,0.2928507,0.006011352
1779832277624735511,1779832278625143201,-1.8038206814156843,0.04746896530025574,-0.3622924,-0.07968655,0.00034487588,0.08402207,0.32023284,0.002371046
1779832278625143201,1779832279648737000,-0.25019060575165836,0.00641514373747954,-0.3560341,-0.11411228,-0.03571978,0.016198296,0.17817043,0.0042121965
1779832279648737000,1779832280660975884,-0.5662439591169441,0.014901156818867747,-0.28015447,-0.049798176,0.075095095,0.13611825,0.32595998,0.0057498715
1779832280660975884,1779832281682718418,0.0,0.0,-0.34827292,-0.09915863,-0.000764027,0.06664766,0.2382696,0.0063338857
1779832281682718418,1779832282701322659,0.0,0.0,-0.22933738,-0.0031181362,0.08274819,0.13877918,0.36981678,0.0075003733
1779832282701322659,1779832283711674569,0.0,0.0,-0.33815444,-0.14360143,-0.039604835,0.029842494,0.23029712,0.00018662961
1779832283711674569,1779832284723077617,0.0,0.0,-0.299174,-0.05875037,0.041621182,0.09276065,0.25032476,0.008029579
1779832289096009513,1779832290114748193,0.0,0.0,-0.31440824,-0.0687324,0.012146191,0.09556659,0.23710427,0.006454497
1779832290114748193,1779832291139476883,0.0,0.0,-0.2713742,-0.071572125,0.030183055,0.081024304,0.2903898,0.005881067
1779832291139476883,1779832292144237913,0.0,0.0,-0.33586222,-0.09386559,0.00071144645,0.07244768,0.23937498,0.0038606077
1779832292144237913,1779832293145399860,0.5398686408715816,0.014207069496513805,-0.36251435,-0.1314612,-0.03957866,0.030739255,0.25883883,0.006702692
1779832293145399860,1779832294163119836,0.0,0.0,-0.23841058,-0.041976836,0.07549922,0.13351668,0.33210853,0.0056353514
1779832294163119836,1779832295170251399,0.0,0.0,-0.30158025,-0.069909126,0.029546328,0.09079646,0.30378583,0.00983296
1779832296188038555,1779832297197999759,-0.7771952476438296,0.016895548861808524,-0.38636586,-0.14565946,-0.037521325,0.040041085,0.18475282,0.007344897
1779832298218665861,1779832299235316984,0.0,0.0,-0.36659846,-0.13729265,0.010353788,0.07186386,0.25785413,0.0053293086
1779832299235316984,1779832300280670204,2.0811668308144213,0.05336325207221211,-0.3424819,-0.11475066,0.0037733398,0.06300349,0.2565049,0.0040832325
1779832300280670204,1779832301289930024,0.21072692228163212,0.005403254417338315,-0.28759316,-0.04061968,0.060282853,0.14049631,0.28364128,0.009981533
1779832301289930024,1779832302290534240,0.0,0.0,-0.39559564,-0.18819287,-0.057516873,0.0051747244,0.19129424,0.0051600994
1779832302290534240,1779832303306861398,0.0,0.0,-0.524145,-0.2343976,-0.09565444,-0.01787966,0.16382164,0.007546014
1779832303306861398,1779832304307055501,0.0,0.0,-0.32998407,-0.0887647,0.02853862,0.086755276,0.3192019,0.0043521523
1779832304307055501,1779832305310931203,0.0,0.0,-0.411211,-0.116561495,-0.028507244,0.04442092,0.23939928,0.007766111
1779832305310931203,1779832306330737308,0.0,0.0,-0.36598492,-0.12894028,-0.023618562,0.050524946,0.26219067,0.006180916
1779832306330737308,1779832307336814671,0.0,0.0,-0.35648614,-0.15693934,-0.034572687,0.03384601,0.19660571,0.0030961686
1779832307336814671,1779832308352984262,0.0,0.0,-0.2872323,-0.0707422,0.019606045,0.10399324,0.26632115,0.0052027036
1779832311647163273,1779832312647737830,0.0,0.0,-0.2733888,-0.045769442,0.050556276,0.106013454,0.2971164,0.008878816
1779832312647737830,1779832313647941198,0.0,0.0,-0.39603284,-0.16628712,-0.059049428,0.010786562,0.22346269,0.0067553245
1779832313647941198,1779832314651812123,0.0,0.0,-0.24097969,-0.08748274,0.023572817,0.09724345,0.25246996,0.0044067865
1779832316704435802,1779832317707367545,0.316075813444654,0.00854258955273723,-0.44179332,-0.20166378,-0.037937235,0.04464729,0.2293246,0.0064302054
1779832317707367545,1779832318725898625,0.0,0.0,-0.31915617,-0.061649412,0.027450012,0.10209534,0.33101773,0.0047952165
1779832318725898625,1779832319756618838,0.0,0.0,-0.48503765,-0.2040605,-0.07401045,0.008039173,0.22886126,0.007270103
1779832322810210661,1779832323815255949,0.0,0.0,-0.3714779,-0.104740165,0.01209263,0.073962346,0.29395452,0.0059377733
1779832323815255949,1779832324838366199,0.0,0.0,-0.3099159,-0.032427642,0.05766708,0.12265577,0.3331985,0.005060943
1779832324838366199,1779832325876517664,0.26338887986952275,0.006931286312157687,-0.36565232,-0.08102918,0.019195035,0.0940202,0.2778075,0.006873003
1779832326895918381,1779832327933658326,0.0,0.0,-0.3693849,-0.093675,-0.0046869204,0.06819466,0.27672148,0.0039748517
1779832327933658326,1779832328965414023,0.19753710735251465,0.005487141871244697,-0.41046488,-0.1313089,-0.023578556,0.06419553,0.23271014,0.0057358495
1779832331155957575,1779832332162542355,0.0,0.0,-0.42055267,-0.20014259,-0.08264194,-0.014353406,0.12256176,0.0044160495
1779832332162542355,1779832333198372179,0.0,0.0,-0.40638462,-0.15664288,-0.04254449,0.030787218,0.17036845,0.0075295256
1779832333198372179,1779832334211815259,0.0,0.0,-0.38996977,-0.14992937,-0.037677597,0.053282626,0.23401383,0.005463716
1779832334211815259,1779832335219249957,0.0,0.0,-0.41115826,-0.17322609,-0.0950166,-0.027388053,0.16632293,0.009491492
1779832335219249957,1779832336280406947,0.0,0.0,-0.3982828,-0.16006559,-0.059328496,0.0077182776,0.21996349,0.0028987636
1779832336280406947,1779832337301079819,0.0,0.0,-0.33736336,-0.09739237,-0.01432364,0.072527975,0.21693556,0.0060203914
1779832337301079819,1779832338324960002,0.0,0.0,-0.42646128,-0.14598972,-0.0010459649,0.052468255,0.21125042,0.0031697296
1779832338324960002,1779832339345190101,0.039506172838133555,0.0010396361273622365,-0.35992578,-0.14991303,-0.03521135,0.043294054,0.25608718,0.007887615
1779832339345190101,1779832340355788126,0.0,0.0,-0.29894948,-0.13428088,-0.0017164947,0.054794185,0.21237566,0.0055771945
1779832340355788126,1779832341368259965,1.0271057157589307,0.027759613939658444,-0.33631307,-0.11371333,0.020585153,0.08540502,0.2917165,0.007935088
1779832341368259965,1779832342368343405,0.0,0.0,-0.2649551,-0.07725353,0.049459945,0.10289175,0.3169495,0.006321786
1779832342368343405,1779832343383076479,0.0,0.0,-0.22355457,-0.006309031,0.06567235,0.13715965,0.28418598,0.0053057545
1779832343383076479,1779832344398877016,0.460846482900971,0.012127539023547223,-0.2950246,-0.075046055,-0.0029182183,0.049910963,0.23472081,0.0050475555
1779832344398877016,1779832345406918173,0.0,0.0,-0.37746447,-0.1130223,-0.009092766,0.044860248,0.25674477,0.008254799
1779832345406918173,1779832346414934708,0.0,0.0,-0.3912114,-0.13214713,-0.047762256,0.019743118,0.17163986,0.0047519635
1779832346414934708,1779832347439571591,0.0,0.0,-0.2883796,-0.08648052,0.050160058,0.10305659,0.33656093,0.006898726
1779832350496644834,1779832351542209586,0.0,0.0,-0.4147065,-0.16006944,-0.058720812,0.013014493,0.1896279,0.0076226136
1779832351542209586,1779832352572774023,0.0,0.0,-0.45425758,-0.16727069,-0.031676468,0.045397323,0.25652206,0.007360377
1779832352572774023,1779832353601786805,0.0,0.0,-0.28068432,-0.054276872,0.026049467,0.1140732,0.2511269,0.005209771
1779832354631031025,1779832355636723535,0.0,0.0,-0.49678218,-0.2003177,-0.07190331,0.008845656,0.21316825,0.007012807
1779832355636723535,1779832356658319849,0.0,0.0,-0.1709424,-0.0058102394,0.09200317,0.1701865,0.29014292,0.0033250595
1779832356658319849,1779832357680135847,0.0,0.0,-0.28846583,-0.052037254,0.030880902,0.079584405,0.27438208,0.006186243
1779832357680135847,1779832358691897944,-1.4616013646558101,0.060900056860398635,-0.20371495,0.033000287,0.12781352,0.17752141,0.39641356,0.0074954927
1779832358691897944,1779832359699594764,-0.21069889482702198,0.005694564725112551,-0.44704154,-0.18174739,-0.058152433,0.006210379,0.19893987,0.0074975896
1779832359699594764,1779832360728862718,0.0,0.0,-0.33265522,-0.13135064,0.01471937,0.07902944,0.26771694,0.0047509256
1779832360728862718,1779832361738923157,0.0,0.0,-0.36083326,-0.09778076,0.0007806596,0.07778258,0.25752166,0.007166802
1779832362750051869,1779832363756893392,0.0,0.0,-0.36144197,-0.099061936,-0.020985011,0.05727319,0.2503034,0.0050081294
1779832363756893392,1779832364757464739,0.0,0.0,-0.44438094,-0.21831791,-0.119439915,-0.05730669,0.14605233,0.0070910095
1779832364757464739,1779832365768966901,0.0,0.0,-0.44521773,-0.14341007,-0.04809521,0.023802409,0.19089483,0.005183297
1779832365768966901,1779832366771216575,0.0,0.0,-0.3241182,-0.11904195,-0.021561764,0.05715949,0.27617112,0.005460977
1779832366771216575,1779832367788125639,0.0,0.0,-0.19550538,-0.030647287,0.052305583,0.124261424,0.2906221,0.0049199713
1779832367788125639,1779832368797057173,0.0,0.0,-0.32181025,-0.11497358,-0.035421602,0.01982782,0.20906118,0.0050892974
1779832368797057173,1779832369823351944,0.0,0.0,-0.36559722,-0.17238224,-0.056522485,0.0009937576,0.19165811,0.0020387108
1779832369823351944,1779832370825053090,0.0,0.0,-0.20887369,0.031071372,0.11639589,0.17209372,0.40772897,0.0057358867
1779832370825053090,1779832371845288621,0.0,0.0,-0.3620031,-0.08824516,-0.0050652246,0.06429178,0.2178572,0.0042426013
1779832371845288621,1779832372855081850,0.0,0.0,-0.3787954,-0.099700086,0.038286075,0.104662836,0.26441717,0.008223943
1779832372855081850,1779832373863390912,0.0,0.0,-0.3155564,-0.11499703,0.011399683,0.06804923,0.24007486,0.00707466
1779832373863390912,1779832374876776992,0.0,0.0,-0.3678338,-0.13928178,-0.04547365,0.030647531,0.24436131,0.002287565
1779832374876776992,1779832375886999172,0.0,0.0,-0.2838082,-0.1132213,-0.0224132,0.044726793,0.20431356,0.0022233492
1779832375886999172,1779832376913211999,0.0,0.0,-0.39640895,-0.12199215,0.008061614,0.08966302,0.2797954,0.0033119645
1779832376913211999,1779832377916857068,0.0,0.0,-0.2888816,-0.11619105,-0.007795702,0.07253157,0.2735782,0.005198075
1779832378921270834,1779832379943221464,0.0,0.0,-0.41298315,-0.17774302,-0.05180685,0.011271497,0.15101127,0.005813412
1779832379943221464,1779832380967218904,0.0,0.0,-0.32727727,-0.10993567,-0.011049045,0.045613848,0.2636047,0.0051791556
1779832381989181497,1779832383006893832,0.0,0.0,-0.39760908,-0.17773663,-0.038189568,0.035927698,0.23793533,0.00028129373
1779832383006893832,1779832384024729378,0.0,0.0,-0.13490172,-0.0051204646,0.09165944,0.15090406,0.298382,0.003988382
1779832384024729378,1779832385037176888,0.0,0.0,-0.25840762,-0.055465207,0.046804376,0.09756694,0.27364457,0.0060057244
1779832391175134898,1779832392183296898,0.0,0.0,-0.32077634,-0.085683204,0.011502115,0.0776533,0.25718662,0.0026012873
1779832392183296898,1779832393197364692,0.6847551772463543,0.0180198730851575,-0.45024887,-0.22640467,-0.10611293,-0.03503607,0.14339148,0.0058301673
1779832393197364692,1779832394354996006,0.0,0.0,-0.2847065,-0.0757949,0.04511937,0.1036171,0.3033436,0.004595382
1779832394354996006,1779832395364970416,0.0,0.0,-0.3133795,-0.10441428,0.033796858,0.10307707,0.28650242,0.007855179
1779832397376106212,1779832398381003648,0.0,0.0,-0.4848591,-0.22635844,-0.11002815,-0.04683841,0.118298166,0.00714952
1779832398381003648,1779832399387125443,0.0,0.0,-0.5611547,-0.25368667,-0.11412098,-0.051285125,0.15039514,0.0045455536
1779832399387125443,1779832400403119472,0.0,0.0,-0.33029833,-0.09551798,0.029126056,0.0871448,0.34282917,0.00047757084
1779832400403119472,1779832401411372246,0.0,0.0,-0.38187063,-0.14421898,-0.032508634,0.034378577,0.21482258,0.0033970012
1779832403654115634,1779832404675394650,0.0,0.0,-0.48164338,-0.23253012,-0.091518335,0.0005007512,0.2160891,0.0053127054
1779832404675394650,1779832405682279265,0.0,0.0,-0.325566,-0.07437198,0.014837758,0.07062768,0.28592816,0.0064866035
1779832405682279265,1779832406703404302,0.0,0.0,-0.30331782,-0.11503435,-0.03743613,0.015230362,0.19824725,0.0059382585
1779832406703404302,1779832407717835401,0.0,0.0,-0.49055883,-0.22966418,-0.07818694,0.0014070768,0.20780167,0.004726466
1779832407717835401,1779832408745760076,0.0,0.0,-0.47441807,-0.22482525,-0.092771895,-0.024028452,0.17971808,0.006150642
1779832408745760076,1779832409745824880,0.0,0.0,-0.4906206,-0.2429827,-0.13638395,-0.069636516,0.14687799,0.005322996
1779832409745824880,1779832410753205651,0.0,0.0,-0.4618021,-0.21668065,-0.1170838,-0.046881847,0.13545318,0.004846148
1779832410753205651,1779832411772905193,0.0,0.0,-0.42037818,-0.18095517,-0.07811579,-0.00293877,0.21903038,0.0013868469
1779832411772905193,1779832412791082168,0.0,0.0,-0.43864182,-0.18825819,-0.06547822,0.0025153733,0.21275026,0.009111675
1779832412791082168,1779832413796036429,0.0,0.0,-0.30144614,-0.07008614,0.04283324,0.10938969,0.35519075,0.003069882
1779832413796036429,1779832414804954466,0.0,0.0,-0.39163345,-0.14622647,-0.06374043,-0.0020200107,0.21994539,0.0058068885
1779832414804954466,1779832415821369960,0.0,0.0,-0.4589331,-0.25736618,-0.09605824,-0.027341725,0.20734777,0.004232156
1779832415821369960,1779832416825236578,0.0,0.0,-0.34173855,-0.14805223,-0.032350495,0.034600377,0.28221583,0.0014568279
1779832416825236578,1779832417851432958,0.0,0.0,-0.35528725,-0.10547004,0.018240608,0.09148477,0.25777274,0.005163325
1779832417851432958,1779832418870356120,0.0,0.0,-0.47448757,-0.25892308,-0.068149194,-0.009292287,0.2128514,0.0036322826
1779832418870356120,1779832419881991479,0.0,0.0,-0.40400353,-0.13279937,-0.041877646,0.027959488,0.20889299,0.00495518
1779832419881991479,1779832420907060068,0.0,0.0,-0.38259864,-0.114783764,-0.031686895,0.04432831,0.25033724,0.005858235
1779832420907060068,1779832421908920193,0.0,0.0,-0.21862762,0.024977935,0.14354101,0.18977542,0.36174437,0.0068032695
1779832421908920193,1779832422923688448,0.0,0.0,-0.38173276,-0.15066189,-0.047953423,0.03384202,0.2607574,0.007074098
1779832422923688448,1779832423951553754,0.0,0.0,-0.4295144,-0.22536683,-0.10711732,-0.020156903,0.15952708,0.0069522946
1779832423951553754,1779832424961038694,0.0,0.0,-0.27680895,-0.07463223,0.030429605,0.0972693,0.29714394,0.007704789
1779832424961038694,1779832425982987791,0.0,0.0,-0.37324858,-0.11406313,-0.018412463,0.046060923,0.20393108,0.008075865
1779832425982987791,1779832426987202421,0.0,0.0,-0.37359,-0.12064787,0.004497826,0.061065495,0.32449925,0.0038279768
1779832426987202421,1779832428007244107,0.0,0.0,-0.2876595,-0.083058335,0.019731758,0.08389878,0.2821349,0.0055673593
1779832428007244107,1779832429015851964,0.0,0.0,-0.36869502,-0.13147295,-0.03625039,0.03905148,0.2749454,0.0066139316
1779832430018973786,1779832431029171804,0.0,0.0,-0.23925298,-0.009340505,0.12570903,0.1721367,0.34020457,0.0041785724
1779832431029171804,1779832432030959165,0.0,0.0,-0.34374398,-0.12024057,-0.006745701,0.06076744,0.27832907,0.0069571077
1779832432030959165,1779832433038968269,0.0,0.0,-0.26964006,-0.09116247,-0.00841897,0.049765214,0.21502827,0.005314654
1779832433038968269,1779832434048933824,0.0,0.0,-0.33179542,-0.10923832,-0.027223056,0.036567178,0.23678076,0.002368473
1779832434048933824,1779832435061428342,0.0,0.0,-0.37235916,-0.15304711,-0.038581777,0.044875573,0.27219996,0.0070426725
1779832435061428342,1779832436068887697,0.0,0.0,-0.42543948,-0.17911945,-0.07483897,-0.0011117022,0.16868345,0.0037054215
1779832436068887697,1779832437080857945,0.0,0.0,-0.34057716,-0.12842192,-0.027041895,0.043880418,0.23396236,0.008905929
1779832437080857945,1779832438085262228,0.0,0.0,-0.31917933,-0.09606937,0.00534399,0.077542536,0.27802745,0.0031081138
1779832438085262228,1779832439109171093,0.0,0.0,-0.44292632,-0.22165763,-0.075257964,-0.017693272,0.20961064,0.0030550724
1779832439109171093,1779832440123027399,0.0,0.0,-0.36068425,-0.157882,-0.03738451,0.025755772,0.25197533,0.0031917016
1779832510511845040,1779832511520862584,0.0,0.0,-0.2382755,-0.028314207,0.08526903,0.14253789,0.32724172,0.0040348615
1779832511520862584,1779832512542863670,0.0,0.0,-0.46346512,-0.25971884,-0.10768952,-0.04093479,0.17727166,0.005022836
1779832512542863670,1779832513554825900,0.0,0.0,-0.4011968,-0.14787638,0.007382266,0.06384342,0.28865254,0.008541132
1779832513554825900,1779832514577018832,0.0,0.0,-0.48888522,-0.25742185,-0.100309104,-0.041028615,0.13175762,0.00440799
1779832514577018832,1779832515580847145,0.0,0.0,-0.44466272,-0.22481783,-0.10970028,-0.038446195,0.14335933,0.0062117833
1779832516591130773,1779832517604802430,0.0,0.0,-0.32007146,-0.10515871,-0.0112214135,0.061721936,0.30311647,0.0045378297
1779832517604802430,1779832518617214902,0.0,0.0,-0.41361266,-0.19819337,-0.06744127,0.0041093044,0.16330652,0.002340291
1779832518617214902,1779832519641278940,0.0,0.0,-0.22471036,0.015383694,0.11917879,0.18101074,0.3532512,0.005027526
1779832519641278940,1779832520656873492,0.0,0.0,-0.45762464,-0.18008785,-0.06740712,-0.0010993385,0.21092828,0.004918116
1779832520656873492,1779832521674915835,0.0,0.0,-0.25287053,-0.041549332,0.08235538,0.14109032,0.31909826,0.0055127773
1779832521674915835,1779832522677094477,0.0,0.0,-0.38086993,-0.15807101,-0.011914174,0.05804916,0.29451415,0.0046012453
1779832522677094477,1779832523699121177,0.0,0.0,-0.45897186,-0.24454775,-0.10734327,-0.041622162,0.11001345,0.003905948
1779832523699121177,1779832524714979571,0.0,0.0,-0.39550662,-0.17185032,-0.05772402,0.0010052815,0.19956674,0.005984196
1779832524714979571,1779832525726895613,0.0,0.0,-0.2271401,-0.024187477,0.098097734,0.14967254,0.330965,0.004675186
1779832525726895613,1779832526737274049,0.0,0.0,-0.3272504,-0.082123525,0.037464477,0.109572046,0.25066665,0.008875991
1779832526737274049,1779832527751436604,0.0,0.0,-0.30111644,-0.04898201,0.064005174,0.11936069,0.31677073,0.004130258
1779832528762589953,1779832529771938919,0.0,0.0,-0.31885198,-0.07926607,0.013200903,0.061267093,0.25425583,0.0061727474
1779832529771938919,1779832530772924267,0.0,0.0,-0.40693614,-0.16826232,-0.07310329,-0.001768702,0.18882506,0.0057028295
1779832530772924267,1779832531787341837,0.0,0.0,-0.34424946,-0.099577315,0.008766762,0.06963213,0.22817819,0.0060731117
1779832531787341837,1779832532795075202,0.0,0.0,-0.18354689,-0.04687037,0.082700334,0.14091113,0.30915725,0.0028379352
1779832532795075202,1779832533806871337,0.0,0.0,-0.35715067,-0.07495734,0.026924813,0.09022333,0.3213631,0.0036252958
1779832535835131378,1779832536851535690,0.0,0.0,-0.3645724,-0.1167863,-0.031347968,0.03349994,0.24171779,0.006829066
1779832539144603463,1779832540148468983,0.0,0.0,-0.3773391,-0.13817751,-0.026700355,0.059859525,0.23363984,0.005763493
1779832540148468983,1779832541169139156,0.026341559143380582,0.0006931989251618713,-0.36540902,-0.13007107,0.0023274457,0.06908799,0.25634962,0.0067435075
1779832541169139156,1779832542188681240,0.0,0.0,-0.40525353,-0.20082696,-0.066447,0.012744218,0.21035838,0.0051261024
1779832542188681240,1779832543215049036,0.0,0.0,-0.32157648,-0.08447609,0.022266377,0.09709283,0.24625304,0.0077315383
1779832543215049036,1779832544229100269,0.0,0.0,-0.2594606,-0.035313644,0.056228578,0.11594037,0.34434396,0.0050862078
1779832544229100269,1779832545230955682,0.0,0.0,-0.27225065,-0.05779447,0.064316064,0.118070304,0.3116663,0.004321939
1779832545230955682,1779832546230962186,0.0,0.0,-0.33270982,-0.11466318,0.016700214,0.07727949,0.25517693,0.00634723
1779832546230962186,1779832547231353234,0.0,0.0,-0.353128,-0.059826028,0.037470613,0.08574211,0.2570997,0.004594334
1779832547231353234,1779832548239914778,0.0,0.0,-0.16374055,0.00809839,0.11941753,0.20700406,0.3217023,0.0038219139
1779832548239914778,1779832549247416661,0.0,0.0,-0.45395857,-0.20588383,-0.116064176,-0.042857826,0.14213426,0.0045363028
1779832549247416661,1779832550257202202,0.0,0.0,-0.36432016,-0.12616059,-0.012934479,0.062300276,0.2977386,0.006641643
1779832551279281101,1779832552301152386,0.0,0.0,-0.2197779,-0.027939053,0.06393211,0.12612021,0.3176836,0.004738633
1779832553302296649,1779832554308724124,-1.4752341796359523,0.07376170898254486,-0.42024168,-0.16873333,-0.021773463,0.0437328,0.24799548,0.007457482
1779832554308724124,1779832555310939814,0.0,0.0,-0.3292962,-0.04847629,0.041471187,0.105025254,0.26710984,0.0057070972
1779832555310939814,1779832556326169253,-0.06586374372141408,0.0014636387493598905,-0.3114283,-0.084508054,0.0350803,0.095789164,0.25598872,0.0063132565
1779832556326169253,1779832557341912088,-0.9616600631306172,0.02137022362486757,-0.28417256,-0.09841267,-0.011494136,0.051051732,0.18992208,0.003532376
1779832557341912088,1779832558357823212,0.0,0.0,-0.31109744,-0.065760136,0.034810677,0.10077911,0.2632687,0.007443555
1779832559402008393,1779832560425885162,0.0,0.0,-0.31722298,-0.09258858,0.0014880704,0.071085,0.2812676,0.005375944
1779832560425885162,1779832561426592673,-0.43475339608524216,0.01175009178628234,-0.39754155,-0.15112424,-0.051884063,0.01970696,0.15454108,0.0077915713
1779832561426592673,1779832562437870588,-0.4479475111659975,0.01178809239882047,-0.22484607,-0.038335845,0.03737422,0.099140644,0.25065073,0.0058672293
1779832562437870588,1779832563461793879,0.0,0.0,-0.27760756,-0.070253626,0.053602166,0.10570129,0.3017069,0.0049759024
1779832563461793879,1779832564473398312,0.0,0.0,-0.190195,0.0014737588,0.08121608,0.13317178,0.32011616,0.00563273
1779832564473398312,1779832565498989796,0.0,0.0,-0.3822573,-0.15613152,-0.04558469,0.037846677,0.22136165,0.006593968
1779832565498989796,1779832566525184104,0.0,0.0,-0.43377846,-0.15245117,-0.065535046,0.004698421,0.19804223,0.0007327815
1779832622526989002,1779832623534859707,0.0,0.0,-0.45357955,-0.24905215,-0.07752065,-0.018482633,0.154524,0.0037090844
1779832623534859707,1779832624534904855,0.0,0.0,-0.26596767,-0.03455757,0.07365993,0.13508344,0.35790336,0.0075231125
1779832624534904855,1779832625559219603,0.0,0.0,-0.42940548,-0.15983152,-0.0072263908,0.06542723,0.23297676,0.0028894353
1779832625559219603,1779832626573114758,0.0,0.0,-0.3528721,-0.12040634,0.0066237445,0.06921401,0.28627965,0.0013608071
1779832626573114758,1779832627582994284,0.0,0.0,-0.30830082,-0.07471375,0.0320687,0.09204876,0.2887682,0.0055177184
1779832627582994284,1779832628587123025,0.0,0.0,-0.39061448,-0.16100262,-0.036288857,0.03653739,0.26827177,0.005753126
1779832628587123025,1779832629601414689,0.0,0.0,-0.42205665,-0.1592697,-0.08128772,-0.013494575,0.24986136,0.00324845
1779832684733152134,1779832685735056480,0.0,0.0,-0.47297436,-0.19803686,-0.06666635,0.0007506369,0.23795499,0.0068856818
1779832691101203451,1779832692109143428,0.0,0.0,-0.3792299,-0.12840137,-0.016304484,0.06264121,0.22471061,0.007009303
1779832692109143428,1779832693139163022,-0.11865179915746744,0.0031224157673461293,-0.4643257,-0.21861385,-0.12034564,-0.05371857,0.12043685,0.003987678
1779832695371844931,1779832696373172617,0.0,0.0,-0.42124122,-0.17771351,-0.08851019,-0.022777298,0.18567829,0.0065073883
1779832696373172617,1779832697393266170,0.0,0.0,-0.37006205,-0.10697465,0.016764155,0.09718147,0.29070964,0.0048788707
1779832697393266170,1779832698412211832,0.0,0.0,-0.30197215,-0.09334505,-0.0036766466,0.07141695,0.30847535,0.005102288
1779832698412211832,1779832699607901194,0.0,0.0,-0.32080743,-0.098364204,-0.0073534097,0.05173957,0.29307324,0.0048685092
1779832699607901194,1779832700617266032,-0.883351462390474,0.019203292660764225,-0.35186213,-0.08576989,0.011527728,0.08717302,0.2579295,0.007373992
1779832700617266032,1779832701630996972,0.0,0.0,-0.26682508,-0.03044724,0.07879483,0.13329211,0.34372333,0.002599458
1779832701630996972,1779832702674058487,0.0,0.0,-0.47031707,-0.20045404,-0.016079418,0.06476202,0.2615348,0.0051380503
1779832702674058487,1779832703679076210,0.0,0.0,-0.40122315,-0.15748042,-0.044834167,0.032023445,0.2105471,0.006703182
1779832703679076210,1779832704702044017,0.0,0.0,-0.28989714,-0.05152428,0.066191934,0.11667391,0.3343102,0.006701174
1779832705708736379,1779832706736632683,0.6987770086745168,0.02588062995056572,-0.47577146,-0.18506601,-0.06652867,-0.005121864,0.17453608,0.00790407
1779832706736632683,1779832707742656860,0.0,0.0,-0.38276815,-0.15590483,-0.0038399633,0.06503141,0.26496074,0.008231839
1779832707742656860,1779832708758007583,0.0,0.0,-0.30576888,-0.0700925,0.012777926,0.108196065,0.25412637,0.005753325
1779832708758007583,1779832709779218281,0.44824633516880796,0.013183715740543575,-0.5099467,-0.26457664,-0.11296108,-0.028456366,0.18481289,0.0030321446
1779832709779218281,1779832710786634124,1.3973449151128754,0.03249639337487087,-0.136732,0.0044208453,0.10282016,0.18725006,0.3482109,0.0047916006
1779832710786634124,1779832711797230728,0.0,0.0,-0.27774414,-0.09423401,-0.0038140232,0.05613676,0.23427719,0.0040159095
1779832711797230728,1779832712821071633,0.0,0.0,-0.564654,-0.3267128,-0.18524283,-0.10501522,0.08754398,0.0024984698
1779832712821071633,1779832713831447592,0.0,0.0,-0.29434872,-0.029224522,0.048358884,0.10793994,0.32039776,0.005171704
1779832714858259814,1779832715883277977,0.0,0.0,-0.37782967,-0.10687849,-0.016474495,0.07408276,0.221541,0.007620555
1779832715883277977,1779832716889187572,0.0,0.0,-0.38463446,-0.10934772,-0.04049131,0.027282495,0.28956214,0.004614794
1779832716889187572,1779832717909435948,-0.5404593114537691,0.01422261345935582,-0.37127197,-0.15777224,-0.035395686,0.037946004,0.2615514,0.008067496
1779832717909435948,1779832718928983924,0.0,0.0,-0.3299641,-0.11151057,-0.012515584,0.04555588,0.27216598,0.0074876235
1779832718928983924,1779832719931038959,0.0,0.0,-0.32400525,-0.14473648,-0.024112852,0.039547447,0.23082578,0.005817849
1779832719931038959,1779832720932207921,-0.3163799802937573,0.008550810278218957,-0.36431128,-0.10410899,-0.009205345,0.052296378,0.26106554,0.004974218
1779832720932207921,1779832721933301205,0.0,0.0,-0.28006148,-0.10773423,-0.017692897,0.038568456,0.21684328,0.004196461
1779832724093829985,1779832725103678610,0.0,0.0,-0.43051994,-0.20171446,-0.092484824,-0.022217294,0.17733367,0.0053630113
1779832725103678610,1779832726107404217,0.0,0.0,-0.3327062,-0.10930268,-0.008258056,0.05387237,0.20533365,0.007353155
1779832727131665788,1779832728135482118,0.0,0.0,-0.37893766,-0.13833138,-0.029971544,0.050874,0.22811641,0.007434907
1779832728135482118,1779832729142297190,0.0,0.0,-0.3211506,-0.104978666,0.0061233668,0.08012887,0.26521164,0.0048656575
1779832729142297190,1779832730142789238,0.0,0.0,-0.255069,0.01402367,0.111942716,0.17017017,0.3303124,0.0065513924
1779832730142789238,1779832731149631834,0.0,0.0,-0.21033165,-0.06986641,0.04206058,0.11754426,0.2744447,0.004481589
1779832731149631834,1779832732184604590,0.0,0.0,-0.35926914,-0.15116681,-0.044065382,0.01689647,0.1828611,0.0011275202
1779832733212010698,1779832734239949069,0.0,0.0,-0.35023755,-0.089850314,0.021359071,0.09503547,0.2475328,0.0074883564
1779832734239949069,1779832735256224097,0.0,0.0,-0.31674457,-0.07373334,0.02731336,0.09128681,0.2590904,0.0078020305
1779832735256224097,1779832736293123202,0.0,0.0,-0.3550481,-0.11524514,-0.012245193,0.071001135,0.24838142,0.006128489
1779832736293123202,1779832737295363249,0.0,0.0,-0.4384565,-0.16844359,-0.06845912,0.0036412587,0.16817108,0.006182233
1779832739383063675,1779832740389153301,0.0,0.0,-0.3074401,-0.094865784,0.0027012478,0.06891597,0.26271778,0.0016865584
1779832742627173999,1779832743654022529,0.0,0.0,-0.31280786,-0.062475,0.021627922,0.08272876,0.3093802,0.0015228254
1779832746839617399,1779832747873555020,0.0,0.0,-0.3689997,-0.13870214,-0.038992856,0.027840003,0.23639987,0.002857798
1779832750957915107,1779832751977052957,0.0,0.0,-0.42045352,-0.1825321,-0.06732185,0.008236898,0.14124249,0.006355007
1779832751977052957,1779832753010659452,0.6725091450572922,0.01817592283912659,-0.27707946,-0.030144915,0.046062347,0.13825212,0.29634738,0.008746064
1779832755068337361,1779832756091154274,0.5273910427802078,0.014649751188440991,-0.33451542,-0.07448181,0.015434689,0.098730564,0.2843252,0.0072601745
1779832756091154274,1779832757123783475,0.5009957291156064,0.012524893227894296,-0.41674018,-0.1798969,-0.015660875,0.07546227,0.26687175,0.00590802
1779832757123783475,1779832758141650668,0.0,0.0,-0.43215954,-0.19825906,-0.04992347,0.03334906,0.2112334,0.007842393
1779832758141650668,1779832759167849400,0.0,0.0,-0.29474753,-0.036001414,0.040651545,0.13119677,0.27658612,0.008848046
1779832759167849400,1779832760199010739,0.6987152869875796,0.013436832441917965,-0.46039495,-0.18728998,-0.062867485,0.015299715,0.14924364,0.007919133
1779832760199010739,1779832761360009971,0.0,0.0,-0.34484366,-0.10641143,-0.012096573,0.05881004,0.26185638,0.004147481
1779832761360009971,1779832762366944050,0.0,0.0,-0.33422115,-0.07496437,0.0038230042,0.102392845,0.25362235,0.008401801
1779832762366944050,1779832763389696511,0.0,0.0,-0.36970294,-0.1793672,-0.061261613,0.012400975,0.20798218,0.0046188394
1779832763389696511,1779832764398912018,0.0,0.0,-0.3442865,-0.08455506,-0.0064448216,0.07283758,0.26413798,0.0037052515
1779832764398912018,1779832765415022958,0.5009356292171644,0.013538800789898981,-0.49102637,-0.22887139,-0.07777194,-0.01220689,0.18888085,-0.0010543446
1779832765415022958,1779832766418298785,0.0,0.0,-0.4791278,-0.22617365,-0.08297493,-0.017347556,0.15690015,0.0026524116
1779832766418298785,1779832767422930670,0.0,0.0,-0.35882232,-0.12745617,0.005501545,0.06879005,0.28276077,0.0055857375
1779832767422930670,1779832768441896008,0.0,0.0,-0.4639014,-0.2103699,-0.0654479,-0.0045609744,0.2250916,0.00091060787
1779832768441896008,1779832769460000661,0.909529497065129,0.023321269155146113,-0.35631058,-0.1409852,-0.018928284,0.034609616,0.25206485,0.0063087805
1779832769460000661,1779832770468263436,0.0,0.0,-0.4138512,-0.1954005,-0.025041433,0.054843992,0.24947222,0.0050585857
1779832770468263436,1779832771495079440,0.0,0.0,-0.40213078,-0.1303545,-0.035618022,0.05485183,0.19934228,0.0072505884
1779832771495079440,1779832772496934542,0.0,0.0,-0.3254881,-0.05914477,0.026977954,0.08329406,0.29475546,0.0075065354
1779832772496934542,1779832773507233766,0.0,0.0,-0.52972084,-0.26052484,-0.10695804,-0.043258738,0.14181998,0.003942486
1779832773507233766,1779832774511118229,0.0,0.0,-0.2944528,-0.0377438,0.037156597,0.10372023,0.2609855,0.00908455
1779832774511118229,1779832775520973919,0.0,0.0,-0.33767045,-0.1234372,-0.028944498,0.053540327,0.20500357,0.0041415226
1779832776521229068,1779832777525176847,0.0,0.0,-0.38293192,-0.11022328,-0.02532946,0.05640741,0.26430938,0.008925728
1779832777525176847,1779832778531131293,0.0,0.0,-0.419581,-0.1490057,-0.0020630967,0.05284481,0.20858726,0.004367118
1779832778531131293,1779832779549543342,0.0,0.0,-0.25477487,-0.02934459,0.065187424,0.12019617,0.31768537,0.005998631
1779832779549543342,1779832780551332741,0.0,0.0,-0.4070991,-0.2138445,-0.09951377,-0.035866555,0.12922862,0.007334736
1779832781577085659,1779832782585196511,0.0,0.0,-0.4427431,-0.18792607,-0.04678387,0.030613147,0.22773887,0.007379021
1779832782585196511,1779832783593183979,0.0,0.0,-0.5179396,-0.28487703,-0.1405846,-0.078260325,0.100536264,0.0023180353
1779832783593183979,1779832784598934012,0.0,0.0,-0.44383872,-0.19960763,-0.04482547,0.018235499,0.18161009,0.0009989538
1779832784598934012,1779832785619005286,0.0,0.0,-0.34036818,-0.114710234,0.021134425,0.08544468,0.28927448,0.0037583825
1779832785619005286,1779832786639289296,0.0,0.0,-0.28564426,-0.094599284,0.0056442167,0.07410523,0.2371767,0.0055830134
1779832786639289296,1779832787663306564,0.0,0.0,-0.27446193,-0.021530226,0.081617035,0.15607685,0.36344993,0.0031740258
1779832787663306564,1779832788671078018,0.0,0.0,-0.4817308,-0.2549479,-0.11065836,-0.041429147,0.13975778,0.0024942444
1779832788671078018,1779832789671507712,0.0,0.0,-0.28700906,-0.05210642,0.04539079,0.12244867,0.28078663,0.004709465
1779832789671507712,1779832790677062570,0.0,0.0,-0.44453096,-0.20841932,-0.09083395,-0.023434391,0.152532,0.0062578227
1779832790677062570,1779832791691356357,0.0,0.0,-0.31911784,-0.072287515,0.01466336,0.07803379,0.22833996,0.008405516
1779832791691356357,1779832792715334430,0.0,0.0,-0.2666467,-0.04185509,0.08699802,0.1365283,0.2751228,0.011219621
1779832792715334430,1779832793733066030,0.0,0.0,-0.3974534,-0.16287008,-0.04200567,0.022485003,0.16964339,0.0068916706
1779832793733066030,1779832794750974625,0.0,0.0,-0.46198532,-0.18022245,-0.06352687,0.006556094,0.18103021,0.004871741
1779832794750974625,1779832795767737922,0.0,0.0,-0.37459797,-0.15425508,-0.041344564,0.034520525,0.23415688,0.004460173
1779832795767737922,1779832796777228514,0.0,0.0,-0.35219327,-0.14643058,-0.03016255,0.0333056,0.23889607,0.00083910854
1779832796777228514,1779832797778043717,0.0,0.0,-0.30213013,-0.093264945,0.0054066945,0.07888644,0.22616346,0.0028921554
1779832797778043717,1779832798779126467,0.0,0.0,-0.3716015,-0.10072676,0.00866307,0.06210703,0.24247292,0.006504639
1779832798779126467,1779832799791222232,0.0,0.0,-0.34515652,-0.06819326,0.043328207,0.10457694,0.3655502,0.008544915
