execution_date,target_available_ns,target_log_return_bps,target_simple_return,pretrained_91,pretrained_92,pretrained_93,pretrained_ensemble,without_pretraining,last_frame_logistic,training_prior
2025-01-01,1735776000000000000,107.96639756492971,0.010855133794990257,18.079156809159016,28.32294435879851,11.072292606201387,19.15812841188473,16.45844261207094,-0.11569568591374735,16.7310417918138
2025-01-02,1735862400000000000,249.8358197972066,0.02529828701817416,31.02546087332839,28.51945263363134,17.931076694604208,25.825328520783433,23.29503059046801,3.1607737355706305,16.7310417918138
2025-01-03,1735948800000000000,121.8898405290884,0.012263572463269812,7.871771861280121,18.486828880873283,17.96726370567849,14.775288036947165,12.719570522387624,4.373872733165027,16.7310417918138
2025-01-04,1736035200000000000,4.719068852575504,0.0004720182508290982,10.167472201268401,28.458217414229832,22.88256533536955,20.502747204430626,16.40264926522026,38.76763571639473,16.7310417918138
2025-01-05,1736121600000000000,14.558655630533245,0.0014569258498047244,18.076190026443175,46.56799429860572,23.88833527158822,29.51083634493129,15.945325804057532,52.79502747161897,16.7310417918138
2025-01-06,1736208000000000000,386.09035123570237,0.039364049367443865,25.737293004220685,31.890378268891194,5.632437299988802,21.08670502449713,18.382071296702946,8.00259458364971,16.7310417918138
2025-01-07,1736294400000000000,-530.3712600862864,-0.05165519642864125,18.98092851480986,17.00010443719741,10.632597470149085,15.537872890244921,17.65160588832304,4.973683765546376,16.7310417918138
2025-01-08,1736380800000000000,-197.28139535716727,-0.019534813201230294,29.24309977348074,21.62453116230459,23.23183460819854,24.699827664883916,21.32735589096998,20.29318264696082,16.7310417918138
2025-01-09,1736467200000000000,-267.38745131460814,-0.026384429891623817,22.787608382477366,20.250125640381725,18.175137505134124,20.404295754363456,20.26110941799213,-5.724962961611878,16.7310417918138
2025-01-10,1736553600000000000,232.13626366317393,0.023485159610508566,9.369726128127546,22.56419617594993,29.883532847141794,20.60581682120095,6.522478614342581,24.3858499678245,16.7310417918138
2025-01-11,1736640000000000000,-13.321990503388587,-0.0013313120671071266,16.08600941779412,38.090878990606015,13.192008426818067,22.45629826867567,18.33979827179009,9.485999168457154,16.7310417918138
2025-01-12,1736726400000000000,-5.807183284977775,-0.0005805497442441521,16.872517472961857,13.658884507108384,-3.725425183487997,8.935320653533983,10.504274188262936,4.71546308629121,16.7310417918138
2025-01-13,1736812800000000000,-0.9477410715027081,-9.47696162264533e-05,34.72744637880878,20.109037472008197,24.56361018993664,26.466696266324952,19.70167369694359,-1.5059027562846627,16.7310417918138
2025-01-14,1736899200000000000,211.9150165349913,0.021417636075780955,14.886254070674518,16.59248118604258,1.1139731647690825,10.864236479684322,20.08793415086812,16.573804572774957,16.7310417918138
2025-01-15,1736985600000000000,399.5797942484759,0.040767039643913705,27.24637152680909,17.087028158222658,16.851253546302637,20.39489410994495,15.642846437525325,12.14538877875698,16.7310417918138
2025-01-16,1737072000000000000,-50.881810693719444,-0.005075258203325772,12.237902903147585,3.6908661968656715,13.504230182027758,9.810997730767031,11.056469414218313,14.131099649778612,16.7310417918138
2025-01-17,1737158400000000000,400.9234776144885,0.04090689517568724,20.949767803217394,28.63924533453211,15.300095973219749,21.62970609952215,12.458359627922942,41.52594643713916,16.7310417918138
2025-01-18,1737244800000000000,45.89487128482441,0.004600034954731269,14.55718280199051,23.406253294024282,3.8125536963001756,13.925330558612558,11.372201827491978,10.19654726586905,16.7310417918138
2025-01-19,1737331200000000000,-313.270015419219,-0.030841395103859304,34.01107405665469,18.35389976614327,17.97104866073628,23.44533121885047,12.136633987642705,19.381753978529776,16.7310417918138
2025-01-20,1737417600000000000,91.2057838093528,0.009162297593928503,23.4722238668084,24.932456900050067,21.10464704246658,23.16977586997349,16.69582690021873,21.445403960367784,16.7310417918138
2025-01-21,1737504000000000000,372.7637730188463,0.03797985527087833,25.91567779911571,4.323319701909435,-14.209518411354576,5.343161603164559,11.528900099582723,4.854574336087615,16.7310417918138
2025-01-22,1737590400000000000,-232.28630058235157,-0.022960922265658046,19.909792502382327,25.402995678196536,4.18877370728129,16.500520857076346,9.772758913951508,26.364846933463824,16.7310417918138
2025-01-23,1737676800000000000,19.621712628701783,0.001964097580618329,11.379338673769045,23.622145499902633,13.980264095734874,16.327245988607256,4.626021180814646,15.774474348932733,16.7310417918138
2025-01-24,1737763200000000000,91.97842840033147,0.009240272985318487,20.233164051424424,23.838855852196986,13.00513342183875,19.02572184569776,5.340364709386457,9.178835203406797,16.7310417918138
2025-01-25,1737849600000000000,-11.797687791035143,-0.0011790731255144626,39.587727559776155,19.85057478553135,12.862593670841333,24.100291696552162,15.493239504078224,27.747691161753146,16.7310417918138
2025-01-26,1737936000000000000,-205.13639258596876,-0.020304665934616106,36.77650214123982,38.119650155628165,8.106914924935882,27.667688211639597,21.810430979785725,23.469298042798695,16.7310417918138
2025-01-27,1738022400000000000,-52.484003942787616,-0.005234651604496987,15.193775491471175,21.61519446071071,-3.0402898654698607,11.256231696435757,15.766267381445116,7.092476759113339,16.7310417918138
2025-01-28,1738108800000000000,-73.4755111376838,-0.0073206238502596666,26.519676530073205,36.45838043834204,24.115672637925712,29.031243110088177,14.726744780774839,23.639650844801483,16.7310417918138
2025-01-29,1738195200000000000,233.85708841243465,0.02366129862460853,19.099642019473553,19.181575730209037,10.24524805143347,16.17548518179688,13.99339016446913,3.9282800942004856,16.7310417918138
2025-01-30,1738281600000000000,94.95495779961031,0.009540721032070154,30.54305401752426,35.79413855995767,-10.861573288743484,18.491872825749326,15.994079374089191,17.95649589165144,16.7310417918138
2025-01-31,1738368000000000000,-221.42853251164527,-0.021899499765762886,31.126953282305895,29.08518180499066,16.45343046336943,25.55518689752898,16.7436860907284,16.585205571383135,16.7310417918138
2025-02-01,1738454400000000000,-176.68674806794027,-0.01751349903289634,9.757010592475009,38.279509532290355,5.516204446569407,17.850908654771654,8.205690866980445,16.579927723701644,16.7310417918138
2025-02-02,1738540800000000000,-295.99070090826194,-0.029165307804410512,16.70566395648367,34.18122065321584,5.0247977248859845,18.637225637057597,13.124879403856115,23.143108166835837,16.7310417918138
2025-02-03,1738627200000000000,364.6021499596994,0.03713304085471747,10.799849659536735,27.82724954158413,-14.151865633926773,8.15840793584583,10.11046105922559,20.1223218179657,16.7310417918138
2025-02-04,1738713600000000000,-358.20198537313826,-0.03518624718748942,30.784233313520417,28.746163658447188,7.108059126035964,22.212816056469208,11.437323833408708,11.366850132014772,16.7310417918138
2025-02-05,1738800000000000000,-118.40102988588077,-0.011770284792407382,9.837778746405208,30.68731715815008,2.257435330556598,14.260838909049493,13.752532558985967,19.11741384456447,16.7310417918138
2025-02-06,1738886400000000000,-6.014491595695927,-0.0006012683252798467,26.217955992198185,35.42041189864536,23.101262685536657,28.24654073531992,17.54945965356623,17.55085270974844,16.7310417918138
2025-02-07,1738972800000000000,-4.925900520273397,-0.0004924687494659574,36.95337032578267,19.92903080424759,3.4388633924966827,20.107093887739786,18.063774817402972,5.451806957719031,16.7310417918138
2025-02-08,1739059200000000000,-6.4316666167222145,-0.0006429598743301623,31.468316945652514,26.83701240866723,7.073174418596309,21.792836000309702,14.312999498012655,4.989833275088351,16.7310417918138
2025-02-09,1739145600000000000,1.8661793919104426,0.0001866353534019094,29.750014409955497,17.158053785718586,19.248896695008504,22.052325121531318,15.404344082107588,26.520051281390657,16.7310417918138
2025-02-10,1739232000000000000,99.85664239646478,0.010035687350816946,29.520360957006808,20.187941249482495,1.6879168141461824,17.13207271245672,25.586168201756955,16.54808830203476,16.7310417918138
2025-02-11,1739318400000000000,-171.07381622402144,-0.01696188126098086,30.15673368398994,31.89626510570977,7.350482967615743,23.134488306845935,21.43730698171857,29.4334987849123,16.7310417918138
2025-02-12,1739404800000000000,216.04861359415864,0.021839936244371083,10.486139377366774,34.2405943664442,16.77526849939164,20.50066826531088,10.136409301345687,45.16477051339704,16.7310417918138
2025-02-13,1739491200000000000,-129.77168269952102,-0.012893327883927608,19.72908551083876,26.994311652308983,30.52138264662331,25.748257869872837,12.832410903733054,2.9403294995056344,16.7310417918138
2025-02-14,1739577600000000000,91.94299337227349,0.009236696745915651,23.399732171707416,37.61442975473874,5.8527462500823715,22.288962000038538,18.50561296141805,25.263387753091116,16.7310417918138
2025-02-15,1739664000000000000,7.094884219879397,0.0007097401684319493,23.53041447755418,38.739446741742114,-6.637963916627767,18.54395834805221,13.00644747202326,23.340138693417327,16.7310417918138
2025-02-16,1739750400000000000,-149.88835134728174,-0.014877061693454596,41.9982771976537,20.19961121872626,-5.574616307639986,18.874424853630003,18.72255346962918,37.545848051620766,16.7310417918138
2025-02-17,1739836800000000000,-35.238524718751044,-0.00351765099026069,27.061993904129167,22.301864185832628,6.542547336213163,18.635467409593733,11.892284067795273,17.954177185010607,16.7310417918138
2025-02-18,1739923200000000000,-11.31042276104348,-0.001130402888869897,32.20096960970895,30.537133261043156,-14.009025341487899,16.243022906771525,16.155402577935224,29.685657485763702,16.7310417918138
2025-02-19,1740009600000000000,101.14995490717065,0.01016632497746972,16.131507707395713,23.169139233923822,1.8599575492087344,13.720194158904029,11.10628302684932,1.1891228365017597,16.7310417918138
2025-02-20,1740096000000000000,170.37039748673786,0.0171829978300857,50.7762469627825,30.382065275318396,-6.021405580819313,25.0456264231465,15.371414000316662,28.118556714600068,16.7310417918138
2025-02-21,1740182400000000000,-218.3286627598199,-0.021596254351634703,36.17951465378453,32.88976629547046,9.177038494911102,26.08210695779266,14.39339346973718,19.696766197487708,16.7310417918138
2025-02-22,1740268800000000000,38.293437132033986,0.0038366850176418943,25.487550399676373,29.14655016712931,-7.578156501561351,15.685309432885806,19.527442033115967,15.63291874824893,16.7310417918138
2025-02-23,1740355200000000000,-30.393831239023623,-0.003034768875022631,20.84920786003779,23.08125269320256,-7.594087024523458,12.112123701892155,10.276579226200756,10.335520767993682,16.7310417918138
2025-02-24,1740441600000000000,-501.15357751721245,-0.04888030085811046,30.14086119753065,23.188124665912095,-1.6329457390617477,17.232011439654404,8.994397087620259,21.848975184710838,16.7310417918138
2025-02-25,1740528000000000000,-318.77946271920206,-0.03137520086752055,22.7535985532204,29.516696827029026,-6.641341738254447,15.20964896201163,17.00169126032267,25.555217861479818,16.7310417918138
2025-02-26,1740614400000000000,-512.4914509219363,-0.04995805724354618,30.788835228868166,27.424246894143195,-9.173255241789484,16.34660783555483,13.441246213291532,19.120052700049083,16.7310417918138
2025-02-27,1740700800000000000,54.27139695978949,0.005441893296493916,16.297398011586434,25.146081240907247,7.3105115155276374,16.25132551778931,12.21594007334552,-7.274893423410593,16.7310417918138
2025-02-28,1740787200000000000,-42.42560953563656,-0.004233574005558238,29.10806658857696,23.439449323606695,17.706289965086572,23.417933727867677,12.650095254961114,41.5336741834281,16.7310417918138
2025-03-01,1740873600000000000,201.23263688074996,0.02032710155726236,7.769690192021213,25.283925164857635,4.553113373807771,12.535576346526206,7.999084681010173,8.537553335273394,16.7310417918138
2025-03-02,1740960000000000000,910.6541941811876,0.09534065946323556,37.42089388254842,23.11700257656975,-2.1387122000979506,19.46639883418589,14.551277523886085,11.925674688938713,16.7310417918138
2025-03-03,1741046400000000000,-892.4727614628383,-0.08538061794638996,15.781631375670301,25.792654198734013,-18.55041025584081,7.674623684524853,11.969855732873807,14.07925366148665,16.7310417918138
2025-03-04,1741132800000000000,122.28403693549532,0.012303476316022577,10.201071264659515,33.507928780477606,3.4169978953508355,15.708665608028467,12.66988632800396,23.1519140228593,16.7310417918138
2025-03-05,1741219200000000000,373.7640914467384,0.03808369150195734,3.8984886907608955,31.523455697821756,5.034131495693241,13.485357118632859,9.234499406528764,27.509465768579386,16.7310417918138
2025-03-06,1741305600000000000,-74.67941165343689,-0.007440125378010198,20.318052799651948,32.51793780063532,3.0483224787278034,18.62810627232369,14.492959208444468,37.22570466762618,16.7310417918138
2025-03-07,1741392000000000000,-354.2582730802956,-0.03480567736380025,5.166844868929294,14.663010544867312,-1.0835232274127988,6.248777588602916,5.147343166620188,13.460088721867166,16.7310417918138
2025-03-08,1741478400000000000,-66.959669731782,-0.006673598939376135,16.116145997308383,9.803981746916264,5.122513195762855,10.34754567577169,13.358676749154915,-0.04025850504785036,16.7310417918138
2025-03-09,1741564800000000000,-657.6495508723464,-0.06364907705022582,7.480875361756539,18.605893897848514,13.825943620447406,13.30423866550482,6.388736842475081,17.378364212844374,16.7310417918138
2025-03-10,1741651200000000000,-268.46719195691077,-0.02648954944653137,11.177618389090282,37.694680857051736,0.47610973835205145,16.449475721515874,16.22460422309652,-15.685903789045058,16.7310417918138
2025-03-11,1741737600000000000,537.1390602473281,0.055182677560879245,18.46611688856816,30.747516483667702,-8.060294994299529,13.717781776800727,19.622159507722472,9.675876708512334,16.7310417918138
2025-03-12,1741824000000000000,89.68502033038601,0.009008839546240877,16.70217595312374,25.850435528285885,8.586935828472777,17.04651414841541,16.0314519457373,8.266303961443649,16.7310417918138
2025-03-13,1741910400000000000,-311.2391755655611,-0.030644554525017353,25.448132231921495,23.852700524669928,8.354224273804599,19.218347159699054,17.61868884011172,11.726944888692607,16.7310417918138
2025-03-14,1741996800000000000,347.3914297576091,0.03534959535616866,10.366176343797987,31.41730578370136,8.36353928735565,16.7156693076038,15.957905463166272,27.44081395597504,16.7310417918138
2025-03-15,1742083200000000000,42.210918166076,0.004230013172874303,18.10818418062122,33.08169868132674,-0.6117444425793193,16.85937535257479,12.885348363262915,-11.15821167681441,16.7310417918138
2025-03-16,1742169600000000000,-211.3659322322127,-0.020914780970575197,10.317618952918133,27.722012661674746,31.739938287603294,23.259857103172838,14.189985908848923,41.365773582215304,16.7310417918138
2025-03-17,1742256000000000000,172.3491908103186,0.01738429723842172,2.9369524797244004,41.63639934223346,15.810975445987438,20.128106819307565,11.661954807271181,22.63104454453362,16.7310417918138
2025-03-18,1742342400000000000,-155.34750693542276,-0.015414708864490256,15.466764497536307,24.4463034218691,-9.927496306680768,9.995194326588908,10.662429149699186,0.47142914048635237,16.7310417918138
2025-03-19,1742428800000000000,487.3430243250707,0.04994134681447848,13.846322142066699,29.13144856355572,-12.149432144804567,10.276113375876669,14.075237960952615,20.060289108832176,16.7310417918138
2025-03-20,1742515200000000000,-306.6307426907483,-0.030197730624797137,10.25374556781832,35.59360157668009,9.820457142090946,18.55593318209106,12.025210453165512,22.347631097287767,16.7310417918138
2025-03-21,1742601600000000000,-15.992905169850523,-0.0015980123333926288,31.41708978228589,38.57787348145821,21.627743543521312,30.54090311809746,18.59345979856982,27.426535125050275,16.7310417918138
2025-03-22,1742688000000000000,-29.5600663481781,-0.0029516419489445944,37.62822729304041,33.69174529187475,1.4682898453524265,24.262756039840934,13.485128833054972,9.979240565258332,16.7310417918138
2025-03-23,1742774400000000000,263.8888098095968,0.02674015056430301,15.535080259469751,24.506151828442903,-1.1776475262214396,12.954524355541597,17.221644487846106,-3.969359305544654,16.7310417918138
2025-03-24,1742860800000000000,163.1162582836565,0.01644538669299811,20.534980076882928,27.128753518036234,1.1472049003016442,16.270314641519366,19.85242171216857,19.436618893026836,16.7310417918138
2025-03-25,1742947200000000000,-12.039497588543933,-0.0012032253021091455,-16.881931999950606,14.812024519099165,5.046833537213609,0.9923070514419101,10.420112956139425,0.9608297878734456,16.7310417918138
2025-03-26,1743033600000000000,-55.502645177246364,-0.005534890256506109,9.537973562412096,18.366180528761262,5.028842742797002,10.97766395840748,8.937645918546853,11.54780962769793,16.7310417918138
2025-03-27,1743120000000000000,37.0780041643374,0.003714682811951864,26.74178891130889,21.454232399539972,9.316087234122215,19.17070175031138,18.18180991301779,-3.194548243444777,16.7310417918138
2025-03-28,1743206400000000000,-327.151282624945,-0.0321857767578666,13.505806255801582,4.183008942349964,-4.867824806727112,4.273660350993873,12.526204765626705,-8.522292774390312,16.7310417918138
2025-03-29,1743292800000000000,-212.5918418345377,-0.021034800610913673,14.358071581629972,16.15492838544928,17.804772040751978,16.105924866945905,13.167138819660124,14.136464619354026,16.7310417918138
2025-03-30,1743379200000000000,-31.329679374443504,-0.003128065314652262,19.039670678806832,14.707767105508909,-9.943818405969708,7.934540496157141,15.359268579087253,-3.959990906076727,16.7310417918138
2025-03-31,1743465600000000000,19.40100038638304,0.0019419832503944079,18.282321068640385,16.079794947737156,13.013457000303829,15.791860814307734,14.275939530016096,3.3434813174528317,16.7310417918138
2025-04-01,1743552000000000000,311.08294177873387,0.0315972138098124,12.049431529542654,33.24074397002675,18.265879192596902,21.185350112324297,13.020972559394698,19.042077866565144,16.7310417918138
2025-04-02,1743638400000000000,-315.1685733770288,-0.031025378016366068,21.719326780527457,19.401955253637638,-14.983793116385565,8.712502405534936,17.6574091866806,6.657324158828094,16.7310417918138
2025-04-03,1743724800000000000,84.0905997628593,0.008444515433802868,18.873948639387923,33.49443525340091,20.912624637741605,24.4270039095559,17.434674081124175,17.54686068651209,16.7310417918138
2025-04-04,1743811200000000000,81.00200026060092,0.00813309540602325,23.042595374184124,33.130557380653045,-1.515576209629991,18.219197806834348,13.927870334061977,-6.241914397917246,16.7310417918138
2025-04-05,1743897600000000000,-42.03368759459135,-0.004194546969735313,35.723726506082514,24.013936421582113,11.256749293482422,23.664800001770548,22.153069695526156,36.47847299131888,16.7310417918138
2025-04-06,1743984000000000000,-630.9499122461922,-0.061145713465215135,25.164119274419928,22.33038151582223,10.009529477298496,19.168011455906452,15.641501582893442,20.260750839977206,16.7310417918138
2025-04-07,1744070400000000000,93.0554243469642,0.009348973607038236,14.481038256560833,12.525938166416632,6.415477686938791,11.140812821634418,18.552284026304143,8.466299235118969,16.7310417918138
2025-04-08,1744156800000000000,-365.45314426559463,-0.03588559538492875,13.852326179728221,36.93483993182178,-1.9192285254957862,16.289308191110877,13.834604728681857,14.506232864565446,16.7310417918138
2025-04-09,1744243200000000000,792.271898213657,0.0824502158081466,24.5505445603519,26.05456436229637,16.102724224267842,22.235942634212698,13.859738563618725,12.765865305843898,16.7310417918138
2025-04-10,1744329600000000000,-370.8812786599812,-0.036408787630172745,29.937697520824152,36.996347223219345,23.54167830893261,30.158570752905423,12.882290871631692,10.134283270327074,16.7310417918138
2025-04-11,1744416000000000000,468.2820277804306,0.047941960096624214,31.204347789849813,32.39362533677033,16.688683117151772,26.762220011894126,21.49523831134402,37.57649647423568,16.7310417918138
2025-04-12,1744502400000000000,219.69726211469845,0.02221283774672056,13.85126495082352,37.220017936908086,9.688755639386208,20.253341465349088,14.38778497451164,3.493151512549946,16.7310417918138
2025-04-13,1744588800000000000,-179.48159615311206,-0.017788050716190384,18.97332214843559,26.35571645902086,10.718577247807922,18.682543800844616,15.676079301776031,23.985921205246832,16.7310417918138
2025-04-14,1744675200000000000,98.7916790997592,0.009928127984718316,23.99533835042841,19.96429112582647,9.226801757373151,17.72881775787857,14.901472424893328,5.583530009542959,16.7310417918138
2025-04-15,1744761600000000000,-112.6515660201265,-0.011201942320973268,25.278633160049836,23.39376531667008,14.775135619922285,21.149172421647755,16.777925257819884,14.871536710280271,16.7310417918138
2025-04-16,1744848000000000000,46.08822254111565,0.004619459210398746,5.5431305523997265,34.37893013210793,7.530482162653455,15.81751257854269,11.248774547271541,-1.416548025167701,16.7310417918138
2025-04-17,1744934400000000000,108.59962702651274,0.010919146146905367,20.48830110599345,27.65056907060544,22.444081875354268,23.527654376661193,15.819427914034291,20.48664270111607,16.7310417918138
2025-04-18,1745020800000000000,-55.86281579512135,-0.005570707322792634,31.38447419297436,37.20920724637443,14.413402764781882,27.669030471064833,8.582260198941718,31.777171781641517,16.7310417918138
2025-04-19,1745107200000000000,71.04647531971361,0.00712994541560974,4.028969321299441,30.329849878860564,-2.6004987962111965,10.586103024022757,16.578205566001177,9.80431380856824,16.7310417918138
2025-04-20,1745193600000000000,12.010133935711636,0.0012017348989739052,11.391041106176852,22.246835394888926,30.56860206621928,21.402156875083662,13.865974795240417,3.5976075926664994,16.7310417918138
2025-04-21,1745280000000000000,270.66405439942093,0.02743602783964727,5.968619940649629,29.866474727307487,11.086001341953523,15.640365881014374,12.57412185737142,25.00876576116728,16.7310417918138
2025-04-22,1745366400000000000,655.2737009881098,0.06772196056913793,12.309825884723297,29.350239028868003,-5.073120619716749,12.195646651548348,10.739246177462293,4.033540918897513,16.7310417918138
2025-04-23,1745452800000000000,26.513628286356184,0.0026548807995121493,3.316244656244954,31.601780972059835,11.733476928178385,15.550502941617099,7.23064457970341,15.5572425750486,16.7310417918138
2025-04-24,1745539200000000000,30.841141857941107,0.003088874958947496,11.011915697455413,32.9290879132526,5.4399023371742405,16.46029746228932,12.51001056533831,14.598898910780994,16.7310417918138
2025-04-25,1745625600000000000,69.79277255771385,0.007003689170739236,17.097214584356383,19.578685916325604,-11.109835057032107,8.522015344318802,20.21137202166111,26.06781830091289,16.7310417918138
2025-04-26,1745712000000000000,-1.1285663183106742,-0.0001128502637609552,28.95942071047393,22.215908860374082,22.329676305414043,24.501669669015264,14.687794307496185,24.66330646750043,16.7310417918138
2025-04-27,1745798400000000000,-93.29323861651935,-0.009285940736357134,10.56102330152474,24.57629401896799,-0.19111536838696458,11.648731112672255,7.8996556442112835,5.546053158464469,16.7310417918138
2025-04-28,1745884800000000000,133.7047739831472,0.013460261939050477,28.567388825610873,25.152257022606282,-2.82015214663572,16.966499480991942,17.57755287443984,26.17217146744894,16.7310417918138
2025-04-29,1745971200000000000,-79.71384433910092,-0.007939697201950202,16.483415294562572,25.8545707473006,7.583136684970289,16.640374158846445,21.384909383329305,8.578063805136956,16.7310417918138
2025-04-30,1746057600000000000,-9.002869702098005,-0.0008998818334843284,21.611519708370324,23.72003494025815,7.8356012492541165,17.722384384071965,20.32787726477115,21.275207566604692,16.7310417918138
2025-05-01,1746144000000000000,243.1544217222501,0.02461347321921581,17.943510555482753,33.90843768279453,-1.97760853954221,16.624775583157877,17.318670118622222,4.353786611740088,16.7310417918138
2025-05-02,1746230400000000000,41.083530833269734,0.004116803934919755,32.856351033888764,21.279865593746617,0.1449702863417322,18.09373088816013,21.151730562197724,11.650868121883809,16.7310417918138
2025-05-03,1746316800000000000,-106.95245833927096,-0.010638255049974177,27.695337684803608,24.85848053725997,-13.051500807496803,13.16744066007213,15.00058030178569,37.51303136438649,16.7310417918138
2025-05-04,1746403200000000000,-166.0771917892881,-0.016470571298197845,36.439534993029845,24.209997168575693,22.88287350888062,27.844133659923337,17.99438541799935,52.32450087855886,16.7310417918138
2025-05-05,1746489600000000000,48.258586575876826,0.004837521867599337,10.879772913484267,32.72586067669991,8.524475396238167,17.376705034244043,14.066168932983855,15.239765132248444,16.7310417918138
2025-05-06,1746576000000000000,219.28792437757434,0.022170995574119168,12.875482309347447,30.569511301358887,18.511780157606225,20.652258589595032,15.341400748445173,33.34467288191556,16.7310417918138
2025-05-07,1746662400000000000,20.269832486365164,0.0020290389679165077,13.983855415116311,21.403850219503216,1.8769180108384416,12.421539338382633,8.260096312493639,7.141613942588625,16.7310417918138
2025-05-08,1746748800000000000,622.4030897081844,0.06421805514760814,20.01735019678796,16.728094433412334,22.45049886079496,19.731982261651343,10.271551177914764,7.751584585186311,16.7310417918138
2025-05-09,1746835200000000000,-28.08661540998581,-0.002804720941306238,14.365683031489121,18.78211615596445,0.9455191812820707,11.36443781961069,13.868901115890237,3.7545042349418294,16.7310417918138
2025-05-10,1746921600000000000,176.87693367897714,0.017845046988020696,13.047506497433417,27.706675148200027,23.01892791449645,21.257700254943657,16.272584758636462,12.74160592646598,16.7310417918138
2025-05-11,1747008000000000000,-66.1983153067692,-0.006597968715249425,26.363757207051755,20.298713485978737,14.607222233170168,20.42323747195285,13.133765721486979,17.548358810274692,16.7310417918138
2025-05-12,1747094400000000000,-128.23957677924932,-0.01274208110028996,26.300774685243482,25.346845894241135,21.05048917763339,24.232700856205906,22.39040105859788,41.54116815730124,16.7310417918138
2025-05-13,1747180800000000000,126.86796194268246,0.012767615008738131,36.60867581714055,16.825475773049742,13.275242371500521,22.236460579249083,20.140476490746245,3.202931828057293,16.7310417918138
2025-05-14,1747267200000000000,-57.40447834909493,-0.005724002946292384,40.6130886275207,52.23734814458262,27.061034567677964,39.97048887256594,15.421308617070169,8.900518536131512,16.7310417918138
2025-05-15,1747353600000000000,24.690329409397716,0.0024720835129090624,30.64528673198497,24.542952041447215,7.247785399684748,20.81201110844349,19.581311094843848,10.897844375940407,16.7310417918138
2025-05-16,1747440000000000000,-28.935353660749545,-0.002889353127408567,47.94024390196682,26.992304815720743,4.735576600094839,26.556046187592543,23.426674106550305,21.872593010412427,16.7310417918138
2025-05-17,1747526400000000000,-32.64915065874072,-0.00325959102643536,25.460777879164848,23.461624954579182,13.373103823492073,20.765175558447122,15.37672228858558,7.3830028848595255,16.7310417918138
2025-05-18,1747612800000000000,317.57658737128827,0.03226731402600591,18.074247923579843,36.503973674626614,6.754195382007005,20.444135687599466,15.436004025008431,13.18269501929322,16.7310417918138
2025-05-19,1747699200000000000,-83.05931879333451,-0.008271532931464431,29.945803499481137,37.124560379925256,5.2509640929923265,24.107112476466376,14.131492746199626,-6.481044917167354,16.7310417918138
2025-05-20,1747785600000000000,120.16410380514905,0.012088897493723216,33.67677724282114,17.785506481794265,21.565960749545006,24.342749512743634,15.718303091613034,39.95663621460475,16.7310417918138
2025-05-21,1747872000000000000,258.12680835062105,0.026148713149274805,20.44903105487722,14.741129021852252,24.04417427931318,19.744781554096033,12.256373410228791,8.981232401538126,16.7310417918138
2025-05-22,1747958400000000000,185.4420225774508,0.018717213775237385,13.050010003135922,21.274521388695536,0.020506593147351794,11.44834576729259,12.202562373020461,11.678550621407972,16.7310417918138
2025-05-23,1748044800000000000,-399.83679903079974,-0.03919488054295839,20.272127345843472,24.245642290856605,10.444759122388266,18.320850728609994,11.738002079516356,51.02166120816997,16.7310417918138
2025-05-24,1748131200000000000,41.24978766099946,0.004133498201145391,34.74332404570785,24.982108266664735,8.220100230372305,22.64851795729659,17.54638671149527,12.795783481700186,16.7310417918138
2025-05-25,1748217600000000000,114.62249875908925,0.011528193174025425,50.29894779382828,30.11245379623235,6.4677436797432755,28.95971972519901,23.538999849858573,43.425182191749464,16.7310417918138
2025-05-26,1748304000000000000,39.42341771370788,0.003950123022782526,17.377798083512488,21.839151140401267,12.916920230643955,17.37795774021516,11.57409060460465,20.52849771935657,16.7310417918138
2025-05-27,1748390400000000000,-45.48281791389211,-0.004537954021564317,13.322137100063498,19.565740328816535,25.551830314491205,19.479902573196707,11.436043324567807,10.034417759189111,16.7310417918138
2025-05-28,1748476800000000000,-106.718460844975,-0.010615103962183348,38.168086655990145,28.822811188738026,27.226818200786486,31.40589469821822,15.282304133830424,15.547128768375307,16.7310417918138
2025-05-29,1748563200000000000,-205.4732532520838,-0.02033766746104948,25.265079979567368,21.36702432122112,0.9332911614185271,15.85512941880005,12.155687740663314,6.59253791982228,16.7310417918138
2025-05-30,1748649600000000000,-153.10124324823573,-0.015193520204375921,37.19915311600159,22.89550096475285,18.39305964446235,26.162566717125905,17.88710973493354,16.099370431635652,16.7310417918138
2025-05-31,1748736000000000000,58.14741712088358,0.005831680137619255,23.14167313681184,21.453653230577967,5.703970563092552,16.766428700385212,15.256791419976565,-14.875767901848286,16.7310417918138
2025-06-01,1748822400000000000,99.9890319604234,0.0100490592577549,38.92618174461328,21.394584175565814,5.060354678120331,21.793708411992444,21.171552310885744,27.352018367135535,16.7310417918138
2025-06-02,1748908800000000000,20.33750623507807,0.002035820097000318,21.06087225341379,41.04956771248688,11.906001738771035,24.672145629360475,11.626463498747947,9.539557343871971,16.7310417918138
2025-06-03,1748995200000000000,-45.551263722876485,-0.004544767518751547,6.195832511783382,43.05336563913264,13.881559393325336,21.04359107726159,20.239973688750837,19.28453354273382,16.7310417918138
2025-06-04,1749081600000000000,-64.74320023828908,-0.00645340677131323,22.937553035504063,20.627682123420207,12.165963345561371,18.57706371920942,19.85095285986658,14.099266956811215,16.7310417918138
2025-06-05,1749168000000000000,-309.24716397298556,-0.03045143856272292,40.67851803273682,28.32738619698113,7.3906179321156875,25.465512032127542,16.400118883343,29.350701334201197,16.7310417918138
2025-06-06,1749254400000000000,270.16015263381837,0.027384256461195466,29.46082104789453,20.312374003907607,13.329912487820517,21.034372370373514,23.232381461170863,16.87806477426242,16.7310417918138
2025-06-07,1749340800000000000,120.44717736055014,0.012117547459483236,32.67667934541398,31.406445347686432,-5.81698869378993,19.422045511031026,13.556511457447627,10.482533000198687,16.7310417918138
2025-06-08,1749427200000000000,17.214572398925068,0.0017229397980049743,-3.9380421280682603,20.362922486782598,0.5796725391311591,5.668187785475016,2.513972984166925,-1.0422192148651181,16.7310417918138
2025-06-09,1749513600000000000,419.42001772458997,0.04283399447349079,14.820338274422186,18.39399019431733,26.597154640968412,19.937166424376738,15.955666307360643,28.33541512431732,16.7310417918138
2025-06-10,1749600000000000000,1.0311175786527098,0.00010311707406529536,30.715829153205334,25.10305894410119,0.6941665326956228,18.83768490497674,15.254523352977257,23.892521537008562,16.7310417918138
2025-06-11,1749686400000000000,-148.84831477943078,-0.014774599977383618,28.13563270831107,24.518240568043066,9.556566217882049,20.736814554362706,13.422856753798596,1.6545245483682198,16.7310417918138
2025-06-12,1749772800000000000,-277.49386197380437,-0.027367908713441635,44.24706629784565,27.335847395991898,35.872781083733756,35.81857007076712,18.57782032719115,14.807618095694874,16.7310417918138
2025-06-13,1749859200000000000,37.29607744577808,0.003736571386067755,-0.24502213193359135,29.57237240852439,-7.880846133365833,7.148830960793804,3.1409154269803805,-7.919787000814257,16.7310417918138
2025-06-14,1749945600000000000,-61.656733905955065,-0.006146704631496025,26.192848829309575,11.462755640021244,11.845655915153863,16.500422576309937,14.2238390654692,6.277956391588442,16.7310417918138
2025-06-15,1750032000000000000,17.003098519311816,0.0017017561983569962,14.572614400602745,30.365501700614203,17.270813796135755,20.736310362650762,11.880162640139023,28.186454481555877,16.7310417918138
2025-06-16,1750118400000000000,113.04967105170968,0.011369109727993987,26.50118463456851,29.326615752260626,11.46353028681339,22.43044314595836,17.420480098460423,30.143874898331465,16.7310417918138
2025-06-17,1750204800000000000,-212.30091356166642,-0.02100631933114927,11.371700137604522,15.466994105373853,6.773168232770837,11.20395367510219,10.369703347423231,10.976983049154779,16.7310417918138
2025-06-18,1750291200000000000,32.049613860299694,0.0032101027659470205,17.71519677103422,28.12389872336993,26.07875985889164,23.972619519316698,13.384606420358631,21.970320550190632,16.7310417918138
2025-06-19,1750377600000000000,-21.780493582167264,-0.002175679129850394,3.1669469165247146,6.325358657215917,22.107597238478625,10.53330437465287,7.772484204761299,13.730388996546276,16.7310417918138
2025-06-20,1750464000000000000,-130.85707418295283,-0.01300046178722647,15.740071293129152,38.3995478950519,21.273793639647494,25.137805904420482,18.269557014609983,44.85491922897823,16.7310417918138
2025-06-21,1750550400000000000,-114.69033018048489,-0.011403514376563728,21.23430365044606,24.914973532923568,28.51538461545186,24.888219479271918,23.710775621450022,39.778205079947845,16.7310417918138
2025-06-22,1750636800000000000,-113.86058150357384,-0.011321482310716391,-3.19806673278737,22.418239376048735,10.297234478382551,9.839137434865592,12.074232810485691,16.58232840283446,16.7310417918138
2025-06-23,1750723200000000000,423.7295432495915,0.04328350329677355,1.2272608346497766,25.833842268635674,-5.516273340154459,7.18161417950554,1.802938849252689,8.495581079737551,16.7310417918138
2025-06-24,1750809600000000000,70.86122184764345,0.007111288156504969,38.56803462456123,22.833947440645986,7.634629172370964,23.01219930687454,15.729571768973404,9.887065428544284,16.7310417918138
2025-06-25,1750896000000000000,117.8505670593411,0.011854774091984543,35.759744623226375,23.217234718640285,10.861866082864356,23.27961306900509,15.111508072820252,46.238008904381545,16.7310417918138
2025-06-26,1750982400000000000,-36.72917617079883,-0.003666180705732991,20.972501891949598,33.748280230843356,8.3505043853594,21.02375884328035,9.368325940636877,9.240928222460761,16.7310417918138
2025-06-27,1751068800000000000,9.394628519029482,0.0009399042853539541,6.776777264390113,33.60004091023529,3.255299276852321,14.544040491719251,10.1417378757577,21.36831298271258,16.7310417918138
2025-06-28,1751155200000000000,23.253245447281138,0.0023280302086230442,31.880326918826764,23.300271171450113,-0.6799835742241073,18.166872278164305,15.462344149465398,30.742175444298166,16.7310417918138
2025-06-29,1751241600000000000,98.3195226177919,0.009880444699230884,31.686918418938365,25.42146711588875,22.486458244457843,26.531614812909687,18.81829307387358,19.825514926235076,16.7310417918138
2025-06-30,1751328000000000000,-112.33535100704724,-0.011170674547534731,16.863295637309097,30.22265776626887,11.662396314335185,19.58278056564632,15.482351480821343,20.119056979897696,16.7310417918138
2025-07-01,1751414400000000000,-137.70797413229724,-0.013676413725467906,7.748252918590938,26.177766771891974,15.06185672365641,16.32929652951974,8.099598003142933,16.232122928987096,16.7310417918138
2025-07-02,1751500800000000000,295.40668208125635,0.029981322114931874,32.10301643672235,45.00884260782327,-7.031469272120218,23.360132509019937,20.103104281169248,31.493766635875655,16.7310417918138
2025-07-03,1751587200000000000,67.31383981978067,0.006754090667681956,19.706136034867253,26.901964827002267,1.6699385116186256,16.092680770801117,9.955934398493403,26.690931314660023,16.7310417918138
2025-07-04,1751673600000000000,-147.1302184791367,-0.01460531422386524,29.161670064067767,36.987352183076524,5.352081413676596,23.833699921797916,18.036005292819706,21.310791376111307,16.7310417918138
2025-07-05,1751760000000000000,19.786078742046065,0.001980566610408463,40.700208604869765,21.901625909680384,-3.911261329740437,19.56352512544836,18.494155032007424,15.227246385317232,16.7310417918138
2025-07-06,1751846400000000000,92.52328069192058,0.009295263170931323,23.36938848873151,24.921502531536174,7.4140811783402105,18.568323169884778,18.79169308032659,7.303767644457891,16.7310417918138
2025-07-07,1751932800000000000,-86.53421254843792,-0.008616088169052682,38.78210386487161,33.63681461107701,18.136578158722507,30.185168500013805,17.861230822649894,33.66387807667915,16.7310417918138
2025-07-08,1752019200000000000,60.782209244864184,0.006096730792642502,14.543829729991069,29.34650761654479,11.611905756133575,18.50074493719238,12.13402112865125,25.2102673722725,16.7310417918138
2025-07-09,1752105600000000000,209.94971709299108,0.021216916649092976,15.064007788422373,38.5856408182505,12.450389754054196,22.03334604504368,14.342356152528032,15.884564562187249,16.7310417918138
2025-07-10,1752192000000000000,420.40390008266843,0.04293660211805728,28.416307752496927,35.667817189305424,27.103805253709368,30.39597139534873,21.67308329078308,23.133783885806565,16.7310417918138
2025-07-11,1752278400000000000,129.9722964952155,0.013082060763549785,37.185955273666764,28.987178790031393,30.236463695148743,32.13653575821504,15.28366542380675,5.889456834339295,16.7310417918138
2025-07-12,1752364800000000000,-9.164595002588142,-0.000916039679510372,25.15892487422659,15.886336631220596,-10.866460717026794,10.059597682922718,14.261869082647578,10.692559964535384,16.7310417918138
2025-07-13,1752451200000000000,140.94128762483953,0.014193919264179788,20.26402184559019,14.389823764274693,6.084716642860647,13.579515839574032,18.19608491370507,14.684819191731183,16.7310417918138
2025-07-14,1752537600000000000,63.159033400840464,0.006335890714870285,35.95803790096976,33.360255767448,-2.2503769223771504,22.35596543054953,13.107302850062037,9.608621883655738,16.7310417918138
2025-07-15,1752624000000000000,-175.34932238785126,-0.017382089977926563,32.383619462790975,22.19356362934163,-24.092397087840425,10.16159743168227,14.428319460884452,8.20250490260876,16.7310417918138
2025-07-16,1752710400000000000,73.80764177522164,0.007408069153301389,24.569773844919922,28.213102991474035,19.61639800646853,24.133089444866613,13.38196148489592,15.288916472564521,16.7310417918138
2025-07-17,1752796800000000000,46.013671981444325,0.004611969744021893,19.726576595734862,17.421134061004306,16.504377702030087,17.884027185126026,11.804255129297752,2.552017264965253,16.7310417918138
2025-07-18,1752883200000000000,-105.6700950065718,-0.010511374792368633,25.979224589505105,23.333963382742308,11.261889798105658,20.191692751721686,10.214107883273178,20.10675399937787,16.7310417918138
2025-07-19,1752969600000000000,-7.196153596326174,-0.0007193564985968903,24.27069294751096,31.479142889724084,4.697219184670322,20.149021324348396,6.044212247311749,4.0638425105680005,16.7310417918138
2025-07-20,1753056000000000000,-48.90588055793391,-0.004878648601608138,33.69070978376079,26.82352386296953,28.094881849861395,29.536373152462893,11.179884329647805,6.584750854766643,16.7310417918138
2025-07-21,1753142400000000000,9.823331280831315,0.0009828157752975741,38.119569112124594,24.157539820248054,18.82340303366514,27.03350148991971,11.878645136999166,11.137288248316834,16.7310417918138
2025-07-22,1753228800000000000,216.9231857126572,0.021929307424171984,23.413476638721047,15.980991734026361,7.514357938142398,15.636275884663451,15.173754653984068,23.86275133828571,16.7310417918138
2025-07-23,1753315200000000000,-100.40952704626135,-0.009990710639031786,16.25269123985889,20.044689237933422,17.921421970104742,18.07293458933822,17.699896490353076,14.942552159567777,16.7310417918138
2025-07-24,1753401600000000000,-35.00849516276867,-0.0034947286873926453,38.27837392116101,12.961163891704606,34.06931253575599,28.43628383601311,18.00377130199303,16.355656488107567,16.7310417918138
2025-07-25,1753488000000000000,-61.594067027136006,-0.006140476443578513,35.3407542760772,28.675346814640648,13.146342728256808,25.720818735373825,17.484606100523415,2.3212515884847447,16.7310417918138
2025-07-26,1753574400000000000,25.95631902628258,0.0025990034716014687,39.486096385403094,22.441207782340534,23.521047394187892,28.482778117955213,16.597322147696577,32.10609977881081,16.7310417918138
2025-07-27,1753660800000000000,126.0316708800504,0.012682921699704863,26.675991330399025,10.095710451890135,14.780845398884779,17.184179791814284,13.050515511718375,4.3729339531208264,16.7310417918138
2025-07-28,1753747200000000000,-113.96890081404494,-0.011332191550246784,40.1618985516347,32.000892122580595,15.357499093985028,29.173426935941887,13.654925645266939,43.148814939526424,16.7310417918138
2025-07-29,1753833600000000000,-9.454561843623395,-0.0009450093814860061,16.084207089920817,26.977533420766996,-11.46447299076995,10.532423276342067,18.545924105419505,10.672788106012561,16.7310417918138
2025-07-30,1753920000000000000,-9.369313446390988,-0.0009364925615140685,45.604326038413824,42.40870665271582,22.333686408372053,36.78223762844108,18.502333562941143,17.565740626624482,16.7310417918138
2025-07-31,1754006400000000000,-177.759924606477,-0.01761893152163818,35.47054105556736,44.3140596618759,8.286109215792955,29.356910156832694,18.07450271745524,18.687118473169836,16.7310417918138
2025-08-01,1754092800000000000,-215.33431129962162,-0.021303242016283752,32.99239969912223,26.002554173043663,18.583662345474465,25.859538102872147,16.23616921910829,9.778697118738362,16.7310417918138
2025-08-02,1754179200000000000,-66.55672728976633,-0.006633572796393761,29.13053592675834,39.47887932761357,20.93964531424957,29.849682331929,14.779753874323186,21.5463086846836,16.7310417918138
2025-08-03,1754265600000000000,146.63302809599617,0.014771336431612214,29.522780249765923,31.329169877279618,27.90605482162389,29.58600486680893,14.825530426793998,19.261963175449296,16.7310417918138
2025-08-04,1754352000000000000,73.8209604198553,0.0074094108852023055,49.57071505062478,20.318859646887113,-5.94833599593848,21.313741230667535,15.843047381431724,17.314559640341315,16.7310417918138
2025-08-05,1754438400000000000,-80.74576568790104,-0.008042064740672372,21.08739239926942,20.920623009503505,5.766257448043418,15.924755755125874,12.824742383192673,18.81895886794515,16.7310417918138
2025-08-06,1754524800000000000,75.2894963418136,0.007557363439418818,26.701195403945867,29.482480913876888,8.4603430154921,21.548009505501085,20.227126034312473,14.17120631166864,16.7310417918138
2025-08-07,1754611200000000000,213.35268854990647,0.021564492987224293,37.21416507803665,18.502371547589664,6.086450620349844,20.600996241096624,17.463706289476992,-5.412370533006278,16.7310417918138
2025-08-08,1754697600000000000,-68.10114146606163,-0.006786977869283284,32.175821186382564,28.952719705696744,14.839722551997102,25.322752705947217,21.940774026259145,2.120497460023676,16.7310417918138
2025-08-09,1754784000000000000,-18.228772606176666,-0.0018212168289383213,22.887152186682517,9.86284460683132,9.674782509400414,14.141594445330568,10.728857713283606,-8.192083911130998,16.7310417918138
2025-08-10,1754870400000000000,240.26111613835232,0.024317064113049458,11.64015892581783,18.166894374625393,-20.093279142186933,3.237926425924847,12.766073087410414,-14.493684895343238,16.7310417918138
2025-08-11,1754956800000000000,-51.11947512363978,-0.00509890374449673,43.02722033858791,41.419100872589944,5.325053564573347,29.923793426549718,29.94061792084182,21.365318040277447,16.7310417918138
2025-08-12,1755043200000000000,121.27185341402293,0.012201017811704906,35.773658324826364,25.26086029965754,7.237503408754546,22.757335230036684,19.3163070178109,9.588303112631838,16.7310417918138
2025-08-13,1755129600000000000,260.6410353546865,0.026406742665633143,15.76168759366567,17.52085538567588,-0.30744941268270004,10.9916974360537,12.397830414135473,28.082423518266086,16.7310417918138
2025-08-14,1755216000000000000,-414.90373665062253,-0.04064142959605355,34.959701229219064,31.57114510090636,17.069698803960904,27.866848593977664,14.845088201787826,29.93105106573245,16.7310417918138
2025-08-15,1755302400000000000,-80.8917675138155,-0.008056547401925185,29.00551840039343,29.700799722721197,16.57069923814861,25.092336083560646,12.187948595112433,25.81109203291492,16.7310417918138
2025-08-16,1755388800000000000,3.290691556334417,0.0003291233048274833,23.616950648948354,23.699362806218012,8.795886203600801,18.704067686470076,12.026031398530135,12.504537498976985,16.7310417918138
2025-08-17,1755475200000000000,2.074232221011692,0.0002074447357851561,8.461034221727282,22.51586623490354,2.3488723376685177,11.108592917232452,18.40759057544811,11.65465662616389,16.7310417918138
2025-08-18,1755561600000000000,-100.83975477294543,-0.010033302667407429,20.49304043076985,17.53553212716664,1.262260940152997,13.096941300136479,12.980897156674152,10.772315716065343,16.7310417918138
2025-08-19,1755648000000000000,-292.82755733914837,-0.028858170279637996,25.896362811430418,13.733541369123879,8.0317361880525,15.887214162110766,23.64963148312767,27.52202383120784,16.7310417918138
2025-08-20,1755734400000000000,123.11983191792203,0.012388087668480319,15.159297626348183,7.452028128818418,5.756732918869991,9.456016447374665,12.291583680567427,-4.259467327348221,16.7310417918138
2025-08-21,1755820800000000000,-156.21611436263532,-0.015500226960014296,33.30598995584255,24.10702448380728,-0.0896459713768973,19.10779103526669,17.344099764471025,-6.114250043761979,16.7310417918138
2025-08-22,1755907200000000000,386.73554942516853,0.039431111111111194,30.079243751699376,31.01630782824744,12.94068949173227,24.67874222639353,22.927312681876007,18.856040477962345,16.7310417918138
2025-08-23,1755993600000000000,-128.9266752939149,-0.012809913114866234,17.5024634853984,29.502024912269878,10.452114513307828,19.152199662508494,15.430578722381863,24.425773538695818,16.7310417918138
2025-08-24,1756080000000000000,-169.87749501884193,-0.016844271291461377,30.858924604315607,22.800916712789785,7.759604380216131,20.47314816784685,12.339243804456709,35.454041287116624,16.7310417918138
2025-08-25,1756166400000000000,-302.48511573908587,-0.029795603434519924,25.350852371535844,50.466494425786266,15.174043095664226,30.330464703374687,21.89088383020775,29.07875740333508,16.7310417918138
2025-08-26,1756252800000000000,148.84678291290746,0.01499600679235824,27.226657832522154,32.135222832482846,37.69913712849343,32.353672079781205,14.20181275321382,24.536666048230284,16.7310417918138
2025-08-27,1756339200000000000,-44.94655997296272,-0.004484570147495814,33.050630941988715,35.269251171826134,22.18670288248893,30.16885805574294,17.26934524838162,22.587146906197763,16.7310417918138
2025-08-28,1756425600000000000,116.59841291183426,0.011728082208833035,25.117782638455928,37.07626000100804,9.87044571792229,24.02149578946002,17.05340562676438,17.557600225475344,16.7310417918138
2025-08-29,1756512000000000000,-379.28131382763524,-0.03721786777462999,14.053096933004285,33.22986847620378,20.518593992763797,22.60051940074915,14.997248899539581,-3.511868020333671,16.7310417918138
2025-08-30,1756598400000000000,40.41834886721533,0.004050014117334522,9.955736157529936,30.109319264667818,14.248032845712228,18.104361916006777,13.57294178483579,9.310415396770612,16.7310417918138
2025-08-31,1756684800000000000,-52.516746197566476,-0.005237908685213011,24.90315636389365,24.055742118896077,-16.018755174711128,10.980047182373808,16.63000404326763,-1.2156297295478802,16.7310417918138
2025-09-01,1756771200000000000,91.14029696686916,0.009155688930325256,23.26527399478835,40.34675558504263,17.285460220350224,26.96582375332906,11.915676749577544,29.110802286466118,16.7310417918138
2025-09-02,1756857600000000000,181.66349113607845,0.01833236098652269,27.704547350281327,39.22935664840658,7.197048408063808,24.710316444578027,17.63519221358245,35.87162684072783,16.7310417918138
2025-09-03,1756944000000000000,41.77794097008134,0.004186533244648238,25.284615030368627,29.727859970608705,21.638737818791054,25.55040107227389,6.7005923527326745,25.021537919119144,16.7310417918138
2025-09-04,1757030400000000000,-87.65250730001704,-0.008726947912783722,24.694230331216463,49.005321594882886,17.158723455367102,30.28609165589479,22.24567178582548,17.446473146432034,16.7310417918138
2025-09-05,1757116800000000000,-6.4022515852371304,-0.0006400202581267056,30.938823249857002,35.316781846891,16.287359631284254,27.51432893269268,13.305899596292804,30.37363654250869,16.7310417918138
2025-09-06,1757203200000000000,-42.74621110359063,-0.004265497921561612,16.76938651083341,22.046450340674944,17.120082864029044,18.645306591666237,13.0127032336778,-12.877660564304238,16.7310417918138
2025-09-07,1757289600000000000,85.79007407290824,0.00861591255234928,30.710027206837054,28.526170201152063,17.261002001182728,25.499065065357883,16.668275480795778,7.734035682017425,16.7310417918138
2025-09-08,1757376000000000000,83.14288707187708,0.00834894839583633,42.34148123581074,25.582787694624592,11.502112377485515,26.475462711122482,21.772078651534013,4.536175100251956,16.7310417918138
2025-09-09,1757462400000000000,-46.40643937442546,-0.00462989278654935,22.0303167173,27.81935104278417,0.5855219815977536,16.811726629191703,20.621533963321973,14.72389655700243,16.7310417918138
2025-09-10,1757548800000000000,214.07041093066906,0.021637815588457343,39.04862859778636,32.08742881235275,15.317188908471847,28.817749926701094,22.465454714963013,29.06631906163217,16.7310417918138
2025-09-11,1757635200000000000,132.73138970620394,0.013361618111618068,27.957570401395166,28.9878043069884,14.89593743611558,23.94710416223658,21.501671930206342,-0.8896758543980506,16.7310417918138
2025-09-12,1757721600000000000,47.2304485435957,0.004734216011074821,27.72213979170255,22.92688126938069,35.830448900775686,28.826493237450173,14.06461361532055,24.13592631416722,16.7310417918138
2025-09-13,1757808000000000000,-9.581471038610216,-0.0009576882274934251,23.269819675169465,32.58809888229336,6.552269822085354,20.803391099590208,19.766185090842733,9.86009616520951,16.7310417918138
2025-09-14,1757894400000000000,-56.25607702316823,-0.005609813602322822,30.919138897511488,22.68172151976137,10.485025832110237,21.36196694414551,16.892131597964607,11.389467250771956,16.7310417918138
2025-09-15,1757980800000000000,7.085318805328954,0.000708782948538822,34.80477537463164,26.97001450626553,18.19792400230975,26.65757280133753,19.71697777594637,25.74094846812909,16.7310417918138
2025-09-16,1758067200000000000,124.0007484979025,0.012477274541912609,40.05989701293596,17.326350921582147,2.1967343547379157,19.860992563548518,17.070143114250936,8.196952803744024,16.7310417918138
2025-09-17,1758153600000000000,-29.271589646013847,-0.002922879011851842,26.385859033626335,11.74406651513037,3.187950137790594,13.772627091148717,14.62541856531876,14.461751692722876,16.7310417918138
2025-09-18,1758240000000000000,53.608125227341766,0.005375207389417991,24.699248586572185,36.146973868703085,19.160150469606517,26.66879332783735,12.722442170443049,28.00768014957222,16.7310417918138
2025-09-19,1758326400000000000,-123.86091633244656,-0.012309699724608936,24.482423526088375,18.110815218011638,18.357396674315865,20.316876719737387,13.129682816537425,-13.518746932860116,16.7310417918138
2025-09-20,1758412800000000000,4.603186638041979,0.00046042462669859674,24.08076856589575,32.55138871870994,23.5589203436425,26.73035811111508,16.43552278281777,-1.9260719390505714,16.7310417918138
2025-09-21,1758499200000000000,-39.264218421890945,-0.003918723526854739,16.302138392146247,44.722209446129405,7.826279415659497,22.950208091737732,12.617717608811589,1.699963658392487,16.7310417918138
2025-09-22,1758585600000000000,-226.5554900340918,-0.022400839209218093,22.6294160256166,21.506412651059566,21.306678775284656,21.814168332523746,19.013498094517864,26.773860437141675,16.7310417918138
2025-09-23,1758672000000000000,-58.06298169945148,-0.005789474198140687,37.722584308605406,26.38347189322031,14.711066552951728,26.272375118827448,21.330778700363272,34.54706121809368,16.7310417918138
2025-09-24,1758758400000000000,116.12880306608879,0.011680571577552534,28.869533696269865,19.695341091559776,6.953542877814273,18.506136906381997,18.739886411934897,8.323990601424446,16.7310417918138
2025-09-25,1758844800000000000,-388.0370676588018,-0.03806048716668098,17.74586819778206,39.194307590703836,28.305669242354163,28.41528491130469,19.218644768198285,25.661043047000827,16.7310417918138
2025-09-26,1758931200000000000,59.36498269547894,0.0059541541962351285,38.89275075077731,40.84052882989779,22.29688292558801,34.010058794828666,14.877582781454386,31.854313833603907,16.7310417918138
2025-09-27,1759017600000000000,-0.694091932618392,-6.940678449951498e-05,25.964008710671,38.70469901307664,-3.1656625019722826,20.50101159055068,14.081282153377156,10.31686666648472,16.7310417918138
2025-09-28,1759104000000000000,227.97309798723822,0.023059154464529552,41.54775861614803,38.07338718508498,18.320135717431018,32.647095394480644,16.082545045276035,9.911295197168526,16.7310417918138
2025-09-29,1759190400000000000,189.69560359275027,0.01915062556635827,49.58450441774235,31.71839913783443,3.0340002460498923,28.112298470804355,19.503374439531456,18.791316356163907,16.7310417918138
2025-09-30,1759276800000000000,-23.03635209013669,-0.0023009838777163782,26.64475287929463,22.023995636724493,12.049201815466668,20.23931677258234,11.352315669087593,34.06099100938981,16.7310417918138
2025-10-01,1759363200000000000,390.865883203372,0.03986051952784475,18.771132021163172,39.60662302900332,21.992425477558232,26.79005709190642,12.936174431070535,5.66497464429593,16.7310417918138
2025-10-02,1759449600000000000,161.7904889913795,0.01631063841735636,25.377877485418836,36.61317332497915,12.68969053104701,24.893582330062898,19.569795035571,20.821793892004212,16.7310417918138
2025-10-03,1759536000000000000,140.29304555854725,0.014128177078860826,36.689097820119336,39.173858052604785,20.764584550926724,32.20917917030182,14.382169733132212,9.37361570653789,16.7310417918138
2025-10-04,1759622400000000000,12.981599643717896,0.0012990029387507374,16.79074484885297,14.112748585675993,10.904801816678733,13.936097495754844,16.153251865325647,7.500017950506898,16.7310417918138
2025-10-05,1759708800000000000,88.7723166754168,0.008916751143200896,31.037009977375668,20.617459711869696,21.280750637187243,24.3117405262587,19.71357773527772,17.663431402856975,16.7310417918138
2025-10-06,1759795200000000000,94.8033153064547,0.00952541222095582,26.385916368642057,29.399359099184515,5.1275700841411,20.30427901090509,19.358449238834456,25.003796904859303,16.7310417918138
2025-10-07,1759881600000000000,-270.3981741505081,-0.026677514432625227,17.26929818754755,35.254143543943314,5.630529575272642,19.384650120325645,12.447855218040004,7.956601020651534,16.7310417918138
2025-10-08,1759968000000000000,161.30649845068902,0.01626145113413524,26.477985545457752,23.021186226718914,8.685484549477533,19.39488974660967,18.42727707728055,5.9034873615764205,16.7310417918138
2025-10-09,1760054400000000000,-134.19073884912186,-0.01332943949771781,6.261078321781923,15.497932181819404,3.6824613304007583,8.480491458985883,13.150277531890978,11.433498441815347,16.7310417918138
2025-10-10,1760140800000000000,-758.5991699561683,-0.07305395314789509,13.704779344267191,28.54947068047377,6.301246783271082,16.18516631991498,11.12443069654212,15.20814653917991,16.7310417918138
2025-10-11,1760227200000000000,-190.68705820663746,-0.01888804817472467,36.394859074526345,16.739793439510844,4.851848590075363,19.3288261314845,7.518573992822386,-6.989193487773885,16.7310417918138
2025-10-12,1760313600000000000,382.5243510591339,0.03899347820585586,15.931607122606588,28.083959480009472,9.379658316644067,17.798403576523977,7.9097461384677406,23.727138352945396,16.7310417918138
2025-10-13,1760400000000000000,18.006755202387783,0.0018022977099363402,17.33197945316822,10.682678013084423,9.501951074806414,12.505539972567366,10.681204567756437,5.9050231114412775,16.7310417918138
2025-10-14,1760486400000000000,-187.37840025346537,-0.018563378080336146,23.981587676222095,19.9237119377398,22.590596655947934,22.165300346099365,9.81982143300624,27.36260234120042,16.7310417918138
2025-10-15,1760572800000000000,-202.4141434230504,-0.020037932150164806,16.930188977125024,7.186308194202684,2.4968008219371094,8.871100696660108,13.943599373044695,25.261639243229528,16.7310417918138
2025-10-16,1760659200000000000,-234.66903919249899,-0.023193697405855085,28.46596839365382,17.629623241754544,-6.340880337162746,13.251571282188557,13.093876945767155,-7.791153478324903,16.7310417918138
2025-10-17,1760745600000000000,-164.25130572556685,-0.016290973634740635,16.3353950057884,23.648979405061947,2.0916221606417613,14.025327889393726,15.666580883899652,11.095312707566478,16.7310417918138
2025-10-18,1760832000000000000,70.53036521708493,0.007077967762981974,24.74153049969886,19.57704802601004,33.9946870326839,26.104417911270737,6.98856105615191,6.557451670770648,16.7310417918138
2025-10-19,1760918400000000000,135.08847066734702,0.013600503801838082,36.585490392701814,8.70438454018832,12.785261548854209,19.358381291561873,18.556171342566486,33.69907659720878,16.7310417918138
2025-10-20,1761004800000000000,172.407254977727,0.017390204612787397,19.85025903202354,22.447667581717567,21.04854864026228,21.115492347344464,17.125494194517287,25.54418710669833,16.7310417918138
2025-10-21,1761091200000000000,-204.22338912287677,-0.020215215327964886,26.05317468107559,40.275964408305136,6.581204801276133,24.303443286114614,15.379874771964301,41.35375459693564,16.7310417918138
2025-10-22,1761177600000000000,-67.65454456481001,-0.006742620292996215,24.48991288591219,11.78952176128236,11.694723658599731,15.99137928327194,17.47474270313422,22.714502080763875,16.7310417918138
2025-10-23,1761264000000000000,230.72838793805818,0.02334107576223099,24.229145975815676,4.427604342066178,-2.582686751423137,8.691353031735526,9.03205553207717,-0.2796180845874253,16.7310417918138
2025-10-24,1761350400000000000,83.83413019510645,0.008418652232562884,4.193573904852292,33.68827216810831,-3.535882483252269,11.44865792835599,11.097104370882168,-9.317791233637273,16.7310417918138
2025-10-25,1761436800000000000,57.61225274615043,0.00577785304973033,13.412684840747952,22.017145118465105,-7.4859176677808605,9.314634674571188,11.873499177803707,19.725820120685484,16.7310417918138
2025-10-26,1761523200000000000,257.579833026394,0.026092586881764968,16.28933090446671,34.46867521896682,-0.6961993793280102,16.68726449733755,11.987950569085996,1.5475737618004766,16.7310417918138
2025-10-27,1761609600000000000,-39.51251988409566,-0.003943456063539519,21.51988889324235,27.24081519147014,5.810823969891029,18.19051145256425,16.1071380255727,2.205385464143062,16.7310417918138
2025-10-28,1761696000000000000,-106.53647548489798,-0.010597098441690767,19.002325575353588,25.509114352408403,18.383885831635347,20.96511117949253,7.632260132211833,8.962296654917715,16.7310417918138
2025-10-29,1761782400000000000,-258.1467011155766,-0.025484320243928993,29.93618145238451,20.25062191905116,20.16707631653496,23.451293149722368,14.411062341817422,12.17084010390395,16.7310417918138
2025-10-30,1761868800000000000,-155.5767902930292,-0.015437283507829913,33.916611590733055,34.33423988066814,7.531421372007347,25.260755317207227,16.35354529198824,4.363221155316006,16.7310417918138
2025-10-31,1761955200000000000,117.94151403371092,0.011863976646852237,22.14542081250583,25.623766197830015,1.6922245346174762,16.487133449923558,9.127508041474105,-4.497914821101227,16.7310417918138
2025-11-01,1762041600000000000,44.61330755654716,0.004471297307560018,31.513064868959923,29.216703437179692,-9.4400957743083,17.09655934500533,14.324800269049202,8.673158459360772,16.7310417918138
2025-11-02,1762128000000000000,40.11901929273952,0.004019960380787557,6.995657530527511,27.721707246746448,6.302999984843556,13.673458166500314,10.951766461920904,19.884266102596605,16.7310417918138
2025-11-03,1762214400000000000,-364.5919500945727,-0.03580256283907757,26.574335994414017,10.322653393029393,22.351906800575335,19.749630872033386,13.822981513496165,16.509718923173114,16.7310417918138
2025-11-04,1762300800000000000,-488.92985991439605,-0.04771696812954784,25.667827351217305,24.04218961035918,1.4814069374696384,17.063811357164557,11.140238390716684,13.112143204290286,16.7310417918138
2025-11-05,1762387200000000000,232.54550791116785,0.023527046009038877,26.325683729901908,26.50156470903404,-0.9696547039669884,17.28586125103823,15.27459404247562,21.56913793703717,16.7310417918138
2025-11-06,1762473600000000000,-247.4525864647728,-0.024441604556416086,32.84211893094228,32.745677970500246,-3.7153931206092143,20.62413360928743,17.356371819948507,16.56681585036337,16.7310417918138
2025-11-07,1762560000000000000,194.7491732308384,0.019665790592311216,26.556539148030257,19.36221128621991,5.060429043715696,16.993063854900093,11.14054316989468,7.532743117227074,16.7310417918138
2025-11-08,1762646400000000000,-99.79463525539883,-0.009929833908930319,13.907332682916563,15.055462729963455,-6.0618828001864475,7.633636615568729,10.874361144209487,-1.8451137286178163,16.7310417918138
2025-11-09,1762732800000000000,232.82038152684777,0.0235551804536962,27.667619112980045,17.085206813161108,15.380265256521627,20.04436862809592,11.471832418127054,1.0010945282128185,16.7310417918138
2025-11-10,1762819200000000000,122.25797036032941,0.012300837590996094,29.799108471600736,21.688956254364196,-3.5175238610854147,15.990184341797832,18.12499479594636,16.78839158284538,16.7310417918138
2025-11-11,1762905600000000000,-282.4244883253124,-0.027847359046168085,27.619996400711905,21.91897791919105,20.683104619567402,23.40735853653228,18.957001652833767,27.684990536743122,16.7310417918138
2025-11-12,1762992000000000000,-137.2310996293229,-0.013629377346956684,17.307261385571902,24.82338506354191,16.206359238182078,19.445663514010313,10.840510272042627,14.55344473833827,16.7310417918138
2025-11-13,1763078400000000000,-194.9279585151293,-0.01930403975746442,23.87056538045207,26.971742566844732,9.84239873958102,20.228234913413655,13.247575930524228,5.095960015248462,16.7310417918138
2025-11-14,1763164800000000000,-524.9168485373687,-0.05113778904893396,32.23691637786724,15.518561623262803,24.049634966789903,23.935033724915233,16.09600756780039,8.80624620875819,16.7310417918138
2025-11-15,1763251200000000000,105.39335034086594,0.010595069454722328,38.06287054646128,32.86367759219588,6.28210465661905,25.73621025457326,18.68196162383467,13.40304610981489,16.7310417918138
2025-11-16,1763337600000000000,-140.61079772820526,-0.01396268451172189,4.361271333569206,28.77174332904136,10.236060274592303,14.456357692468057,8.486977070619695,10.664661004423714,16.7310417918138
2025-11-17,1763424000000000000,-219.479790357053,-0.021708874624780328,16.53927853073912,24.84788756359814,9.467980702886848,16.951717934904632,11.6010262737296,6.117688950620492,16.7310417918138
2025-11-18,1763510400000000000,80.53896310369824,0.0080864161785148,0.38563152286640145,19.78053341592103,4.338444516835805,8.168195874159828,3.6907706331306596,-15.309459266801197,16.7310417918138
2025-11-19,1763596800000000000,-152.38773937443457,-0.015123251373723723,4.7498222314949725,23.799648771930894,13.704579510924829,14.084678841502326,3.9760323186766744,-13.521624200594932,16.7310417918138
2025-11-20,1763683200000000000,-552.0993231572112,-0.05371352901033444,14.690840150696623,10.233301541426517,11.289647430320532,12.07126003335535,9.32798786700809,-11.054319396225733,16.7310417918138
2025-11-21,1763769600000000000,-175.5682861861151,-0.01740360551735154,41.81745081909961,25.574943304767512,9.165979002477616,25.51945570190098,14.566833521707812,21.930630730931494,16.7310417918138
2025-11-22,1763856000000000000,-45.87891769946515,-0.004577383470955154,37.15377433377355,37.71619009063358,14.265463371442536,29.711810292629032,12.934925690888509,12.505939710440245,16.7310417918138
2025-11-23,1763942400000000000,243.67389079106232,0.024666700102372374,22.183673031816575,23.073128142319,-2.213950251066738,14.347614601926525,14.033511620158821,8.07747108724064,16.7310417918138
2025-11-24,1764028800000000000,167.88036787637094,0.01692974778302414,37.36575378280727,17.261364481360914,12.84853667266467,22.491886627154038,18.097660137510566,1.3774913866498708,16.7310417918138
2025-11-25,1764115200000000000,-105.88589917535285,-0.010532728138988867,4.011628150387242,16.35210336808035,3.8494244581809363,8.07105086275493,6.486773647603674,17.862822461433257,16.7310417918138
2025-11-26,1764201600000000000,350.2151906970374,0.0356419946121076,21.749153924271777,26.363752319087787,14.921011186757134,21.011306567860498,18.140768652395728,7.721327385246343,16.7310417918138
2025-11-27,1764288000000000000,93.49310021307308,0.009393151342430572,32.22450375334452,17.883567113584117,11.23750124900896,20.448518364061528,18.023285665440977,17.24925135905516,16.7310417918138
2025-11-28,1764374400000000000,-48.64664293053885,-0.00485285097741317,-1.4228981763049326,44.11862397109786,-4.564314395582199,12.71047397049329,6.821016906750493,5.296579521033282,16.7310417918138
2025-11-29,1764460800000000000,-9.716382477215612,-0.0009711663601263965,20.827104891442286,20.26021392203427,-0.6984451831898666,13.462956685417998,12.097217330231105,20.860698749126268,16.7310417918138
2025-11-30,1764547200000000000,-48.84355224657612,-0.004872446158935895,22.638813540651412,23.52295598682412,4.539749931841829,16.90050601493564,10.000830537594483,26.739717571696737,16.7310417918138
2025-12-01,1764633600000000000,-461.34326242286943,-0.04508631639150995,25.305191420145945,31.217508210211484,15.024942533687387,23.849213994456314,17.93641229788996,36.70266157020955,16.7310417918138
2025-12-02,1764720000000000000,562.410040171468,0.05785259974357393,6.958340042977027,15.139665067733214,-6.4962743592355805,5.200577680350634,14.545108450533128,20.622934131565415,16.7310417918138
2025-12-03,1764806400000000000,233.03477601614594,0.023577125147954625,20.845380436075587,4.5417188744752295,-0.5284595268853796,8.286209345991244,13.027050204230543,-11.899809479038318,16.7310417918138
2025-12-04,1764892800000000000,-145.75262088996607,-0.014469557138797606,27.52777158319396,29.786578062941626,10.556979738909593,22.6237786717567,13.019172508469984,16.61702199350988,16.7310417918138
2025-12-05,1764979200000000000,-302.9887006416205,-0.029844460232980596,-0.1343278900999526,18.97942107822553,12.693887157307715,10.51299098496234,7.031818023747964,15.194431703782026,16.7310417918138
2025-12-06,1765065600000000000,-10.44314929624172,-0.0010437698225590486,28.117828434873484,17.876799755706717,-3.722012775730911,14.090871173930568,18.376117705546953,-0.4677502762759774,16.7310417918138
2025-12-07,1765152000000000000,128.9898558459305,0.012982536352715623,18.180861167358376,18.143543241284174,13.960839195292227,16.76174329122365,11.183767253896415,2.6812687376633177,16.7310417918138
2025-12-08,1765238400000000000,26.40784120206342,0.002644274061975871,14.08081307820514,13.354544733188892,7.409626430978033,11.614997552141322,8.619981957246168,14.042115980479966,16.7310417918138
2025-12-09,1765324800000000000,223.06579335864726,0.02255723133668397,24.750258104106283,30.818023872659637,9.321026685835161,21.629768203419154,20.637454148785686,32.66363655677764,16.7310417918138
2025-12-10,1765411200000000000,-71.84122612506992,-0.007158378490185524,24.929082405108453,18.429892210059723,22.3938610346213,21.91760972434693,11.479156603376035,59.35985315015226,16.7310417918138
2025-12-11,1765497600000000000,53.97545716338874,0.005412138709854908,7.340586901063526,12.140677006676867,14.325069062896752,11.268776701995186,7.538298801804667,15.604288320447122,16.7310417918138
2025-12-12,1765584000000000000,-245.65495815246456,-0.02426621965384912,10.333818584423634,21.341139903366134,8.00032797429021,13.225090626827434,9.447176326640935,19.790833914365322,16.7310417918138
2025-12-13,1765670400000000000,-3.1499914142594094,-0.0003149495344052511,37.869204712706306,19.785189033138927,24.308605627766987,27.321000727685387,18.760432236953477,17.185544475505736,16.7310417918138
2025-12-14,1765756800000000000,-231.8152082227215,-0.02291489361702126,21.730742368372727,29.165200492475233,20.566361622229486,23.82076693296518,18.32749623346261,15.383632665495837,16.7310417918138
2025-12-15,1765843200000000000,-199.32363734582506,-0.019735027473524513,31.81487575788963,14.368124472666054,35.461470200031684,27.214829892086673,24.102973884022315,29.734472514628067,16.7310417918138
2025-12-16,1765929600000000000,164.2477397355569,0.01656040210995724,15.938945952558262,19.760129091830727,20.657756415484204,18.78560682484033,15.534376774741972,6.982512949002703,16.7310417918138
2025-12-17,1766016000000000000,-186.12117089321256,-0.018439981229961044,17.369054700062176,22.138730305979333,23.023560102584316,20.84378384718552,17.889471881083097,13.68568554638889,16.7310417918138
2025-12-18,1766102400000000000,-84.63272726024888,-0.008427560053119398,19.91293063618925,20.69857378344921,29.40669823858622,23.33940033699,16.572960350648952,33.992062361442095,16.7310417918138
2025-12-19,1766188800000000000,301.8356742497504,0.03064370920154391,15.584531022371586,21.368873691343396,22.83214257528946,19.928515941069314,16.39621755836778,16.521111841108954,16.7310417918138
2025-12-20,1766275200000000000,25.378225005334652,0.0025410454979439834,14.692161345202813,20.992917982094227,9.099942238199848,14.92833818941239,13.110553771537848,-3.882147340021898,16.7310417918138
2025-12-21,1766361600000000000,33.66406639876236,0.0033720793504727897,14.58274929482102,26.99610935762779,24.239034189700465,21.939295263937087,13.416318332398866,23.182739659899287,16.7310417918138
2025-12-22,1766448000000000000,-4.296037186180215,-0.0004295114521536414,27.814839835221697,10.708136465966435,9.363766337831416,15.962247107964098,22.40158448430577,39.11203426308905,16.7310417918138
2025-12-23,1766534400000000000,-128.8769963566688,-0.012805008847246668,23.539763585391263,24.687066491360202,12.290306718380641,20.172378360281012,21.219515730741072,23.081318002654392,16.7310417918138
2025-12-24,1766620800000000000,20.945974280648457,0.0020967926296779904,29.27823773749629,23.395270020886045,23.38246996629215,25.35199309730989,18.136984262241835,38.118065718140805,16.7310417918138
2025-12-25,1766707200000000000,-50.792954794007365,-0.005066417670741341,13.190005048490855,22.63019480996907,20.43214113244034,18.75078062877203,12.682209765759202,34.4358518104043,16.7310417918138
2025-12-26,1766793600000000000,16.528557328896802,0.0016542224518192317,27.335763623615808,23.549863494228482,23.736630478772998,24.874083343439327,16.354168546831996,9.692339465553433,16.7310417918138
2025-12-27,1766880000000000000,57.91171229783199,0.0058079724792021725,27.376191978087736,15.645559292824943,16.624246115297503,19.88199900761432,22.70703018221461,16.204140684814412,16.7310417918138
2025-12-28,1766966400000000000,8.61174197227734,0.0008615451141937847,21.250566030025094,20.514475755499614,20.553122434670083,20.77272348411088,16.07795097926586,13.151621495138379,16.7310417918138
2025-12-29,1767052800000000000,-81.6924063180667,-0.008135963064696994,16.595018638023394,13.251116006391099,13.877598481917243,14.574573218125273,13.345261916943008,23.657074049559725,16.7310417918138
2025-12-30,1767139200000000000,142.08653743477655,0.014310076454830511,20.319578788115287,18.275628353324787,26.343079861195164,21.64608986706525,15.166581457250146,13.367253191264197,16.7310417918138
2025-12-31,1767225600000000000,-95.07507757215456,-0.00946245430042203,25.984823257900814,18.960531405959966,-4.009392582474006,13.645324066388962,7.947678060590347,16.014853754334016,16.7310417918138
2026-01-01,1767312000000000000,134.95116562468948,0.013586586651341825,30.055955903502852,20.21741897753696,11.841622177675198,20.705003996771982,14.001689792827147,32.27986997256269,16.7310417918138
2026-01-02,1767398400000000000,129.2936328452017,0.013013308899633591,19.45763071626591,19.460912602816233,39.1763027200685,26.03161706215335,16.252321540248122,24.30653764045762,16.7310417918138
2026-01-03,1767484800000000000,70.07657544163757,0.0070322686313948335,15.405541454208405,20.752555038066713,4.074918373028616,13.41100818913588,15.494677996645727,29.726796958890898,16.7310417918138
2026-01-04,1767571200000000000,99.00620377566213,0.009949793667542783,18.177827871773488,29.309315001261623,28.970424109207773,25.485858190574938,14.806905857566315,33.261542250835575,16.7310417918138
2026-01-05,1767657600000000000,251.37273859479973,0.025455879149225202,19.639302309706714,41.77463238957586,26.437589212538775,29.283842484465875,21.83317077380564,11.471597144280064,16.7310417918138
2026-01-06,1767744000000000000,-11.912093706725466,-0.0011905001624232803,17.374379090290084,25.871219107487665,-0.4590411123049001,14.262185130900383,16.44379519987723,31.642626946987466,16.7310417918138
2026-01-07,1767830400000000000,-257.567322610849,-0.02542785726453589,29.586607785383304,38.161366723721336,13.287418475694418,27.011794778642,16.560246321802087,0.3172087165118419,16.7310417918138
2026-01-08,1767916800000000000,-28.954747557525195,-0.0028912869116293205,35.520936077476506,30.3065098520376,7.24936777516329,24.35893742108317,15.35054828172982,8.014515875026035,16.7310417918138
2026-01-09,1768003200000000000,-50.48176170358605,-0.005035455543358935,32.62830649101622,21.948749558748315,11.633182795948272,22.070075796626316,22.298749240806337,10.536704048019967,16.7310417918138
2026-01-10,1768089600000000000,-15.078450365241633,-0.001506708809353663,10.760902120433055,36.5193599595657,0.5017367899081642,15.927337418358281,16.12957851975975,7.511676040670457,16.7310417918138
2026-01-11,1768176000000000000,56.07822082567896,0.005623575350230503,16.080404146452736,25.798099842890217,3.990549184133607,15.289680408600937,14.441506609203245,-1.2546208651510922,16.7310417918138
2026-01-12,1768262400000000000,30.995605635730428,0.0031043691683203534,22.848905666593133,22.286808867116825,4.424962126212594,16.520224903944214,13.48183019898401,23.256478104438898,16.7310417918138
2026-01-13,1768348800000000000,441.16047699946296,0.0451036297239098,12.274229181756517,26.040851175027495,14.009400419823713,17.44149111508374,14.198900887945484,39.685340686202466,16.7310417918138
2026-01-14,1768435200000000000,159.885280943721,0.016117028540573397,23.677467947979643,18.866951173412573,12.091857086299536,18.2120898313969,15.865026880700107,13.482249235369942,16.7310417918138
2026-01-15,1768521600000000000,-139.90608900299466,-0.013893195153302007,43.76041544518365,38.66261000002827,6.134591418401175,29.519211403279094,22.817705062073188,35.344554503586245,16.7310417918138
2026-01-16,1768608000000000000,-5.636241800320242,-0.0005634653737609518,33.11692116091788,29.169568772452656,10.564670401506504,24.283725081478707,21.103079002866135,5.797534860984564,16.7310417918138
2026-01-17,1768694400000000000,-42.283516305704545,-0.00421942473825998,21.53672392497992,18.604961866257927,-21.023231497071222,6.372825520857998,17.457729327878347,-7.088984785165267,16.7310417918138
2026-01-18,1768780800000000000,-156.19668190674642,-0.015498313833314237,28.31587681086839,25.61952439774416,5.663204732253191,19.866200465042994,13.765350416722464,-0.8176721405133036,16.7310417918138
2026-01-19,1768867200000000000,-111.8773770691291,-0.011125387704522316,18.293429926798545,27.17397926877364,1.8030988155682317,15.756832649337177,15.38398182926726,31.26415372659646,16.7310417918138
2026-01-20,1768953600000000000,-464.38934261522013,-0.04537714646038005,12.231251668651867,21.058710872745163,21.397631120042753,18.229202205744706,17.575279898788516,16.73539295895075,16.7310417918138
2026-01-21,1769040000000000000,115.47870630407164,0.01161480468893994,29.029396086114925,40.66226466675853,25.87113757360409,31.854266560141557,16.849089964154594,27.373238533925736,16.7310417918138
2026-01-22,1769126400000000000,11.72531440614466,0.0011732191243547518,32.36939090326728,14.583907466801904,-21.302599488958773,8.550228267376792,14.311894668454904,2.484273257360293,16.7310417918138
2026-01-23,1769212800000000000,4.530030618893371,0.0004531056832717262,19.547960693663203,20.268217391087926,-3.964818581219613,11.950450527520365,11.435442393549918,35.57372208753224,16.7310417918138
2026-01-24,1769299200000000000,-41.931418022230886,-0.004184362857875601,14.29149035646377,28.257100344656195,28.226668867804776,23.59175438155252,20.24651822309472,13.623863590940863,16.7310417918138
2026-01-25,1769385600000000000,-290.53123136142034,-0.02863513885181046,19.125243192209993,22.573988404124982,10.917828908992398,17.53902014358739,17.672419338002822,-0.036442090944425555,16.7310417918138
2026-01-26,1769472000000000000,191.61191027651142,0.019345944795891024,8.140187764017801,26.726183014593506,15.775116055554786,16.880497299105976,15.623695607278618,37.76535657179347,16.7310417918138
2026-01-27,1769558400000000000,101.68160763249367,0.010220032173106297,21.409884664665974,19.579962643016014,21.060677121402183,20.68350789045374,13.203783157956378,15.451404352095587,16.7310417918138
2026-01-28,1769644800000000000,5.601792675289489,0.0005603361972363885,13.257921668722918,26.617934715100382,31.48356890776942,23.78646878442376,11.186684984998855,19.034124723006126,16.7310417918138
2026-01-29,1769731200000000000,-534.7448916924174,-0.05206987681970876,20.75239075625002,26.157305339235588,32.425081498297,26.444924776386806,17.497110826349488,27.0812402134447,16.7310417918138
2026-01-30,1769817600000000000,-46.13808166180351,-0.004603180903615556,16.5615429236632,21.45479018675295,16.51297942038389,18.176436209269905,11.584601211604127,19.49532894788154,16.7310417918138
2026-01-31,1769904000000000000,-677.4793510107959,-0.06550400246853505,31.45592956453693,33.31801888575239,9.608091216299623,24.794017412106232,23.205737833332236,35.61830867686801,16.7310417918138
2026-02-01,1769990400000000000,-227.7264606033833,-0.02251530649178135,27.334749521145213,28.34058039249486,-2.3413610610415776,17.777987114661926,19.966839187200105,11.829742809389067,16.7310417918138
2026-02-02,1770076800000000000,227.40895936351484,0.023001441374115306,23.86791545279513,30.468058980868317,-3.621030476806797,16.90498359551618,17.373575975326006,23.15392158077576,16.7310417918138
2026-02-03,1770163200000000000,-384.28297837056783,-0.03769929869212807,33.76772140564831,20.119796460779995,17.3793219314867,23.755618097858243,21.715872812873297,35.21456039857421,16.7310417918138
2026-02-04,1770249600000000000,-349.7656210708602,-0.03437195172086771,30.34437342038629,12.784214168900185,5.358448335360399,16.16234704463987,16.739768802995286,20.94264483506336,16.7310417918138
2026-02-05,1770336000000000000,-1510.2557824214516,-0.140174294452165,18.89622796573671,13.98615592920221,9.151197958935414,14.011198279369028,18.171485451736025,21.101046780129426,16.7310417918138
2026-02-06,1770422400000000000,1150.4743486776786,0.12192665475226683,8.74660085648643,31.432295498710506,1.583519211132543,13.920804375867702,16.256211306455672,13.339209951454256,16.7310417918138
2026-02-07,1770508800000000000,-184.58998626588948,-0.01828967476175347,15.274636094629402,33.978517263790536,9.84934550726428,19.700830775778698,18.16505209048743,28.651213234431907,16.7310417918138
2026-02-08,1770595200000000000,149.1235002814769,0.015024093883376555,19.377521080857907,13.030307499348952,12.748439184649719,15.05209409781756,16.10988634129204,19.561922005788546,16.7310417918138
2026-02-09,1770681600000000000,-27.39123499286333,-0.0027353755233514576,25.921489395640595,23.225486152034595,13.659479516486892,20.935485175012676,15.112621790744079,7.89757914404572,16.7310417918138
2026-02-10,1770768000000000000,-186.61164894451375,-0.018488123413841318,17.781593552080373,25.790046032169368,21.88436221291885,21.8186730346928,22.098101361555543,20.20428870765894,16.7310417918138
2026-02-11,1770854400000000000,-258.8006167780394,-0.025548043267062948,18.863983852903374,25.728776470701916,-16.20523450623445,9.462506834423245,21.333419677322812,9.66199525173256,16.7310417918138
2026-02-12,1770940800000000000,-121.53452937677535,-0.01207989801217968,16.791321293962575,26.540384709090056,15.65935493517702,19.663685993517976,24.605351908992315,31.01868306949737,16.7310417918138
2026-02-13,1771027200000000000,382.17834699666497,0.03895752923135021,12.59107857661169,9.58741933897563,1.3800727918702844,7.852858770987187,13.979330608207862,-3.761456385625851,16.7310417918138
2026-02-14,1771113600000000000,139.7472397334103,0.014072826882749023,35.000727085011455,14.961050554203526,22.95495283499556,24.305576028396388,19.631331031540043,28.920039655252243,16.7310417918138
2026-02-15,1771200000000000000,-142.85284425600867,-0.014183733884594485,14.489671286768097,16.586182026747295,17.230202914787807,16.102014926104786,14.700045457453903,17.58436494068462,16.7310417918138
2026-02-16,1771286400000000000,8.68977964432946,0.0008693556351722087,11.336965269185448,31.30943630928016,22.105049201718547,21.583815842305484,14.58659416162488,27.14322087628457,16.7310417918138
2026-02-17,1771372800000000000,-203.665579406587,-0.02016056045635184,26.635424399858586,31.334170738235624,17.129476298889827,25.033020876847857,16.48710471146832,38.680329105657435,16.7310417918138
2026-02-18,1771459200000000000,-155.64435209118136,-0.015443935368111283,38.998473828398865,21.507698648127523,14.195019588953421,24.900398657994053,23.652894483739342,44.88208313843317,16.7310417918138
2026-02-19,1771545600000000000,81.32980025301772,0.008166142549765887,24.8888144577889,19.494189123594648,9.626315954240095,18.003105732454777,14.511321293758416,1.7033638694797224,16.7310417918138
2026-02-20,1771632000000000000,150.53490095900784,0.015167364563137165,21.64131644295216,21.991566884460774,27.902453793843716,23.8451075431851,15.627956989845769,26.471948851031705,16.7310417918138
2026-02-21,1771718400000000000,-6.481076535543075,-0.0006478976771538969,12.013270410595124,25.72962861050722,5.631887524665165,14.458268142527364,15.765444574954465,9.701443041770677,16.7310417918138
2026-02-22,1771804800000000000,-49.04030877783133,-0.004892025750879658,22.65488985539994,15.740160756554438,4.867750619740493,14.420935149832717,13.295840171395055,39.921052604254236,16.7310417918138
2026-02-23,1771891200000000000,-451.68578046919026,-0.04416366477197542,28.494234129487015,16.98443781257829,10.614852466563503,18.697841099570923,15.169288098047753,20.555091950390096,16.7310417918138
2026-02-24,1771977600000000000,-92.89798412564875,-0.00924678154436065,16.930946493058023,22.843342293558113,10.331484844423018,16.70191987940587,19.30760851843031,17.96638882166448,16.7310417918138
2026-02-25,1772064000000000000,595.4054276582258,0.06134879012272432,26.9500910593793,27.074535118847294,14.890534788839815,22.971716485310456,16.039512734380917,43.855513086587464,16.7310417918138
2026-02-26,1772150400000000000,-74.2364095630033,-0.0073961537941084066,34.84846777110588,13.282637015501612,19.628964792860522,22.586693310762456,16.635707336227203,22.727643611303087,16.7310417918138
2026-02-27,1772236800000000000,-241.9333508500412,-0.023903022277925068,17.85181949957693,33.62139298063776,18.345890408523406,23.273030966841493,11.786346433043317,10.277866174644137,16.7310417918138
2026-02-28,1772323200000000000,165.78603937219205,0.016716791588061053,23.44103935065977,12.228763388693745,13.530900744244008,16.400233238739904,18.532047725302604,16.548914333357523,16.7310417918138
2026-03-01,1772409600000000000,-180.31107626542504,-0.017869519865092443,0.8790417713157556,22.13180764404401,-11.679286189186573,3.7771897429847203,10.242328726370934,-3.8319384967964547,16.7310417918138
2026-03-02,1772496000000000000,453.7824049938581,0.046423584843700905,37.03583251370533,30.145079761015538,8.280483949388337,25.153798881525145,17.667312291819805,36.73032841366913,16.7310417918138
2026-03-03,1772582400000000000,-71.74440969963308,-0.0071487661059718155,16.308150023891496,17.381126322776044,2.393494220443163,12.027585723199161,13.468190987886992,29.319407848421395,16.7310417918138
2026-03-04,1772668800000000000,614.1806898547155,0.06334337215848129,29.348073645848057,27.108285689838933,29.841206626934614,28.765854312993575,17.693158412576835,41.63034405779684,16.7310417918138
2026-03-05,1772755200000000000,-247.40427885695422,-0.024436891855796006,26.535226186906375,24.556241182682275,4.281977725458515,18.45781280483878,20.179469584027647,7.57183681516381,16.7310417918138
2026-03-06,1772841600000000000,-399.6070257111519,-0.039172803551140944,33.74345299253791,26.353663480275273,-0.2528210463464492,19.948103901070052,20.7938382077564,39.8794881082781,16.7310417918138
2026-03-07,1772928000000000000,-125.74095363267338,-0.012495371731106153,26.863296021608143,23.20263285207805,0.07594903748866147,16.713959277417548,19.816494984028417,19.468397843678858,16.7310417918138
2026-03-08,1773014400000000000,-193.9068716249424,-0.01920389706600567,9.033855325419154,31.095588864269804,19.719563626552674,19.94966825996552,10.111884007953883,21.440600294013358,16.7310417918138
2026-03-09,1773100800000000000,366.2460641351922,0.03730355064027946,17.513861017478288,26.722391909522674,17.817114245755835,20.68445425058982,16.99001076332598,31.286210566744035,16.7310417918138
2026-03-10,1773187200000000000,219.18368894319804,0.022160340985875493,14.58598516195344,17.216352979579604,14.348123698080425,15.383487603410996,10.010417082071324,18.625579894131352,16.7310417918138
2026-03-11,1773273600000000000,34.710914289940405,0.003477122643127828,20.892811103970608,30.454395830526092,5.700267049829008,19.015824161160495,21.129829078055433,26.848563927542507,16.7310417918138
2026-03-12,1773360000000000000,49.66571049048208,0.0049789249066771735,20.1308016288627,22.33172735587115,22.180565185916134,21.547701673380715,13.20103203890011,8.14966626732895,16.7310417918138
2026-03-13,1773446400000000000,54.94695256428071,0.005509818781440856,27.00943284788371,25.03005578345536,-4.056504276431117,15.994326012947461,14.971165621305698,19.522748049746514,16.7310417918138
2026-03-14,1773532800000000000,39.67025215460814,0.0039749042753554065,32.096545280750234,20.49014750317101,4.376525101720808,18.98773890414338,15.65570917733153,27.46433103474754,16.7310417918138
2026-03-15,1773619200000000000,222.64769873645938,0.02251447966247233,18.146367734383883,28.15934754771897,15.33402736017135,20.54658180890323,17.81639701047901,16.927772395501503,16.7310417918138
2026-03-16,1773705600000000000,280.2378539046073,0.028420145505234196,16.192771593361492,27.836309820104034,7.256789922732109,17.095291494430338,18.997632557600983,15.835539948226787,16.7310417918138
2026-03-17,1773792000000000000,-131.09583797549908,-0.013024027481192135,9.88674242095458,16.573724085271074,18.478706579984,14.979723948276188,9.277550988403851,9.933210210384194,16.7310417918138
2026-03-18,1773878400000000000,-366.9321595628039,-0.03602817883578213,11.21815458164403,40.19561655699393,13.632017721786712,21.681926487566308,16.31503084081278,7.18329914497034,16.7310417918138
2026-03-19,1773964800000000000,-186.51512207883212,-0.018478649141607684,37.773305472794554,26.006111517296805,20.130549291408776,27.96998838705372,17.059160951351632,26.75735585347573,16.7310417918138
2026-03-20,1774051200000000000,82.70012102845958,0.008304303116787759,23.19936506549553,26.07263185538103,17.2459966007053,22.17265898771006,16.23923949098335,44.75136356733365,16.7310417918138
2026-03-21,1774137600000000000,-228.45763534559154,-0.022586775090826627,15.036600335864348,18.99926401261867,1.244808948745295,11.760227851488287,11.296781722731374,-1.4907332586502329,16.7310417918138
2026-03-22,1774224000000000000,-154.87110258322838,-0.015367801675379322,15.25986476843021,26.912062738551576,16.29385910548819,19.488602218695124,12.744508563899165,30.892756052582218,16.7310417918138
2026-03-23,1774310400000000000,439.29379576091355,0.044908560397294295,10.604087879468164,31.19235469396611,18.67003958348635,20.155494150595956,7.928627761944872,12.209749293465219,16.7310417918138
2026-03-24,1774396800000000000,-49.44193784823292,-0.004931991377371103,23.020495898138684,19.555092502211977,-2.3243436408526446,13.41708003131187,15.89579829796482,31.981378972461876,16.7310417918138
2026-03-25,1774483200000000000,109.91329616637294,0.011051956198656399,33.07464772950966,25.414092161935283,4.585078968457795,21.024613863712766,17.29996951478506,3.829532586397532,16.7310417918138
2026-03-26,1774569600000000000,-359.09633570084156,-0.035272531478612756,26.605706697492934,25.336187495569295,28.205520694295302,26.715802946704976,22.075642252899556,24.310173368003323,16.7310417918138
2026-03-27,1774656000000000000,-356.92215836955575,-0.035062759816106626,7.790902754523107,27.769660406578783,9.623878878925742,15.06148006041635,5.652453285679721,17.864307311349165,16.7310417918138
2026-03-28,1774742400000000000,-4.554754736523109,-0.0004553717604456331,33.17103870367457,29.547712804782716,21.690334427920526,28.1363648085347,18.253268524496193,32.64467446105898,16.7310417918138
2026-03-29,1774828800000000000,-55.30879177224145,-0.005515612024880934,19.968385357906634,26.43643703417031,12.36727695352453,19.59069952913274,17.814321675108992,6.270117374824726,16.7310417918138
2026-03-30,1774915200000000000,118.43523840666857,0.011913936070890196,16.730289723107404,24.506184813175995,7.345167152267131,16.193877170518526,12.852915799521304,28.8853862293569,16.7310417918138
2026-03-31,1775001600000000000,220.18796188597267,0.022262998937982337,22.370339892575625,18.796227461884346,1.6887939512000676,14.285124614290517,12.635287100563687,-2.945520367494393,16.7310417918138
2026-04-01,1775088000000000000,-25.01056851229652,-0.002497931814384291,24.6903239962925,28.817677648339917,22.24211998651548,25.2500365509672,13.913736208413079,18.82799645060542,16.7310417918138
2026-04-02,1775174400000000000,-179.52884972726312,-0.01779269200774225,28.39193430214437,20.729153212088306,10.35287893091342,19.824656964417255,14.916822923773301,6.992455575746424,16.7310417918138
2026-04-03,1775260800000000000,9.307796481352739,0.0009312129579401862,18.68275906258606,17.327051051489388,6.996627024427895,14.335478549882401,18.377367266475012,12.559560900306746,16.7310417918138
2026-04-04,1775347200000000000,50.069851151281874,0.0050195410120827955,26.150967453334502,26.321265838086337,12.966820650524541,21.81301582126141,18.946365613130936,20.358250170477934,16.7310417918138
2026-04-05,1775433600000000000,254.35266920256032,0.025761503420038023,13.94688208161417,24.077005730082902,26.51890729018387,21.514266480303167,11.78811184981971,38.69155617085906,16.7310417918138
2026-04-06,1775520000000000000,-26.18361461522849,-0.0026149365430282456,17.367499914337106,26.648212305393347,29.382583665453073,24.46609313277539,13.733856911255964,32.907932428113575,16.7310417918138
2026-04-07,1775606400000000000,436.2968194581891,0.04459545069935267,25.686097416548204,27.597797105546555,16.997567338944155,23.427159348206473,12.759601225333677,7.572791214708019,16.7310417918138
2026-04-08,1775692800000000000,-119.48742855087833,-0.011877640105099618,30.418771524850975,22.641077297538754,32.25939763948668,28.439748765126925,17.31354963019,13.996750577739904,16.7310417918138
2026-04-09,1775779200000000000,100.52730674999073,0.010103429115520424,24.56002344759029,28.836899120575048,0.5101285285202326,17.969014168902124,23.534499155383234,26.070996338942816,16.7310417918138
2026-04-10,1775865600000000000,162.31436147722107,0.01636388153002777,25.092024595511447,31.73578896076967,8.460061809044868,21.762626419089955,18.48300854629802,15.337339401656887,16.7310417918138
2026-04-11,1775952000000000000,11.020105991865343,0.0011026180359803295,25.84396931758065,34.72369876840476,14.825110934172725,25.13092684387107,16.059646162010228,15.698739813812214,16.7310417918138
2026-04-12,1776038400000000000,-320.1726319468758,-0.03151013729416974,9.67636366330833,24.528419804092746,14.86853586811695,16.35777371804482,10.887378439346325,2.6510805386705045,16.7310417918138
2026-04-13,1776124800000000000,506.6461194012966,0.051970015928402,18.19308884194084,38.227874808860655,23.273263199601626,26.564742458353106,15.672717477043175,23.96168455905797,16.7310417918138
2026-04-14,1776211200000000000,-38.56630397669845,-0.0038492031497755486,24.258263745629453,21.89929109658837,13.136812339301647,19.764791752301857,12.76018193941486,16.595739126289367,16.7310417918138
2026-04-15,1776297600000000000,91.10214548757956,0.009151838859432937,29.069601327501157,28.008702041200998,17.058323352939645,24.712212790755032,13.428909459056872,34.14711714258545,16.7310417918138
2026-04-16,1776384000000000000,45.916351260453226,0.0046021928354755826,16.91546281486603,21.156034602625937,9.830900010023328,15.967465948451318,11.444725659662994,33.533973913944706,16.7310417918138
2026-04-17,1776470400000000000,251.97112298281775,0.025517242664023776,3.715646102977173,19.259791304873314,-4.71958616570383,6.085282260899628,10.058093689553694,7.553312499997671,16.7310417918138
2026-04-18,1776556800000000000,-180.70875844482217,-0.01790857666745682,25.351915304702658,19.244459263752823,5.6326045084632925,16.742993571018626,12.289565628080917,26.01348419254182,16.7310417918138
2026-04-19,1776643200000000000,-252.8618223928843,-0.024969164411026923,20.49828483132402,34.46693352161882,8.789610056442694,21.25160543941793,8.081618305736717,0.10681434913334681,16.7310417918138
2026-04-20,1776729600000000000,272.5552639647004,0.027630355899178616,24.49865804891263,23.94552153664026,11.374691195164488,19.93962674709261,11.76248749767313,4.655847719158338,16.7310417918138
2026-04-21,1776816000000000000,65.0783481977284,0.0065290567881712835,14.234257954118124,17.62751803361056,-2.345082343770678,9.838900629571684,8.38271235025824,-4.6450588158480866,16.7310417918138
2026-04-22,1776902400000000000,238.44609365131362,0.024131165133578936,12.939238951750857,14.192313718567739,15.822900888544257,14.318151201965554,5.835600919077675,7.023320098626005,16.7310417918138
2026-04-23,1776988800000000000,10.133237717755144,0.0010138373577703863,18.757162567276985,23.953951669940142,13.389654941599339,18.700257696711336,16.577410429116714,30.46524707273689,16.7310417918138
2026-04-24,1777075200000000000,-105.38034574907543,-0.010482704017558353,6.889629945447613,23.19214153344313,12.58093052956582,14.220903335260596,8.481676248033281,26.88729848153933,16.7310417918138
2026-04-25,1777161600000000000,24.231589225083855,0.0024260971448708535,22.33310513497161,19.259025501511978,30.400412845230044,23.997515036067178,17.091918704941722,39.762124450042506,16.7310417918138
2026-04-26,1777248000000000000,132.1407955760382,0.01330177133655397,28.499008497882425,29.90892441381824,16.09390312336695,24.833945183455015,25.797485888126822,36.21337929348156,16.7310417918138
2026-04-27,1777334400000000000,-164.87450519109908,-0.016352276418474698,11.981214642956857,17.71709772122635,-10.521994536461422,6.392105248099825,14.211813935405972,18.525160003237847,16.7310417918138
2026-04-28,1777420800000000000,-133.82706604566596,-0.013293556320352451,13.723147899166788,33.95284990595957,20.815572164170124,22.830526670585833,16.644201052442796,43.494379229080344,16.7310417918138
2026-04-29,1777507200000000000,-73.99057097115421,-0.00737175146097635,22.733194776003945,23.9861931438273,13.338465241432925,20.01928441743656,14.61516931742493,12.067344536433739,16.7310417918138
2026-04-30,1777593600000000000,74.4883135775541,0.007476642913697651,31.85563324156962,23.457502694099947,12.412937286570497,22.575357773475528,18.31139842914751,25.518602309525065,16.7310417918138
2026-05-01,1777680000000000000,243.84413230932964,0.024684144332332902,23.616652704492893,17.563324405313335,13.74429467264771,18.308094080564647,18.33457839958044,14.689358742498737,16.7310417918138
2026-05-02,1777766400000000000,58.08273981032901,0.005825174709862768,19.172726667507156,28.115027280732274,9.46999765837107,18.919250559371253,18.75521472757756,31.35882136228609,16.7310417918138
2026-05-03,1777852800000000000,-15.040501916391312,-0.0015029196750052654,30.68576415633177,33.31669961917294,16.907458027318796,26.969976113783016,12.486451868088425,33.85009658011823,16.7310417918138
2026-05-04,1777939200000000000,163.15874719045976,0.016449705467503684,21.607560758902064,19.305667659386035,7.8457660195833,16.252999437367727,20.381041251602657,30.9774047322213,16.7310417918138
2026-05-05,1778025600000000000,129.9442903575425,0.013079223515956029,22.2826346268233,30.767613985692236,13.729243291150302,22.25983063843216,28.59948062584068,35.72261399671401,16.7310417918138
2026-05-06,1778112000000000000,66.70447013087191,0.006692743994137329,32.15834614789509,27.65825444877752,9.014998445258813,22.943872148849454,20.811989970946282,13.957704890760485,16.7310417918138
2026-05-07,1778198400000000000,-178.5099287490194,-0.017692607745821376,13.891809975507172,20.65784686326729,18.099450479752058,17.549704521777134,14.793483876223538,36.146555793722996,16.7310417918138
2026-05-08,1778284800000000000,23.368419885773584,0.002339574531909916,33.46643402317378,19.633663406190742,13.47663975147246,22.1922484549251,16.929427717365975,25.62634110988667,16.7310417918138
2026-05-09,1778371200000000000,60.32531555350421,0.006050763917829549,12.252135126115748,19.740051063975606,10.151138230432897,14.047778692994262,10.052399059427694,-0.24595705398673065,16.7310417918138
2026-05-10,1778457600000000000,188.0679523615198,0.018984756888491106,32.993487562846646,19.406850645258256,15.395044582464301,22.59845995722423,23.969452307940887,49.37701835922344,16.7310417918138
2026-05-11,1778544000000000000,-56.65080958508594,-0.005649064646216728,22.905757665774882,21.357976220877244,12.040403026193584,18.76804548914394,17.65339695283588,23.971514368607934,16.7310417918138
2026-05-12,1778630400000000000,-153.00008849884702,-0.015183558368725647,18.7842081444849,21.352624624792586,35.204808954781356,25.11388355933462,17.377318780352745,60.718816522064785,16.7310417918138
2026-05-13,1778716800000000000,-149.0297018466756,-0.014792470529897295,30.705529659554863,30.204363309281856,23.99463352209119,28.301509871778034,20.227050288934254,34.26131312427891,16.7310417918138
2026-05-14,1778803200000000000,221.49908307924827,0.022397038793215973,25.86558824222317,20.87896921433183,7.835344333763516,18.1932970749517,17.711174398479198,21.220493911738938,16.7310417918138
2026-05-15,1778889600000000000,-246.79910734920068,-0.024377851769638692,20.65253744813161,12.684224470861455,0.63554854227184,11.32410559918473,10.785883188836449,6.424114056953914,16.7310417918138
2026-05-16,1778976000000000000,-122.74633680722029,-0.012199607650809186,11.808309437402388,10.411498478453186,1.067501579360888,7.762433855778293,10.711118090388227,8.642833644123815,16.7310417918138
2026-05-17,1779062400000000000,-88.73510947942894,-0.008834257540655255,22.37734514804903,18.519530363380145,18.524959889303936,19.807278903724285,15.88002707151718,16.407384040619604,16.7310417918138
2026-05-18,1779148800000000000,-59.01756452837023,-0.005884375298146671,16.235056982981295,23.91052702554172,3.1444810159992507,14.430019522548653,14.5278936726421,24.612867250505566,16.7310417918138
2026-05-19,1779235200000000000,-21.77901204759291,-0.0021755312987163933,16.178095897446735,24.69308928339368,9.533568060780885,16.801585804239437,7.235096394336055,7.53404899887286,16.7310417918138
2026-05-20,1779321600000000000,92.9983786069824,0.009343215717551479,21.13574949824351,20.775021327942685,-3.9652660620349947,12.6484995164056,14.46649908532099,-6.160047968759245,16.7310417918138
2026-05-21,1779408000000000000,8.156333958565268,0.0008159661152276065,8.131398640347992,26.23577534268528,5.080656256962918,13.14928128528814,12.655580741832289,38.323246746778445,16.7310417918138
2026-05-22,1779494400000000000,-271.1170893923042,-0.026747485554435513,17.057473039016397,28.37864581920992,-9.387896776823915,12.016071321750887,19.07693160538858,38.22258560293586,16.7310417918138
2026-05-23,1779580800000000000,159.23746507099278,0.01605120499870938,5.151356848017273,32.25673331639649,11.22904257000209,16.212378649861552,15.172380636378183,26.483435707544906,16.7310417918138
2026-05-24,1779667200000000000,40.692577964735015,0.004077548467792402,20.654160211254407,21.065160660710223,13.394483329562853,18.371270934119682,10.333032479240918,14.768927162904484,16.7310417918138
2026-05-25,1779753600000000000,33.29947307417384,0.003335497741126403,21.750962024619838,21.484405745676654,10.556859618405298,17.930744303932492,13.474018935418584,7.944025216326876,16.7310417918138
2026-05-26,1779840000000000000,-181.6665493821507,-0.018002635989416205,26.704305871433913,25.692977818853283,9.82478555838935,20.74068599815814,14.635507577573035,21.75776553726191,16.7310417918138
2026-05-27,1779926400000000000,-196.93503803390982,-0.01950085348335917,9.64796953008447,31.52812520233071,15.934489779226569,19.036857395709546,14.323482483423387,25.36901152903168,16.7310417918138
2026-05-28,1780012800000000000,-112.35450236754752,-0.011172568288409845,5.524559657545813,25.50538859383958,9.302850703618958,13.444261704495247,11.912262261075748,12.00562671841225,16.7310417918138
2026-05-29,1780099200000000000,-21.313825266736146,-0.002129112743814332,13.965796929712226,23.54200839081883,1.225993574451857,12.911265474831207,12.725192932505434,2.873990849743404,16.7310417918138
2026-05-30,1780185600000000000,57.49780542727423,0.0057663422577327594,4.411557198666552,23.305950203905297,-0.9196858775189353,8.932604593858384,9.413716789421576,-16.344242206660866,16.7310417918138
2026-05-31,1780272000000000000,-28.461899181889336,-0.0028421433596654833,20.714452642060213,24.41063694982347,19.155418464218137,21.426832157195587,16.104211334710662,27.98398055924443,16.7310417918138
2026-06-01,1780358400000000000,-312.3273754576853,-0.030750034034893292,12.737030070120895,28.08629326255784,3.9254860633417015,14.916268493325912,13.424954857828972,15.203697032277343,16.7310417918138
2026-06-02,1780444800000000000,-673.058303381961,-0.06509076599695551,21.806502070749197,23.348738782237678,18.949968325683386,21.36840050997527,16.006262819206732,16.97936874020288,16.7310417918138
2026-06-03,1780531200000000000,-400.05612792211423,-0.03921595354402363,21.64824049924658,22.34168776950587,15.86320109379817,19.951047550684272,15.682194311473527,21.765423277192895,16.7310417918138
2026-06-04,1780617600000000000,-40.10979788266344,-0.004002946552806086,23.890517260274773,35.9362927665963,-20.050279191469738,13.258847984950984,20.533555891415013,16.206834323300633,16.7310417918138
2026-06-05,1780704000000000000,-453.0091487131432,-0.04429014874779269,31.233354196741132,33.904444215890045,26.184451881349165,30.440748355244942,18.138008261286263,37.499026575363665,16.7310417918138
2026-06-06,1780790400000000000,-28.18575982386037,-0.0028146075264422477,34.59402453148337,36.05116926063537,20.32482854202949,30.323342217334268,18.61310246757802,32.86724400529134,16.7310417918138
2026-06-07,1780876800000000000,394.10290872276397,0.040197179517585946,24.12255225470062,34.786959825986024,-3.27157755278723,18.545972541441866,18.41566077475089,13.666915788269595,16.7310417918138
2026-06-08,1780963200000000000,-38.92013654412643,-0.0038844495856045214,27.737715034142344,27.83686366244908,26.72224721440336,27.43227858236036,21.447138701012687,23.216517438742503,16.7310417918138
2026-06-09,1781049600000000000,-217.28838477019107,-0.021494467869257794,1.6932064676011112,29.68288622752102,29.58121066925371,20.319100057655014,9.442892771776249,28.741603641067865,16.7310417918138
2026-06-10,1781136000000000000,-35.54178371138263,-0.003547869755386346,17.13604915028582,24.845404570574022,20.75081306923387,20.910752137880998,10.677363145488805,14.233104135580938,16.7310417918138
2026-06-11,1781222400000000000,338.0633380484629,0.034384262064388826,13.558956609094865,23.217173256867476,17.38919166838844,18.05510469660976,15.575575235993885,40.24621396130169,16.7310417918138
2026-06-12,1781308800000000000,-7.232363568558398,-0.0007229748844811423,14.036633073435903,31.357340499657703,-0.2709711260225674,15.041000789777389,20.174176793742696,22.882571567139287,16.7310417918138
2026-06-13,1781395200000000000,137.15048569572562,0.013809531299150635,-8.318620228293861,28.289779389909476,4.117387424827194,8.029516544818598,9.190000879503241,41.13147295413134,16.7310417918138
2026-06-14,1781481600000000000,197.91673152565585,0.019988826834709927,10.977891620770764,18.048883833898188,8.216888628613335,12.414549088716132,18.306558395274262,16.000210424482432,16.7310417918138
2026-06-15,1781568000000000000,88.17610222801382,0.00885659986204601,15.819110022657593,22.15264734940709,16.621268265474534,18.19768095775956,13.173646223790094,36.958816444634735,16.7310417918138
2026-06-16,1781654400000000000,-99.04647326156815,-0.009855757850970814,8.224742556659638,37.18107344886998,10.712720039759489,18.70618039996189,13.611544292574363,50.94780209264487,16.7310417918138
2026-06-17,1781740800000000000,-179.07690484126354,-0.017748300647643545,11.535324997514913,13.940713038523343,25.961500007328098,17.145849054533844,8.205408248007164,15.32337849412212,16.7310417918138
2026-06-18,1781827200000000000,-243.42953377447054,-0.024049053316260838,9.90877091018936,18.26475252271272,-0.823344001437053,9.11672768760037,12.07555071003541,12.295933251743076,16.7310417918138
2026-06-19,1781913600000000000,92.63009377023944,0.00930604382190614,6.791700981450807,20.15205859397865,6.219653561268725,11.0544747180806,9.943748486292398,20.4195488795869,16.7310417918138
2026-06-20,1782000000000000000,117.97676469692266,0.011867543540764691,18.916528128058125,35.963251476944315,12.85979017593646,22.579855827819358,5.0377553865152915,22.783918411491918,16.7310417918138
2026-06-21,1782086400000000000,-154.53797443513514,-0.015335000258950515,18.899082958528847,24.011157714918145,4.61127069731503,15.840503288713947,9.29429635671288,21.676444637296818,16.7310417918138
2026-06-22,1782172800000000000,111.20806099823488,0.01118287212534752,18.32177835674888,34.63316197649463,16.268138599767127,23.074354334741955,20.940079331481478,40.631551299746086,16.7310417918138
2026-06-23,1782259200000000000,-202.8303938282158,-0.02007872226199281,9.744203330673887,24.76589949831084,-4.687710496519386,9.940800966297438,10.273921366670155,13.593757480497462,16.7310417918138
2026-06-24,1782345600000000000,-267.609154881039,-0.026406015056770094,12.24695551804043,26.8714048606241,7.947489570999557,15.68861976973851,11.208999994319312,12.827326640003795,16.7310417918138
2026-06-25,1782432000000000000,-212.3571103960116,-0.02101182095026033,-0.7633847854147534,29.763415510578792,14.693114670374964,14.56438409107543,7.743744214080283,-2.6383096963358152,16.7310417918138
2026-06-26,1782518400000000000,50.48391384236927,0.005061155983211885,26.01400841454057,16.33384277768844,0.8169889197332662,14.388281624574256,8.712197042362526,16.279479751636455,16.7310417918138
2026-06-27,1782604800000000000,-11.364708429638007,-0.0011358253045437028,16.41820453145616,18.30234826855532,7.095674306425488,13.93874168680917,20.23273443697787,25.037705641339823,16.7310417918138
2026-06-28,1782691200000000000,-75.58183973505857,-0.00752969272689985,19.318599748885642,27.86569699879135,2.1827351710523453,16.455681398954074,8.092913026113134,50.847307646252034,16.7310417918138
2026-06-29,1782777600000000000,114.02091247726315,0.011467342855910223,19.202067524172435,11.408887240037126,8.877562043820172,13.162840568432417,14.265080213331634,22.763423195537815,16.7310417918138
2026-06-30,1782864000000000000,-275.1557258874636,-0.027140467505916033,8.562887342155442,19.848848068350804,25.2162464642133,17.875996784330397,5.006256671786251,31.358163783932344,16.7310417918138
2026-07-01,1782950400000000000,235.88202184315162,0.023868604211432443,25.969296361129725,16.963222005901375,-6.399083322871827,12.177811434208659,16.792769034112574,25.883275616177173,16.7310417918138
2026-07-02,1783036800000000000,252.6782672725091,0.02558976409436231,12.407528432043149,31.457032477673035,-8.903566679422077,11.653660283858473,10.21062422078141,13.361216194475826,16.7310417918138
2026-07-03,1783123200000000000,164.85521233797428,0.016622157244964297,19.78440372961851,15.382948192001217,0.2747495182610517,11.814032862054361,12.214011364353187,35.96032648537398,16.7310417918138
2026-07-04,1783209600000000000,89.20160569787208,0.008960063761459525,31.488328968293096,31.82925570509154,27.69680898401995,30.338125957849176,19.408522040748604,28.807517761029516,16.7310417918138
2026-07-05,1783296000000000000,79.81491338331057,0.008013428352111385,21.285754934958966,21.5487831744493,23.263442339655096,22.03266504969934,10.204410754251453,51.156700099093726,16.7310417918138
2026-07-06,1783382400000000000,61.541576238899715,0.006173133358502225,27.88630835922453,22.529063069668258,16.82262267402954,22.412665347504507,11.566281973624212,32.06387836977256,16.7310417918138
2026-07-07,1783468800000000000,-106.57762909879834,-0.01060117018381268,19.62813932519495,15.628734376918592,20.18553418112615,18.48080728198065,13.756145928440338,24.057305153169278,16.7310417918138
2026-07-08,1783555200000000000,-170.94817021150538,-0.01694952970140773,15.405412044305542,13.246458021075966,21.74467408661164,16.798846457454204,14.004618200929716,34.95851213179747,16.7310417918138
2026-07-09,1783641600000000000,149.77970417831287,0.015090702345368134,4.846203471411676,30.003381740850887,9.708436955213234,14.852673400098361,7.912248066036765,17.81649343881796,16.7310417918138
2026-07-10,1783728000000000000,146.27740955696424,0.014735249923256255,20.379219196036175,19.28791118896769,7.6488219274907925,15.771980891539084,14.394675580131159,26.379854901379325,16.7310417918138
2026-07-11,1783814400000000000,-53.55662827766896,-0.005341346834218275,18.427145114344796,24.10183351917269,10.297461967320238,17.608810054226378,11.218447940584209,36.875870731849346,16.7310417918138
2026-07-12,1783900800000000000,-6.1144676930307105,-0.0006112598738213793,14.455854205090947,30.231967723055636,5.11697377899832,16.601596385997272,14.346738022077453,22.05685595211392,16.7310417918138
2026-07-13,1783987200000000000,-229.2429614348922,-0.022663530887425565,22.646297089540237,31.871759552922484,11.223241592233713,21.913768716678618,8.23111318191111,29.39289402725409,16.7310417918138
2026-07-14,1784073600000000000,425.48444782959496,0.043466605662480395,19.826834008306342,29.510113400096444,15.972287520972609,21.76974587528471,13.098850604786099,34.39833628227692,16.7310417918138
2026-07-15,1784160000000000000,-44.33125927818789,-0.004423314129406886,11.790248278357154,13.638029968686725,14.88383055535375,13.437366355948653,11.861596192804125,22.082069777908682,16.7310417918138
2026-07-16,1784246400000000000,-144.0425170761715,-0.01430100679038393,7.690759312700435,19.095731706923257,25.792351808540936,17.526285216086094,2.7903179357247003,22.367544942423045,16.7310417918138
2026-07-17,1784332800000000000,15.884241727964104,0.0015896863866946553,25.53565605878144,25.251642430127813,9.06426208892469,19.950520317366827,11.815540275302045,27.465571673307817,16.7310417918138
2026-07-18,1784419200000000000,140.18539391129238,0.014117259880744637,1.7204599479974527,14.961448759710285,3.23311797325228,6.638346454312897,7.646430107264092,9.226575478381434,16.7310417918138
2026-07-19,1784505600000000000,-17.23723681376793,-0.001722238922938879,31.20362812942836,22.85121830183984,-3.755128642675498,16.766573589152024,15.38875267264052,21.431412333671975,16.7310417918138
2026-07-20,1784592000000000000,82.00814613521031,0.00823453340450886,-0.318919959207276,26.19004623192063,9.56285978157038,11.811326686023538,13.635325748661574,16.369619892904158,16.7310417918138
2026-07-21,1784678400000000000,197.35465209915466,0.019931496972439344,18.448036640841035,24.506317342058964,23.3210918939153,22.091816310283956,14.186198997214772,17.11990886446189,16.7310417918138
2026-07-22,1784764800000000000,-66.57864892094116,-0.006635750415250774,21.378503147456478,26.832395733331737,26.567264999116865,24.926054162642963,12.150780300976972,31.539282770991537,16.7310417918138
2026-07-23,1784851200000000000,-154.79206510826208,-0.015360019360352029,19.966736022740665,23.315975000618085,23.07992638294738,22.120880243705606,11.337935657320772,32.61870832390364,16.7310417918138
2026-07-24,1784937600000000000,-148.40686624002205,-0.014731106385998727,17.04322949256362,27.610880171991464,17.513177219360504,20.722429812655914,15.102405499603023,32.40593027076195,16.7310417918138
2026-07-25,1785024000000000000,36.573200586851236,0.0036640162145307187,7.815203447885606,30.082300053954743,0.878874788214352,12.925456770778979,6.209995434377421,14.847838230033048,16.7310417918138
2026-07-26,1785110400000000000,157.96744139459082,0.015922172283934444,18.686753259477328,22.03565577212205,-3.758637844124651,12.321255885860364,13.471152367025224,20.314999178474828,16.7310417918138
2026-07-27,1785196800000000000,-254.61157080518592,-0.025139755351682003,25.077011136184698,19.016809852183226,15.104515770247062,19.73277920497267,15.604769152991118,26.92877994625053,16.7310417918138
2026-07-28,1785283200000000000,24.92974237350568,0.0024960842815076045,24.372924386248474,28.662477866611017,20.602438348749114,24.545945502805573,13.91096411653452,36.079030401974336,16.7310417918138
2026-07-29,1785369600000000000,10.83508857302028,0.001084096065086415,12.756896871732401,21.466048372277893,2.905978224388683,12.376312779074429,10.89866215672192,28.504793676720983,16.7310417918138
2026-07-30,1785456000000000000,123.59792371685822,0.012436490269720935,15.964842975898755,32.574871817474225,-0.9031639156396899,15.878854914058008,8.425595945065364,20.197638256885337,16.7310417918138
2026-07-31,1785542400000000000,-296.4391851351698,-0.029208847232704338,24.69378719926266,15.649015422229574,8.151326674161592,16.164705621686494,13.160208767854877,17.415290083633906,16.7310417918138
2026-08-01,1785628800000000000,-10.218633977186137,-0.0010213414731105042,22.48653272551831,29.84923655936232,2.1585707287537583,18.164780571637287,14.38334416312125,34.74557649899489,16.7310417918138
2026-08-02,1785715200000000000,118.10223317473593,0.011880239368454504,13.552567595766629,27.436790691266328,22.344536905203988,21.1113019262473,8.216138821841534,28.24907480124806,16.7310417918138
2026-08-03,1785801600000000000,-7.870013163305758,-0.000786691712019616,25.48141253040886,26.298114453115815,26.441517643903758,26.073681816084274,18.763744275432934,32.099175666457896,16.7310417918138
2026-08-04,1785888000000000000,91.91725854669349,0.00923409949622167,19.587900303482716,35.82766364700022,4.874288458397321,20.09661782672974,19.37986284111488,37.49090668701405,16.7310417918138
2026-08-05,1785974400000000000,86.77265502632267,0.008715022099925696,22.041916005757738,26.859001440941505,26.89559420827577,25.265503792656528,14.771086576580187,27.9370827002967,16.7310417918138
2026-08-06,1786060800000000000,-52.970593785643125,-0.005283054698320133,21.94960373700405,30.385043343729546,24.838190134368354,25.72428288709926,17.48020783975992,45.29520756255995,16.7310417918138
2026-08-07,1786147200000000000,92.78283949602913,0.00932146065806938,17.069218281158598,32.72777515431987,22.91259527932885,24.236531400440374,14.761016145773056,53.290760600176995,16.7310417918138
2026-08-08,1786233600000000000,6.0668681577952865,0.0006068708874484852,17.840850740011895,29.17614485539781,39.008342750517485,28.67510978129585,11.09993022946462,19.605915726301443,16.7310417918138
2026-08-09,1786320000000000000,-9.395970434731902,-0.0009391557603913858,19.849966543411224,34.952063852636144,18.17505688671037,24.325700288691475,13.48674987084886,34.94504870254925,16.7310417918138
2026-08-10,1786406400000000000,-144.57742854216428,-0.014353731549565985,17.035031065773317,31.53146304494367,24.014519398711045,24.193671056136445,16.756414876796182,40.91404664469723,16.7310417918138
2026-08-11,1786492800000000000,-58.007522065421036,-0.005783960327659821,23.529727237937237,35.031953870967904,28.133361075353143,28.898350217596935,21.201170948364002,38.85299228362903,16.7310417918138
2026-08-12,1786579200000000000,-18.88889450503294,-0.0018871066215241372,16.101707371663473,38.896301095715486,19.830245111517275,24.94275500586761,12.386411391546895,20.75995500038797,16.7310417918138
2026-08-13,1786665600000000000,1.71220402581431,0.00017123506163119195,27.981980865386777,17.222736015047147,10.314671087148378,18.50646096959618,19.50331077349962,39.137662930674985,16.7310417918138
2026-08-14,1786752000000000000,-70.70042494492688,-0.007045108540032374,21.256064286840083,22.072235017204758,10.7927402760389,18.040352659050882,14.401868255139744,15.307852675961865,16.7310417918138
2026-08-15,1786838400000000000,6.731173602319823,0.0006733439545609787,23.136240131845717,37.077283137045825,12.751834647180328,24.32178618944474,17.320913373339366,23.193803527166565,16.7310417918138
2026-08-16,1786924800000000000,-29.52869690191141,-0.002948514258549584,3.298316638790728,33.71521367354777,2.226548939060714,13.080026511389281,8.70955551215682,19.364681768529632,16.7310417918138
2026-08-17,1787011200000000000,256.1676567672298,0.025947694753577055,17.817989684944617,23.997023085037593,7.463542169081768,16.42618349208588,19.367874045631964,35.657320261779596,16.7310417918138
2026-08-18,1787097600000000000,29.910852253187745,0.0029955629840709985,9.565805983460693,23.789789555530625,10.014204488821893,14.456599377142426,14.892835466419621,18.141521736720485,16.7310417918138
2026-08-19,1787184000000000000,687.9264159170796,0.07121406087438298,20.87965950065485,30.233049589277933,22.32460136474716,24.47910172442772,8.528778704869977,16.621352698206586,16.7310417918138
2026-08-20,1787270400000000000,518.8285345075213,0.05325235040768872,14.877969540311737,26.21293185260599,15.705216020212747,18.932039118639327,10.342344505098197,21.74883661162812,16.7310417918138
2026-08-21,1787356800000000000,702.0367147458519,0.072726642823437,16.061856974894337,38.504133188158754,32.464818598589325,29.01026842910206,8.96636286986574,35.43979071365409,16.7310417918138
2026-08-22,1787443200000000000,-162.549858161073,-0.016123586462411632,44.80588683072822,29.88778075874027,27.658148491451996,34.117268258698616,18.475078756622366,51.15657423388778,16.7310417918138
2026-08-23,1787529600000000000,85.1454679140753,0.008550898644877236,21.764996023588356,39.37882425829107,24.11022137462252,28.41801313563461,13.261115347646722,36.82663570868781,16.7310417918138
2026-08-24,1787616000000000000,160.63460596907237,0.016193171585149324,16.47322653783864,34.114304505865604,-1.9214168353242873,16.22204036776027,12.99346536886236,26.091224237020175,16.7310417918138
2026-08-25,1787702400000000000,-57.592307673139395,-0.005742678189747941,32.092549772184235,26.582273918066875,28.673066207095943,29.115960581376726,18.687056132221546,16.938085581356766,16.7310417918138
2026-08-26,1787788800000000000,61.514682670198596,0.0061704274035121465,20.19859259532472,21.467739874558717,3.916093485481703,15.194140187651538,21.338567083805035,30.85319457416458,16.7310417918138
2026-08-27,1787875200000000000,153.93212765410925,0.015512298517850631,28.92756830489786,22.89292054030927,14.168414178329128,21.996297921671864,13.270868320204748,24.01332134202746,16.7310417918138
2026-08-28,1787961600000000000,-304.1067836968068,-0.029952925616193116,13.534678272322157,25.825046169195414,17.04391090136226,18.801215520461273,15.556856264501171,26.621155530233796,16.7310417918138
2026-08-29,1788048000000000000,49.222311038638296,0.004934365184130485,31.13419428992702,21.67542267530162,19.509908667925153,24.106513764845655,16.892845849192508,22.833060003546098,16.7310417918138
2026-08-30,1788134400000000000,-70.29635392424052,-0.007004985299757127,25.35667914814569,22.15861788255729,7.79344309129824,18.43624430218739,14.468379818722202,16.425656036161087,16.7310417918138
