execution_date,feature_date,observation_available_ns,execution_ns,target_available_ns,max_training_label_available_ns,outside_training_range_features,forecast_bps,target_log_return_bps,target_simple_return,training_mean_bps
2025-01-01,2024-12-30,1735603200000000000,1735689600000000000,1735776000000000000,1735603200000000000,0,15.487778706896696,107.96639756492971,0.010855133794990257,20.686791349086363
2025-01-02,2024-12-31,1735689600000000000,1735776000000000000,1735862400000000000,1735689600000000000,0,2.209615461775549,249.8358197972066,0.02529828701817416,20.839940306403395
2025-01-03,2025-01-01,1735776000000000000,1735862400000000000,1735948800000000000,1735776000000000000,0,30.812128788087705,121.8898405290884,0.012263572463269812,21.29588064950144
2025-01-04,2025-01-02,1735862400000000000,1735948800000000000,1736035200000000000,1735862400000000000,0,39.478244301820965,4.719068852575504,0.0004720182508290982,21.38135118168704
2025-01-05,2025-01-03,1735948800000000000,1736035200000000000,1736121600000000000,1735948800000000000,0,26.202873530860664,14.558655630533245,0.0014569258498047244,20.530492182447787
2025-01-06,2025-01-04,1736035200000000000,1736121600000000000,1736208000000000000,1736035200000000000,0,12.086098723464108,386.09035123570237,0.039364049367443865,20.46477656851974
2025-01-07,2025-01-05,1736121600000000000,1736208000000000000,1736294400000000000,1736121600000000000,0,18.937139607135713,-530.3712600862864,-0.05165519642864125,20.532784748171338
2025-01-08,2025-01-06,1736208000000000000,1736294400000000000,1736380800000000000,1736208000000000000,0,12.264961539926233,-197.28139535716727,-0.019534813201230294,20.943496024737502
2025-01-09,2025-01-07,1736294400000000000,1736380800000000000,1736467200000000000,1736294400000000000,0,-18.69301272091702,-267.38745131460814,-0.026384429891623817,20.37647961930668
2025-01-10,2025-01-08,1736380800000000000,1736467200000000000,1736553600000000000,1736380800000000000,0,-19.16160198025562,232.13626366317393,0.023485159610508566,19.837492438845253
2025-01-11,2025-01-09,1736467200000000000,1736553600000000000,1736640000000000000,1736467200000000000,0,17.01000886699274,-13.321990503388587,-0.0013313120671071266,19.493869045937483
2025-01-12,2025-01-10,1736553600000000000,1736640000000000000,1736726400000000000,1736553600000000000,0,47.624736667937555,-5.807183284977775,-0.0005805497442441521,19.7797786093445
2025-01-13,2025-01-11,1736640000000000000,1736726400000000000,1736812800000000000,1736640000000000000,0,60.89909417385634,-0.9477410715027081,-9.47696162264533e-05,19.793181403696885
2025-01-14,2025-01-12,1736726400000000000,1736812800000000000,1736899200000000000,1736726400000000000,0,6.373294892490566,211.9150165349913,0.021417636075780955,19.35256748469172
2025-01-15,2025-01-13,1736812800000000000,1736899200000000000,1736985600000000000,1736812800000000000,0,51.85733584326369,399.5797942484759,0.040767039643913705,19.902257496314114
2025-01-16,2025-01-14,1736899200000000000,1736985600000000000,1737072000000000000,1736899200000000000,0,5.285089625339367,-50.881810693719444,-0.005075258203325772,20.017555666150187
2025-01-17,2025-01-15,1736985600000000000,1737072000000000000,1737158400000000000,1736985600000000000,0,11.44291349357771,400.9234776144885,0.04090689517568724,20.21473209876983
2025-01-18,2025-01-16,1737072000000000000,1737158400000000000,1737244800000000000,1737072000000000000,0,14.789537365988393,45.89487128482441,0.004600034954731269,20.287071462668326
2025-01-19,2025-01-17,1737158400000000000,1737244800000000000,1737331200000000000,1737158400000000000,0,46.05460933628766,-313.270015419219,-0.030841395103859304,20.882873723195765
2025-01-20,2025-01-18,1737244800000000000,1737331200000000000,1737417600000000000,1737244800000000000,0,39.38349491274523,91.2057838093528,0.009162297593928503,21.00959708477241
2025-01-21,2025-01-19,1737331200000000000,1737417600000000000,1737504000000000000,1737331200000000000,0,-10.56326274710987,372.7637730188463,0.03797985527087833,20.809874152274933
2025-01-22,2025-01-20,1737417600000000000,1737504000000000000,1737590400000000000,1737417600000000000,0,34.469902357569545,-232.28630058235157,-0.022960922265658046,21.042062548465008
2025-01-23,2025-01-21,1737504000000000000,1737590400000000000,1737676800000000000,1737504000000000000,0,13.830177417424752,19.621712628701783,0.001964097580618329,21.271931506755095
2025-01-24,2025-01-22,1737590400000000000,1737676800000000000,1737763200000000000,1737590400000000000,0,37.494745739059226,91.97842840033147,0.009240272985318487,21.11669739183794
2025-01-25,2025-01-23,1737676800000000000,1737763200000000000,1737849600000000000,1737676800000000000,0,47.64444342708575,-11.797687791035143,-0.0011790731255144626,21.872802305354277
2025-01-26,2025-01-24,1737763200000000000,1737849600000000000,1737936000000000000,1737763200000000000,0,39.579007111422115,-205.13639258596876,-0.020304665934616106,22.112990365432676
2025-01-27,2025-01-25,1737849600000000000,1737936000000000000,1738022400000000000,1737849600000000000,0,19.347388511536252,-52.484003942787616,-0.005234651604496987,21.94391733219458
2025-01-28,2025-01-26,1737936000000000000,1738022400000000000,1738108800000000000,1737936000000000000,0,22.92161427685962,-73.4755111376838,-0.0073206238502596666,21.70773131581041
2025-01-29,2025-01-27,1738022400000000000,1738108800000000000,1738195200000000000,1738022400000000000,0,-10.455228088344516,233.85708841243465,0.02366129862460853,21.63920184783594
2025-01-30,2025-01-28,1738108800000000000,1738195200000000000,1738281600000000000,1738108800000000000,0,8.00457323247335,94.95495779961031,0.009540721032070154,21.265432910470643
2025-01-31,2025-01-29,1738195200000000000,1738281600000000000,1738368000000000000,1738195200000000000,0,5.837382292985431,-221.42853251164527,-0.021899499765762886,20.313804485856185
2025-02-01,2025-01-30,1738281600000000000,1738368000000000000,1738454400000000000,1738281600000000000,0,37.109217509880125,-176.68674806794027,-0.01751349903289634,20.918263536664053
2025-02-02,2025-01-31,1738368000000000000,1738454400000000000,1738540800000000000,1738368000000000000,0,17.45987137226546,-295.99070090826194,-0.029165307804410512,19.996089508780702
2025-02-03,2025-02-01,1738454400000000000,1738540800000000000,1738627200000000000,1738454400000000000,0,30.784321161043863,364.6021499596994,0.03713304085471747,19.712300105265186
2025-02-04,2025-02-02,1738540800000000000,1738627200000000000,1738713600000000000,1738540800000000000,0,-9.608059547993495,-358.20198537313826,-0.03518624718748942,19.503685765744034
2025-02-05,2025-02-03,1738627200000000000,1738713600000000000,1738800000000000000,1738627200000000000,0,34.051255711366835,-118.40102988588077,-0.011770284792407382,19.68845890563298
2025-02-06,2025-02-04,1738713600000000000,1738800000000000000,1738886400000000000,1738713600000000000,0,34.61283861422356,-6.014491595695927,-0.0006012683252798467,19.410224033267777
2025-02-07,2025-02-05,1738800000000000000,1738886400000000000,1738972800000000000,1738800000000000000,0,34.36847222059744,-4.925900520273397,-0.0004924687494659574,19.399023424867874
2025-02-08,2025-02-06,1738886400000000000,1738972800000000000,1739059200000000000,1738886400000000000,0,83.21079350845125,-6.4316666167222145,-0.0006429598743301623,19.53147069918439
2025-02-09,2025-02-07,1738972800000000000,1739059200000000000,1739145600000000000,1738972800000000000,0,36.13974950455085,1.8661793919104426,0.0001866353534019094,19.974080690180656
2025-02-10,2025-02-08,1739059200000000000,1739145600000000000,1739232000000000000,1739059200000000000,0,41.544545432484234,99.85664239646478,0.010035687350816946,19.98137495863522
2025-02-11,2025-02-09,1739145600000000000,1739232000000000000,1739318400000000000,1739145600000000000,0,-18.36238326329074,-171.07381622402144,-0.01696188126098086,19.745450691933595
2025-02-12,2025-02-10,1739232000000000000,1739318400000000000,1739404800000000000,1739232000000000000,0,31.069633710672647,216.04861359415864,0.021839936244371083,19.922672534402587
2025-02-13,2025-02-11,1739318400000000000,1739404800000000000,1739491200000000000,1739318400000000000,0,-6.182859697590153,-129.77168269952102,-0.012893327883927608,19.89362239120295
2025-02-14,2025-02-12,1739404800000000000,1739491200000000000,1739577600000000000,1739404800000000000,0,9.033808786176147,91.94299337227349,0.009236696745915651,19.903825390351656
2025-02-15,2025-02-13,1739491200000000000,1739577600000000000,1739664000000000000,1739491200000000000,0,4.377897995613305,7.094884219879397,0.0007097401684319493,19.819878328882158
2025-02-16,2025-02-14,1739577600000000000,1739664000000000000,1739750400000000000,1739577600000000000,0,23.769924784468675,-149.88835134728174,-0.014877061693454596,20.627965165986
2025-02-17,2025-02-15,1739664000000000000,1739750400000000000,1739836800000000000,1739664000000000000,0,33.4705185057586,-35.238524718751044,-0.00351765099026069,20.642770941264512
2025-02-18,2025-02-16,1739750400000000000,1739836800000000000,1739923200000000000,1739750400000000000,0,-2.6319001183481063,-11.31042276104348,-0.001130402888869897,20.38050144764669
2025-02-19,2025-02-17,1739836800000000000,1739923200000000000,1740009600000000000,1739836800000000000,0,25.087470001031697,101.14995490717065,0.01016632497746972,20.344160215496917
2025-02-20,2025-02-18,1739923200000000000,1740009600000000000,1740096000000000000,1739923200000000000,0,-26.594167764402577,170.37039748673786,0.0171829978300857,20.460721780598476
2025-02-21,2025-02-19,1740009600000000000,1740096000000000000,1740182400000000000,1740009600000000000,0,14.455868583584957,-218.3286627598199,-0.021596254351634703,20.917707699927725
2025-02-22,2025-02-20,1740096000000000000,1740182400000000000,1740268800000000000,1740096000000000000,0,22.699240053554973,38.293437132033986,0.0038366850176418943,22.050339780435625
2025-02-23,2025-02-21,1740182400000000000,1740268800000000000,1740355200000000000,1740182400000000000,0,19.067511987243886,-30.393831239023623,-0.003034768875022631,21.890806653012696
2025-02-24,2025-02-22,1740268800000000000,1740355200000000000,1740441600000000000,1740268800000000000,0,31.47967519055944,-501.15357751721245,-0.04888030085811046,21.734011636982064
2025-02-25,2025-02-23,1740355200000000000,1740441600000000000,1740528000000000000,1740355200000000000,0,10.188614194651604,-318.77946271920206,-0.03137520086752055,20.67336517550069
2025-02-26,2025-02-24,1740441600000000000,1740528000000000000,1740614400000000000,1740441600000000000,0,1.0575803377359243,-512.4914509219363,-0.04995805724354618,18.686216936694194
2025-02-27,2025-02-25,1740528000000000000,1740614400000000000,1740700800000000000,1740528000000000000,0,2.0957587531852884,54.27139695978949,0.005441893296493916,17.91924695790515
2025-02-28,2025-02-26,1740614400000000000,1740700800000000000,1740787200000000000,1740614400000000000,0,-29.640190402650077,-42.42560953563656,-0.004233574005558238,17.421618834493366
2025-03-01,2025-02-27,1740700800000000000,1740787200000000000,1740873600000000000,1740700800000000000,0,37.28803865492735,201.23263688074996,0.02032710155726236,17.0922934663823
2025-03-02,2025-02-28,1740787200000000000,1740873600000000000,1740960000000000000,1740787200000000000,0,54.56960382549378,910.6541941811876,0.09534065946323556,15.750825712226328
2025-03-03,2025-03-01,1740873600000000000,1740960000000000000,1741046400000000000,1740873600000000000,0,66.54546876012685,-892.4727614628383,-0.08538061794638996,16.28421279270302
2025-03-04,2025-03-02,1740960000000000000,1741046400000000000,1741132800000000000,1740960000000000000,0,99.13983295424084,122.28403693549532,0.012303476316022577,17.015795342306987
2025-03-05,2025-03-03,1741046400000000000,1741132800000000000,1741219200000000000,1741046400000000000,1,-3.7607024643484834,373.7640914467384,0.03808369150195734,15.894528277835073
2025-03-06,2025-03-04,1741132800000000000,1741219200000000000,1741305600000000000,1741132800000000000,1,29.45982580413981,-74.67941165343689,-0.007440125378010198,15.869699624808296
2025-03-07,2025-03-05,1741219200000000000,1741305600000000000,1741392000000000000,1741219200000000000,1,64.16430651358343,-354.2582730802956,-0.03480567736380025,16.82676917669066
2025-03-08,2025-03-06,1741305600000000000,1741392000000000000,1741478400000000000,1741305600000000000,1,10.993813228908897,-66.959669731782,-0.006673598939376135,16.195413736135805
2025-03-09,2025-03-07,1741392000000000000,1741478400000000000,1741564800000000000,1741392000000000000,1,100.48178054947707,-657.6495508723464,-0.06364907705022582,16.121821226322982
2025-03-10,2025-03-08,1741478400000000000,1741564800000000000,1741651200000000000,1741478400000000000,1,-25.745888151681065,-268.46719195691077,-0.02648954944653137,16.023704662337785
2025-03-11,2025-03-09,1741564800000000000,1741651200000000000,1741737600000000000,1741564800000000000,1,6.238803900780953,537.1390602473281,0.055182677560879245,14.84738036777252
2025-03-12,2025-03-10,1741651200000000000,1741737600000000000,1741824000000000000,1741651200000000000,0,15.294244799373596,89.68502033038601,0.009008839546240877,14.900096653702347
2025-03-13,2025-03-11,1741737600000000000,1741824000000000000,1741910400000000000,1741737600000000000,0,9.452750577867835,-311.2391755655611,-0.030644554525017353,15.582263613328557
2025-03-14,2025-03-12,1741824000000000000,1741910400000000000,1741996800000000000,1741824000000000000,0,36.29069598881412,347.3914297576091,0.03534959535616866,15.159997032376147
2025-03-15,2025-03-13,1741910400000000000,1741996800000000000,1742083200000000000,1741910400000000000,0,88.26516791479557,42.210918166076,0.004230013172874303,14.883117602271389
2025-03-16,2025-03-14,1741996800000000000,1742083200000000000,1742169600000000000,1741996800000000000,0,54.30672858172653,-211.3659322322127,-0.020914780970575197,15.153063730191166
2025-03-17,2025-03-15,1742083200000000000,1742169600000000000,1742256000000000000,1742083200000000000,0,33.60431568191746,172.3491908103186,0.01738429723842172,15.21839336605507
2025-03-18,2025-03-16,1742169600000000000,1742256000000000000,1742342400000000000,1742169600000000000,0,21.596662049502882,-155.34750693542276,-0.015414708864490256,15.061305266119582
2025-03-19,2025-03-17,1742256000000000000,1742342400000000000,1742428800000000000,1742256000000000000,0,10.173740343869497,487.3430243250707,0.04994134681447848,15.488796312983668
2025-03-20,2025-03-18,1742342400000000000,1742428800000000000,1742515200000000000,1742342400000000000,0,-15.629453585596927,-306.6307426907483,-0.030197730624797137,15.08829926000962
2025-03-21,2025-03-19,1742428800000000000,1742515200000000000,1742601600000000000,1742428800000000000,0,33.89318209534936,-15.992905169850523,-0.0015980123333926288,15.768595130347284
2025-03-22,2025-03-20,1742515200000000000,1742601600000000000,1742688000000000000,1742515200000000000,0,9.115887174973633,-29.5600663481781,-0.0029516419489445944,15.40701064084173
2025-03-23,2025-03-21,1742601600000000000,1742688000000000000,1742774400000000000,1742601600000000000,0,8.577420409592214,263.8888098095968,0.02674015056430301,15.44845043754862
2025-03-24,2025-03-22,1742688000000000000,1742774400000000000,1742860800000000000,1742688000000000000,0,45.5079619676981,163.1162582836565,0.01644538669299811,15.390978809559831
2025-03-25,2025-03-23,1742774400000000000,1742860800000000000,1742947200000000000,1742774400000000000,0,4.562941457295935,-12.039497588543933,-0.0012032253021091455,15.56869902476904
2025-03-26,2025-03-24,1742860800000000000,1742947200000000000,1743033600000000000,1742860800000000000,0,37.90179289167091,-55.502645177246364,-0.005534890256506109,15.162218128122571
2025-03-27,2025-03-25,1742947200000000000,1743033600000000000,1743120000000000000,1742947200000000000,0,-36.454790661809966,37.0780041643374,0.003714682811951864,14.881759833643248
2025-03-28,2025-03-26,1743033600000000000,1743120000000000000,1743206400000000000,1743033600000000000,0,32.84350155352459,-327.151282624945,-0.0321857767578666,14.949637901592167
2025-03-29,2025-03-27,1743120000000000000,1743206400000000000,1743292800000000000,1743120000000000000,0,44.9356260585138,-212.5918418345377,-0.021034800610913673,14.775765253218777
2025-03-30,2025-03-28,1743206400000000000,1743292800000000000,1743379200000000000,1743206400000000000,0,4.858978861966044,-31.329679374443504,-0.003128065314652262,14.274711335682307
2025-03-31,2025-03-29,1743292800000000000,1743379200000000000,1743465600000000000,1743292800000000000,0,-1.9112455433436804,19.40100038638304,0.0019419832503944079,14.056177240878254
2025-04-01,2025-03-30,1743379200000000000,1743465600000000000,1743552000000000000,1743379200000000000,0,-8.424826894167383,311.08294177873387,0.0315972138098124,14.007879191287604
2025-04-02,2025-03-31,1743465600000000000,1743552000000000000,1743638400000000000,1743465600000000000,0,7.128032585962409,-315.1685733770288,-0.031025378016366068,14.445104115559005
2025-04-03,2025-04-01,1743552000000000000,1743638400000000000,1743724800000000000,1743552000000000000,0,35.842878100432195,84.0905997628593,0.008444515433802868,14.435961319503004
2025-04-04,2025-04-02,1743638400000000000,1743724800000000000,1743811200000000000,1743638400000000000,0,19.151267263697605,81.00200026060092,0.00813309540602325,14.743990470292413
2025-04-05,2025-04-03,1743724800000000000,1743811200000000000,1743897600000000000,1743724800000000000,0,25.973771585316157,-42.03368759459135,-0.004194546969735313,15.133557613693807
2025-04-06,2025-04-04,1743811200000000000,1743897600000000000,1743984000000000000,1743811200000000000,0,19.102686159142365,-630.9499122461922,-0.061145713465215135,15.742020510017543
2025-04-07,2025-04-05,1743897600000000000,1743984000000000000,1744070400000000000,1743897600000000000,0,32.6930090898985,93.0554243469642,0.009348973607038236,15.401394205297784
2025-04-08,2025-04-06,1743984000000000000,1744070400000000000,1744156800000000000,1743984000000000000,0,19.06807932682219,-365.45314426559463,-0.03588559538492875,14.63209712415132
2025-04-09,2025-04-07,1744070400000000000,1744156800000000000,1744243200000000000,1744070400000000000,0,1.5333948578270302,792.271898213657,0.0824502158081466,14.802922540692258
2025-04-10,2025-04-08,1744156800000000000,1744243200000000000,1744329600000000000,1744156800000000000,0,2.2923407063313075,-370.8812786599812,-0.036408787630172745,13.894631126496245
2025-04-11,2025-04-09,1744243200000000000,1744329600000000000,1744416000000000000,1744243200000000000,0,31.10809037885351,468.2820277804306,0.047941960096624214,14.947710707001333
2025-04-12,2025-04-10,1744329600000000000,1744416000000000000,1744502400000000000,1744329600000000000,0,91.20396055674212,219.69726211469845,0.02221283774672056,13.916512758592887
2025-04-13,2025-04-11,1744416000000000000,1744502400000000000,1744588800000000000,1744416000000000000,0,6.61604347218675,-179.48159615311206,-0.017788050716190384,14.649125874001271
2025-04-14,2025-04-12,1744502400000000000,1744588800000000000,1744675200000000000,1744502400000000000,0,110.58265606547769,98.7916790997592,0.009928127984718316,14.995696807156369
2025-04-15,2025-04-13,1744588800000000000,1744675200000000000,1744761600000000000,1744588800000000000,0,-42.462271830045786,-112.6515660201265,-0.011201942320973268,14.743004437900225
2025-04-16,2025-04-14,1744675200000000000,1744761600000000000,1744848000000000000,1744675200000000000,0,59.93868400595497,46.08822254111565,0.004619459210398746,15.450915040717355
2025-04-17,2025-04-15,1744761600000000000,1744848000000000000,1744934400000000000,1744761600000000000,0,-35.39105484212111,108.59962702651274,0.010919146146905367,14.996127870286083
2025-04-18,2025-04-16,1744848000000000000,1744934400000000000,1745020800000000000,1744848000000000000,0,24.96869263154017,-55.86281579512135,-0.005570707322792634,14.88768778420252
2025-04-19,2025-04-17,1744934400000000000,1745020800000000000,1745107200000000000,1744934400000000000,0,6.736334991593509,71.04647531971361,0.00712994541560974,15.130796256624315
2025-04-20,2025-04-18,1745020800000000000,1745107200000000000,1745193600000000000,1745020800000000000,0,-6.38789128759657,12.010133935711636,0.0012017348989739052,14.732100916089331
2025-04-21,2025-04-19,1745107200000000000,1745193600000000000,1745280000000000000,1745107200000000000,0,16.201113390929283,270.66405439942093,0.02743602783964727,15.147191541947448
2025-04-22,2025-04-20,1745193600000000000,1745280000000000000,1745366400000000000,1745193600000000000,0,-10.100313920008364,655.2737009881098,0.06772196056913793,15.368482504832965
2025-04-23,2025-04-21,1745280000000000000,1745366400000000000,1745452800000000000,1745280000000000000,0,-1.295326825590518,26.513628286356184,0.0026548807995121493,16.127713207611478
2025-04-24,2025-04-22,1745366400000000000,1745452800000000000,1745539200000000000,1745366400000000000,0,33.10753320655928,30.841141857941107,0.003088874958947496,17.065989242162583
2025-04-25,2025-04-23,1745452800000000000,1745539200000000000,1745625600000000000,1745452800000000000,0,1.588535035787471,69.79277255771385,0.007003689170739236,17.118105896825316
2025-04-26,2025-04-24,1745539200000000000,1745625600000000000,1745712000000000000,1745539200000000000,0,14.145745262354874,-1.1285663183106742,-0.0001128502637609552,17.484781479684944
2025-04-27,2025-04-25,1745625600000000000,1745712000000000000,1745798400000000000,1745625600000000000,0,30.683866483043623,-93.29323861651935,-0.009285940736357134,17.672977532651156
2025-04-28,2025-04-26,1745712000000000000,1745798400000000000,1745884800000000000,1745712000000000000,0,-2.700979891084465,133.7047739831472,0.013460261939050477,17.681718697949282
2025-04-29,2025-04-27,1745798400000000000,1745884800000000000,1745971200000000000,1745798400000000000,0,-14.897918730759645,-79.71384433910092,-0.007939697201950202,17.47679793036886
2025-04-30,2025-04-28,1745884800000000000,1745971200000000000,1746057600000000000,1745884800000000000,0,2.6908236118147766,-9.002869702098005,-0.0008998818334843284,17.53739648178104
2025-05-01,2025-04-29,1745971200000000000,1746057600000000000,1746144000000000000,1745971200000000000,0,-14.811292429824793,243.1544217222501,0.02461347321921581,17.49206442542214
2025-05-02,2025-04-30,1746057600000000000,1746144000000000000,1746230400000000000,1746057600000000000,0,-6.845556306979862,41.083530833269734,0.004116803934919755,17.288162403805376
2025-05-03,2025-05-01,1746144000000000000,1746230400000000000,1746316800000000000,1746144000000000000,0,24.400809038661215,-106.95245833927096,-0.010638255049974177,17.930570551292707
2025-05-04,2025-05-02,1746230400000000000,1746316800000000000,1746403200000000000,1746230400000000000,0,7.625067164118313,-166.0771917892881,-0.016470571298197845,17.957346001555173
2025-05-05,2025-05-03,1746316800000000000,1746403200000000000,1746489600000000000,1746316800000000000,0,9.888362052562076,48.258586575876826,0.004837521867599337,17.69227484751532
2025-05-06,2025-05-04,1746403200000000000,1746489600000000000,1746576000000000000,1746403200000000000,0,1.3252265603963025,219.28792437757434,0.022170995574119168,17.644149138396433
2025-05-07,2025-05-05,1746489600000000000,1746576000000000000,1746662400000000000,1746489600000000000,0,14.192254554602188,20.269832486365164,0.0020290389679165077,17.65869161666832
2025-05-08,2025-05-06,1746576000000000000,1746662400000000000,1746748800000000000,1746576000000000000,0,2.5051203919794016,622.4030897081844,0.06421805514760814,17.773959515410198
2025-05-09,2025-05-07,1746662400000000000,1746748800000000000,1746835200000000000,1746662400000000000,0,15.240110956982967,-28.08661540998581,-0.002804720941306238,18.268268470216775
2025-05-10,2025-05-08,1746748800000000000,1746835200000000000,1746921600000000000,1746748800000000000,0,40.3572854896543,176.87693367897714,0.017845046988020696,19.063166755728446
2025-05-11,2025-05-09,1746835200000000000,1746921600000000000,1747008000000000000,1746835200000000000,0,23.34538911362814,-66.1983153067692,-0.006597968715249425,18.90155982317496
2025-05-12,2025-05-10,1746921600000000000,1747008000000000000,1747094400000000000,1746921600000000000,0,8.613581459471517,-128.23957677924932,-0.01274208110028996,19.071701547883396
2025-05-13,2025-05-11,1747008000000000000,1747094400000000000,1747180800000000000,1747008000000000000,0,22.96768495076342,126.86796194268246,0.012767615008738131,18.36136227768386
2025-05-14,2025-05-12,1747094400000000000,1747180800000000000,1747267200000000000,1747094400000000000,0,-10.20454051679279,-57.40447834909493,-0.005724002946292384,18.346717706255824
2025-05-15,2025-05-13,1747180800000000000,1747267200000000000,1747353600000000000,1747180800000000000,0,9.987282958320948,24.690329409397716,0.0024720835129090624,18.545628070681555
2025-05-16,2025-05-14,1747267200000000000,1747353600000000000,1747440000000000000,1747267200000000000,0,-11.430226584926853,-28.935353660749545,-0.002889353127408567,18.71217757535341
2025-05-17,2025-05-15,1747353600000000000,1747440000000000000,1747526400000000000,1747353600000000000,0,21.50308913012119,-32.64915065874072,-0.00325959102643536,18.950218505489357
2025-05-18,2025-05-16,1747440000000000000,1747526400000000000,1747612800000000000,1747440000000000000,0,6.447567079443191,317.57658737128827,0.03226731402600591,18.68965269002403
2025-05-19,2025-05-17,1747526400000000000,1747612800000000000,1747699200000000000,1747526400000000000,0,1.4891157295219593,-83.05931879333451,-0.008271532931464431,18.73334111346245
2025-05-20,2025-05-18,1747612800000000000,1747699200000000000,1747785600000000000,1747612800000000000,0,20.10370227549434,120.16410380514905,0.012088897493723216,19.15435640065834
2025-05-21,2025-05-19,1747699200000000000,1747785600000000000,1747872000000000000,1747699200000000000,0,5.659134381526963,258.12680835062105,0.026148713149274805,19.773416033423814
2025-05-22,2025-05-20,1747785600000000000,1747872000000000000,1747958400000000000,1747785600000000000,0,1.1980125646435553,185.4420225774508,0.018717213775237385,19.147116307965074
2025-05-23,2025-05-21,1747872000000000000,1747958400000000000,1748044800000000000,1747872000000000000,0,10.96596038984525,-399.83679903079974,-0.03919488054295839,19.974440105695003
2025-05-24,2025-05-22,1747958400000000000,1748044800000000000,1748131200000000000,1747958400000000000,0,25.28008246465719,41.24978766099946,0.004133498201145391,20.14972281083278
2025-05-25,2025-05-23,1748044800000000000,1748131200000000000,1748217600000000000,1748044800000000000,0,-12.099896047130983,114.62249875908925,0.011528193174025425,19.60073583905517
2025-05-26,2025-05-24,1748131200000000000,1748217600000000000,1748304000000000000,1748131200000000000,0,17.695751987575665,39.42341771370788,0.003950123022782526,19.99934555040365
2025-05-27,2025-05-25,1748217600000000000,1748304000000000000,1748390400000000000,1748217600000000000,0,-1.9109146822970935,-45.48281791389211,-0.004537954021564317,20.11425532749155
2025-05-28,2025-05-26,1748304000000000000,1748390400000000000,1748476800000000000,1748304000000000000,0,21.856383605797745,-106.718460844975,-0.010615103962183348,20.18046266966444
2025-05-29,2025-05-27,1748390400000000000,1748476800000000000,1748563200000000000,1748390400000000000,0,18.199205381579034,-205.4732532520838,-0.02033766746104948,20.101069611095053
2025-05-30,2025-05-28,1748476800000000000,1748563200000000000,1748649600000000000,1748476800000000000,0,3.539472665604592,-153.10124324823573,-0.015193520204375921,20.393585263237533
2025-05-31,2025-05-29,1748563200000000000,1748649600000000000,1748736000000000000,1748563200000000000,0,-1.5900823293494604,58.14741712088358,0.005831680137619255,19.846329647006986
2025-06-01,2025-05-30,1748649600000000000,1748736000000000000,1748822400000000000,1748649600000000000,0,10.417276701643397,99.9890319604234,0.0100490592577549,19.229303845973398
2025-06-02,2025-05-31,1748736000000000000,1748822400000000000,1748908800000000000,1748736000000000000,0,1.0004747251716068,20.33750623507807,0.002035820097000318,19.219611483531526
2025-06-03,2025-06-01,1748822400000000000,1748908800000000000,1748995200000000000,1748822400000000000,0,16.655124648143016,-45.551263722876485,-0.004544767518751547,19.45345778343238
2025-06-04,2025-06-02,1748908800000000000,1748995200000000000,1749081600000000000,1748908800000000000,0,33.05434063974093,-64.74320023828908,-0.00645340677131323,19.216291356689815
2025-06-05,2025-06-03,1748995200000000000,1749081600000000000,1749168000000000000,1748995200000000000,0,12.045316112205409,-309.24716397298556,-0.03045143856272292,18.408949534848155
2025-06-06,2025-06-04,1749081600000000000,1749168000000000000,1749254400000000000,1749081600000000000,0,2.8149636743336544,270.16015263381837,0.027384256461195466,17.508059281866256
2025-06-07,2025-06-05,1749168000000000000,1749254400000000000,1749340800000000000,1749168000000000000,0,4.394911351978029,120.44717736055014,0.012117547459483236,17.125916039722117
2025-06-08,2025-06-06,1749254400000000000,1749340800000000000,1749427200000000000,1749254400000000000,0,13.178816305754786,17.214572398925068,0.0017229397980049743,17.13266258273373
2025-06-09,2025-06-07,1749340800000000000,1749427200000000000,1749513600000000000,1749340800000000000,0,8.426753990460666,419.42001772458997,0.04283399447349079,17.37505871565677
2025-06-10,2025-06-08,1749427200000000000,1749513600000000000,1749600000000000000,1749427200000000000,0,26.050174458112238,1.0311175786527098,0.00010311707406529536,17.428915983924664
2025-06-11,2025-06-09,1749513600000000000,1749600000000000000,1749686400000000000,1749513600000000000,0,31.21643698000537,-148.84831477943078,-0.014774599977383618,18.106132831121265
2025-06-12,2025-06-10,1749600000000000000,1749686400000000000,1749772800000000000,1749600000000000000,0,18.775736368423743,-277.49386197380437,-0.027367908713441635,17.912539834093064
2025-06-13,2025-06-11,1749686400000000000,1749772800000000000,1749859200000000000,1749686400000000000,0,0.3618976560207834,37.29607744577808,0.003736571386067755,17.98757456157807
2025-06-14,2025-06-12,1749772800000000000,1749859200000000000,1749945600000000000,1749772800000000000,0,17.818428088208567,-61.656733905955065,-0.006146704631496025,17.42772896309315
2025-06-15,2025-06-13,1749859200000000000,1749945600000000000,1750032000000000000,1749859200000000000,0,9.904364259152711,17.003098519311816,0.0017017561983569962,17.46861629430464
2025-06-16,2025-06-14,1749945600000000000,1750032000000000000,1750118400000000000,1749945600000000000,0,1.157178724868178,113.04967105170968,0.011369109727993987,17.330004377842947
2025-06-17,2025-06-15,1750032000000000000,1750118400000000000,1750204800000000000,1750032000000000000,0,12.688704007874449,-212.30091356166642,-0.02100631933114927,17.33957531371325
2025-06-18,2025-06-16,1750118400000000000,1750204800000000000,1750291200000000000,1750118400000000000,0,35.417775496897136,32.049613860299694,0.0032101027659470205,17.253409602795557
2025-06-19,2025-06-17,1750204800000000000,1750291200000000000,1750377600000000000,1750204800000000000,0,0.2531573484463898,-21.780493582167264,-0.002175679129850394,17.132346370649923
2025-06-20,2025-06-18,1750291200000000000,1750377600000000000,1750464000000000000,1750291200000000000,0,12.8218654131005,-130.85707418295283,-0.01300046178722647,17.29688416996876
2025-06-21,2025-06-19,1750377600000000000,1750464000000000000,1750550400000000000,1750377600000000000,0,3.7683491108631877,-114.69033018048489,-0.011403514376563728,17.548994919486674
2025-06-22,2025-06-20,1750464000000000000,1750550400000000000,1750636800000000000,1750464000000000000,0,12.030003539993793,-113.86058150357384,-0.011321482310716391,17.156805998709387
2025-06-23,2025-06-21,1750550400000000000,1750636800000000000,1750723200000000000,1750550400000000000,0,25.52715969376635,423.7295432495915,0.04328350329677355,17.02392808308519
2025-06-24,2025-06-22,1750636800000000000,1750723200000000000,1750809600000000000,1750636800000000000,0,-12.612683162920753,70.86122184764345,0.007111288156504969,16.921885799638698
2025-06-25,2025-06-23,1750723200000000000,1750809600000000000,1750896000000000000,1750723200000000000,0,33.863537682768495,117.8505670593411,0.011854774091984543,17.39933552220242
2025-06-26,2025-06-24,1750809600000000000,1750896000000000000,1750982400000000000,1750809600000000000,0,6.52280450928666,-36.72917617079883,-0.003666180705732991,17.401958488474236
2025-06-27,2025-06-25,1750896000000000000,1750982400000000000,1751068800000000000,1750896000000000000,0,26.659339918575945,9.394628519029482,0.0009399042853539541,17.678184399425202
2025-06-28,2025-06-26,1750982400000000000,1751068800000000000,1751155200000000000,1750982400000000000,0,30.482668563170897,23.253245447281138,0.0023280302086230442,17.140062638125723
2025-06-29,2025-06-27,1751068800000000000,1751155200000000000,1751241600000000000,1751068800000000000,0,-10.52002819581391,98.3195226177919,0.009880444699230884,17.67128480119201
2025-06-30,2025-06-28,1751155200000000000,1751241600000000000,1751328000000000000,1751155200000000000,0,16.01699886381798,-112.33535100704724,-0.011170674547534731,17.714243066760275
2025-07-01,2025-06-29,1751241600000000000,1751328000000000000,1751414400000000000,1751241600000000000,0,-5.747278240709608,-137.70797413229724,-0.013676413725467906,17.878567496928973
2025-07-02,2025-06-30,1751328000000000000,1751414400000000000,1751500800000000000,1751328000000000000,0,28.261604351855212,295.40668208125635,0.029981322114931874,17.764845720228056
2025-07-03,2025-07-01,1751414400000000000,1751500800000000000,1751587200000000000,1751414400000000000,0,-16.555174637417977,67.31383981978067,0.006754090667681956,17.702175941027516
2025-07-04,2025-07-02,1751500800000000000,1751587200000000000,1751673600000000000,1751500800000000000,0,15.89472886893409,-147.1302184791367,-0.01460531422386524,18.092444836136075
2025-07-05,2025-07-03,1751587200000000000,1751673600000000000,1751760000000000000,1751587200000000000,0,19.899641867046668,19.786078742046065,0.001980566610408463,18.23795534303539
2025-07-06,2025-07-04,1751673600000000000,1751760000000000000,1751846400000000000,1751673600000000000,0,11.315619755011735,92.52328069192058,0.009295263170931323,17.984164976616572
2025-07-07,2025-07-05,1751760000000000000,1751846400000000000,1751932800000000000,1751760000000000000,0,34.29918402481017,-86.53421254843792,-0.008616088169052682,18.062427110799433
2025-07-08,2025-07-06,1751846400000000000,1751932800000000000,1752019200000000000,1751846400000000000,0,6.814399882740183,60.782209244864184,0.006096730792642502,18.05645882682201
2025-07-09,2025-07-07,1751932800000000000,1752019200000000000,1752105600000000000,1751932800000000000,0,38.19832467434965,209.94971709299108,0.021216916649092976,18.364135953949656
2025-07-10,2025-07-08,1752019200000000000,1752105600000000000,1752192000000000000,1752019200000000000,0,0.8658860354333733,420.40390008266843,0.04293660211805728,18.424129282862395
2025-07-11,2025-07-09,1752105600000000000,1752192000000000000,1752278400000000000,1752105600000000000,0,4.315371240007428,129.9722964952155,0.013082060763549785,18.65934323373129
2025-07-12,2025-07-10,1752192000000000000,1752278400000000000,1752364800000000000,1752192000000000000,0,27.154609824535754,-9.164595002588142,-0.000916039679510372,19.309915103290248
2025-07-13,2025-07-11,1752278400000000000,1752364800000000000,1752451200000000000,1752278400000000000,0,20.748754702329894,140.94128762483953,0.014193919264179788,19.448231325876556
2025-07-14,2025-07-12,1752364800000000000,1752451200000000000,1752537600000000000,1752364800000000000,0,8.594080849823534,63.159033400840464,0.006335890714870285,19.416889380214744
2025-07-15,2025-07-13,1752451200000000000,1752537600000000000,1752624000000000000,1752451200000000000,0,17.464052249104125,-175.34932238785126,-0.017382089977926563,19.648591935887346
2025-07-16,2025-07-14,1752537600000000000,1752624000000000000,1752710400000000000,1752537600000000000,0,22.89202119048603,73.80764177522164,0.007408069153301389,19.76042561316764
2025-07-17,2025-07-15,1752624000000000000,1752710400000000000,1752796800000000000,1752624000000000000,0,-0.4207940201721243,46.013671981444325,0.004611969744021893,19.2896868560906
2025-07-18,2025-07-16,1752710400000000000,1752796800000000000,1752883200000000000,1752710400000000000,0,-13.602955642258944,-105.6700950065718,-0.010511374792368633,19.64039177075338
2025-07-19,2025-07-17,1752796800000000000,1752883200000000000,1752969600000000000,1752796800000000000,0,3.4025190395152585,-7.196153596326174,-0.0007193564985968903,19.70116613450678
2025-07-20,2025-07-18,1752883200000000000,1752969600000000000,1753056000000000000,1752883200000000000,0,16.944349451732595,-48.90588055793391,-0.004878648601608138,19.59143297244207
2025-07-21,2025-07-19,1752969600000000000,1753056000000000000,1753142400000000000,1752969600000000000,0,16.492981667040958,9.823331280831315,0.0009828157752975741,19.601510836341816
2025-07-22,2025-07-20,1753056000000000000,1753142400000000000,1753228800000000000,1753056000000000000,0,-6.052651963261688,216.9231857126572,0.021929307424171984,19.525164822763713
2025-07-23,2025-07-21,1753142400000000000,1753228800000000000,1753315200000000000,1753142400000000000,0,27.127368195465646,-100.40952704626135,-0.009990710639031786,19.480002764763658
2025-07-24,2025-07-22,1753228800000000000,1753315200000000000,1753401600000000000,1753228800000000000,0,-5.381001203480569,-35.00849516276867,-0.0034947286873926453,19.518164894565277
2025-07-25,2025-07-23,1753315200000000000,1753401600000000000,1753488000000000000,1753315200000000000,0,9.08597781998681,-61.594067027136006,-0.006140476443578513,19.46645991244276
2025-07-26,2025-07-24,1753401600000000000,1753488000000000000,1753574400000000000,1753401600000000000,0,3.0117486206327158,25.95631902628258,0.0025990034716014687,19.47731991213045
2025-07-27,2025-07-25,1753488000000000000,1753574400000000000,1753660800000000000,1753488000000000000,0,16.114581839040508,126.0316708800504,0.012682921699704863,19.405201607683132
2025-07-28,2025-07-26,1753574400000000000,1753660800000000000,1753747200000000000,1753574400000000000,0,1.8003017557252932,-113.96890081404494,-0.011332191550246784,19.439575142901106
2025-07-29,2025-07-27,1753660800000000000,1753747200000000000,1753833600000000000,1753660800000000000,0,-3.7238166740310312,-9.454561843623395,-0.0009450093814860061,19.67633899184144
2025-07-30,2025-07-28,1753747200000000000,1753833600000000000,1753920000000000000,1753747200000000000,0,37.6177633089374,-9.369313446390988,-0.0009364925615140685,19.456117622817548
2025-07-31,2025-07-29,1753833600000000000,1753920000000000000,1754006400000000000,1753833600000000000,0,-1.895777956977014,-177.759924606477,-0.01761893152163818,19.553194856023456
2025-08-01,2025-07-30,1753920000000000000,1754006400000000000,1754092800000000000,1753920000000000000,0,9.221192704451918,-215.33431129962162,-0.021303242016283752,19.767095361378622
2025-08-02,2025-07-31,1754006400000000000,1754092800000000000,1754179200000000000,1754006400000000000,0,4.1981488447381885,-66.55672728976633,-0.006633572796393761,20.5849206823277
2025-08-03,2025-08-01,1754092800000000000,1754179200000000000,1754265600000000000,1754092800000000000,0,18.35987303917712,146.63302809599617,0.014771336431612214,20.58612748248437
2025-08-04,2025-08-02,1754179200000000000,1754265600000000000,1754352000000000000,1754179200000000000,0,7.516938917718752,73.8209604198553,0.0074094108852023055,20.468199430328333
2025-08-05,2025-08-03,1754265600000000000,1754352000000000000,1754438400000000000,1754265600000000000,0,1.7072492788175033,-80.74576568790104,-0.008042064740672372,20.62536107963247
2025-08-06,2025-08-04,1754352000000000000,1754438400000000000,1754524800000000000,1754352000000000000,0,32.07129971744462,75.2894963418136,0.007557363439418818,20.76252570363989
2025-08-07,2025-08-05,1754438400000000000,1754524800000000000,1754611200000000000,1754438400000000000,0,24.153865709056202,213.35268854990647,0.021564492987224293,20.68751085284984
2025-08-08,2025-08-06,1754524800000000000,1754611200000000000,1754697600000000000,1754524800000000000,0,19.318378318327955,-68.10114146606163,-0.006786977869283284,20.591913870515455
2025-08-09,2025-08-07,1754611200000000000,1754697600000000000,1754784000000000000,1754611200000000000,0,13.04805864892568,-18.228772606176666,-0.0018212168289383213,21.02524519934125
2025-08-10,2025-08-08,1754697600000000000,1754784000000000000,1754870400000000000,1754697600000000000,0,25.336388948573475,240.26111613835232,0.024317064113049458,20.994236578773688
2025-08-11,2025-08-09,1754784000000000000,1754870400000000000,1754956800000000000,1754784000000000000,0,15.653855330053602,-51.11947512363978,-0.00509890374449673,20.991630391057114
2025-08-12,2025-08-10,1754870400000000000,1754956800000000000,1755043200000000000,1754870400000000000,0,24.941321516929428,121.27185341402293,0.012201017811704906,21.28277011957221
2025-08-13,2025-08-11,1754956800000000000,1755043200000000000,1755129600000000000,1754956800000000000,0,16.323088290967775,260.6410353546865,0.026406742665633143,21.20140120243367
2025-08-14,2025-08-12,1755043200000000000,1755129600000000000,1755216000000000000,1755043200000000000,0,15.457100917730902,-414.90373665062253,-0.04064142959605355,20.540425835169017
2025-08-15,2025-08-13,1755129600000000000,1755216000000000000,1755302400000000000,1755129600000000000,0,-6.113991438147018,-80.8917675138155,-0.008056547401925185,21.117455227568406
2025-08-16,2025-08-14,1755216000000000000,1755302400000000000,1755388800000000000,1755216000000000000,0,14.943248386957139,3.290691556334417,0.0003291233048274833,21.251630296080847
2025-08-17,2025-08-15,1755302400000000000,1755388800000000000,1755475200000000000,1755302400000000000,0,2.2893018343871177,2.074232221011692,0.0002074447357851561,21.211810462685428
2025-08-18,2025-08-16,1755388800000000000,1755475200000000000,1755561600000000000,1755388800000000000,0,-7.1286141225963675,-100.83975477294543,-0.010033302667407429,21.181466612916832
2025-08-19,2025-08-17,1755475200000000000,1755561600000000000,1755648000000000000,1755475200000000000,0,20.24787954066514,-292.82755733914837,-0.028858170279637996,21.1294252701553
2025-08-20,2025-08-18,1755561600000000000,1755648000000000000,1755734400000000000,1755561600000000000,0,35.203370939529954,123.11983191792203,0.012388087668480319,21.066704587941224
2025-08-21,2025-08-19,1755648000000000000,1755734400000000000,1755820800000000000,1755648000000000000,0,21.162806677040095,-156.21611436263532,-0.015500226960014296,20.67498905721969
2025-08-22,2025-08-20,1755734400000000000,1755820800000000000,1755907200000000000,1755734400000000000,0,4.124882400266756,386.73554942516853,0.039431111111111194,20.864900179835548
2025-08-23,2025-08-21,1755820800000000000,1755907200000000000,1755993600000000000,1755820800000000000,0,12.463432714175106,-128.9266752939149,-0.012809913114866234,20.379506646423703
2025-08-24,2025-08-22,1755907200000000000,1755993600000000000,1756080000000000000,1755907200000000000,0,21.83661003968897,-169.87749501884193,-0.016844271291461377,21.106141241325812
2025-08-25,2025-08-23,1755993600000000000,1756080000000000000,1756166400000000000,1755993600000000000,0,38.59449733308263,-302.48511573908587,-0.029795603434519924,20.930383280089565
2025-08-26,2025-08-24,1756080000000000000,1756166400000000000,1756252800000000000,1756080000000000000,0,-13.726341095539127,148.84678291290746,0.01499600679235824,20.724940659014074
2025-08-27,2025-08-25,1756166400000000000,1756252800000000000,1756339200000000000,1756166400000000000,0,49.7153241844821,-44.94655997296272,-0.004484570147495814,20.674255809050923
2025-08-28,2025-08-26,1756252800000000000,1756339200000000000,1756425600000000000,1756252800000000000,0,-23.570609683420273,116.59841291183426,0.011728082208833035,20.510573913125288
2025-08-29,2025-08-27,1756339200000000000,1756425600000000000,1756512000000000000,1756339200000000000,0,25.15547765897037,-379.28131382763524,-0.03721786777462999,20.242144498579727
2025-08-30,2025-08-28,1756425600000000000,1756512000000000000,1756598400000000000,1756425600000000000,0,1.962968804163424,40.41834886721533,0.004050014117334522,20.245736839929027
2025-08-31,2025-08-29,1756512000000000000,1756598400000000000,1756684800000000000,1756512000000000000,0,18.521118938986078,-52.516746197566476,-0.005237908685213011,19.673791881463433
2025-09-01,2025-08-30,1756598400000000000,1756684800000000000,1756771200000000000,1756598400000000000,0,19.16054332982706,91.14029696686916,0.009155688930325256,19.751645871690382
2025-09-02,2025-08-31,1756684800000000000,1756771200000000000,1756857600000000000,1756684800000000000,0,0.9039035940618803,181.66349113607845,0.01833236098652269,19.69506736254312
2025-09-03,2025-09-01,1756771200000000000,1756857600000000000,1756944000000000000,1756771200000000000,0,25.924290532525617,41.77794097008134,0.004186533244648238,19.699189302970208
2025-09-04,2025-09-02,1756857600000000000,1756944000000000000,1757030400000000000,1756857600000000000,0,27.25197057602537,-87.65250730001704,-0.008726947912783722,19.721237797057864
2025-09-05,2025-09-03,1756944000000000000,1757030400000000000,1757116800000000000,1756944000000000000,0,9.000123642263882,-6.4022515852371304,-0.0006400202581267056,19.82369373717563
2025-09-06,2025-09-04,1757030400000000000,1757116800000000000,1757203200000000000,1757030400000000000,0,19.380497842113837,-42.74621110359063,-0.004265497921561612,19.991486938618397
2025-09-07,2025-09-05,1757116800000000000,1757203200000000000,1757289600000000000,1757116800000000000,0,16.360564595172658,85.79007407290824,0.00861591255234928,19.97616410477035
2025-09-08,2025-09-06,1757203200000000000,1757289600000000000,1757376000000000000,1757203200000000000,0,9.843611882805549,83.14288707187708,0.00834894839583633,19.91849288973884
2025-09-09,2025-09-07,1757289600000000000,1757376000000000000,1757462400000000000,1757289600000000000,0,1.1208030515272789,-46.40643937442546,-0.00462989278654935,20.21235532133842
2025-09-10,2025-09-08,1757376000000000000,1757462400000000000,1757548800000000000,1757376000000000000,0,52.22035807464459,214.07041093066906,0.021637815588457343,20.298735020132995
2025-09-11,2025-09-09,1757462400000000000,1757548800000000000,1757635200000000000,1757462400000000000,0,26.816207872355367,132.73138970620394,0.013361618111618068,20.278066092817152
2025-09-12,2025-09-10,1757548800000000000,1757635200000000000,1757721600000000000,1757548800000000000,0,30.716204451077594,47.2304485435957,0.004734216011074821,20.49729341866327
2025-09-13,2025-09-11,1757635200000000000,1757721600000000000,1757808000000000000,1757635200000000000,0,19.29428803033534,-9.581471038610216,-0.0009576882274934251,20.343023445604533
2025-09-14,2025-09-12,1757721600000000000,1757808000000000000,1757894400000000000,1757721600000000000,0,16.47312112055895,-56.25607702316823,-0.005609813602322822,20.468609303274754
2025-09-15,2025-09-13,1757808000000000000,1757894400000000000,1757980800000000000,1757808000000000000,0,20.265242928862037,7.085318805328954,0.000708782948538822,20.426273647626036
2025-09-16,2025-09-14,1757894400000000000,1757980800000000000,1758067200000000000,1757894400000000000,0,-6.1186691146436765,124.0007484979025,0.012477274541912609,19.822415456470747
2025-09-17,2025-09-15,1757980800000000000,1758067200000000000,1758153600000000000,1757980800000000000,0,26.475986600127545,-29.271589646013847,-0.002922879011851842,20.0837832233914
2025-09-18,2025-09-16,1758067200000000000,1758153600000000000,1758240000000000000,1758067200000000000,0,28.02138670057861,53.608125227341766,0.005375207389417991,20.29216623455949
2025-09-19,2025-09-17,1758153600000000000,1758240000000000000,1758326400000000000,1758153600000000000,0,12.0987023409841,-123.86091633244656,-0.012309699724608936,20.072500368275808
2025-09-20,2025-09-18,1758240000000000000,1758326400000000000,1758412800000000000,1758240000000000000,0,33.44525775273839,4.603186638041979,0.00046042462669859674,20.334454626606348
2025-09-21,2025-09-19,1758326400000000000,1758412800000000000,1758499200000000000,1758326400000000000,0,0.14582130778099867,-39.264218421890945,-0.003918723526854739,19.89741378077661
2025-09-22,2025-09-20,1758412800000000000,1758499200000000000,1758585600000000000,1758412800000000000,0,28.448834961201015,-226.5554900340918,-0.022400839209218093,19.89104501970837
2025-09-23,2025-09-21,1758499200000000000,1758585600000000000,1758672000000000000,1758499200000000000,1,20.182891557852294,-58.06298169945148,-0.005789474198140687,19.85591082122253
2025-09-24,2025-09-22,1758585600000000000,1758672000000000000,1758758400000000000,1758585600000000000,1,41.517657072330984,116.12880306608879,0.011680571577552534,19.703595483196562
2025-09-25,2025-09-23,1758672000000000000,1758758400000000000,1758844800000000000,1758672000000000000,1,51.370097555681156,-388.0370676588018,-0.03806048716668098,19.724170763663658
2025-09-26,2025-09-24,1758758400000000000,1758844800000000000,1758931200000000000,1758758400000000000,1,2.4673266669096776,59.36498269547894,0.0059541541962351285,20.15245381177509
2025-09-27,2025-09-25,1758844800000000000,1758931200000000000,1759017600000000000,1758844800000000000,1,48.25429821881041,-0.694091932618392,-6.940678449951498e-05,19.669508710576302
2025-09-28,2025-09-26,1758931200000000000,1759017600000000000,1759104000000000000,1758931200000000000,1,21.184189601810843,227.97309798723822,0.023059154464529552,19.699176194332992
2025-09-29,2025-09-27,1759017600000000000,1759104000000000000,1759190400000000000,1759017600000000000,1,7.056599669232,189.69560359275027,0.01915062556635827,19.703168597882602
2025-09-30,2025-09-28,1759104000000000000,1759190400000000000,1759276800000000000,1759104000000000000,0,24.24374848145021,-23.03635209013669,-0.0023009838777163782,19.865997316873507
2025-10-01,2025-09-29,1759190400000000000,1759276800000000000,1759363200000000000,1759190400000000000,0,50.37848094549767,390.865883203372,0.03986051952784475,19.45378410747197
2025-10-02,2025-09-30,1759276800000000000,1759363200000000000,1759449600000000000,1759276800000000000,0,23.168448532709206,161.7904889913795,0.01631063841735636,19.473144731181414
2025-10-03,2025-10-01,1759363200000000000,1759449600000000000,1759536000000000000,1759363200000000000,0,24.155521647857846,140.29304555854725,0.014128177078860826,20.058066862924377
2025-10-04,2025-10-02,1759449600000000000,1759536000000000000,1759622400000000000,1759449600000000000,0,15.507855254627746,12.981599643717896,0.0012990029387507374,20.091296676273636
2025-10-05,2025-10-03,1759536000000000000,1759622400000000000,1759708800000000000,1759536000000000000,0,-1.8970533978435036,88.7723166754168,0.008916751143200896,19.82938629380225
2025-10-06,2025-10-04,1759622400000000000,1759708800000000000,1759795200000000000,1759622400000000000,0,22.634338779861825,94.8033153064547,0.00952541222095582,19.734377736204916
2025-10-07,2025-10-05,1759708800000000000,1759795200000000000,1759881600000000000,1759708800000000000,0,-23.722513450380095,-270.3981741505081,-0.026677514432625227,19.820055618850404
2025-10-08,2025-10-06,1759795200000000000,1759881600000000000,1759968000000000000,1759795200000000000,0,31.628157110205635,161.30649845068902,0.01626145113413524,18.584763233208513
2025-10-09,2025-10-07,1759881600000000000,1759968000000000000,1760054400000000000,1759881600000000000,0,-35.1204668439013,-134.19073884912186,-0.01332943949771781,17.84948474601084
2025-10-10,2025-10-08,1759968000000000000,1760054400000000000,1760140800000000000,1759968000000000000,0,12.244344493920632,-758.5991699561683,-0.07305395314789509,17.84067685093829
2025-10-11,2025-10-09,1760054400000000000,1760140800000000000,1760227200000000000,1760054400000000000,0,-16.842986596810253,-190.68705820663746,-0.01888804817472467,17.79326168190423
2025-10-12,2025-10-10,1760140800000000000,1760227200000000000,1760313600000000000,1760140800000000000,1,-5.083297946093541,382.5243510591339,0.03899347820585586,16.837687221488878
2025-10-13,2025-10-11,1760227200000000000,1760313600000000000,1760400000000000000,1760227200000000000,1,119.10714999750473,18.006755202387783,0.0018022977099363402,16.49273273827015
2025-10-14,2025-10-12,1760313600000000000,1760400000000000000,1760486400000000000,1760313600000000000,1,-46.09333734551291,-187.37840025346537,-0.018563378080336146,16.84684457344311
2025-10-15,2025-10-13,1760400000000000000,1760486400000000000,1760572800000000000,1760400000000000000,1,226.73414959445174,-202.4141434230504,-0.020037932150164806,16.8928247038768
2025-10-16,2025-10-14,1760486400000000000,1760572800000000000,1760659200000000000,1760486400000000000,1,-94.4005248860725,-234.66903919249899,-0.023193697405855085,16.563501304631604
2025-10-17,2025-10-15,1760572800000000000,1760659200000000000,1760745600000000000,1760572800000000000,1,18.990820961917773,-164.25130572556685,-0.016290973634740635,15.967483294575016
2025-10-18,2025-10-16,1760659200000000000,1760745600000000000,1760832000000000000,1760659200000000000,1,9.218597426470005,70.53036521708493,0.007077967762981974,15.82984430619967
2025-10-19,2025-10-17,1760745600000000000,1760832000000000000,1760918400000000000,1760745600000000000,0,8.237190863404994,135.08847066734702,0.013600503801838082,15.690197946716024
2025-10-20,2025-10-18,1760832000000000000,1760918400000000000,1761004800000000000,1760832000000000000,0,-16.899073661181717,172.407254977727,0.017390204612787397,15.650373659503241
2025-10-21,2025-10-19,1760918400000000000,1761004800000000000,1761091200000000000,1760918400000000000,0,-11.182808120724044,-204.22338912287677,-0.020215215327964886,15.859628045581774
2025-10-22,2025-10-20,1761004800000000000,1761091200000000000,1761177600000000000,1761004800000000000,0,51.00452294215067,-67.65454456481001,-0.006742620292996215,16.087420640073685
2025-10-23,2025-10-21,1761091200000000000,1761177600000000000,1761264000000000000,1761091200000000000,0,8.00408829512608,230.72838793805818,0.02334107576223099,15.661012654884843
2025-10-24,2025-10-22,1761177600000000000,1761264000000000000,1761350400000000000,1761177600000000000,0,12.938912880016643,83.83413019510645,0.008418652232562884,15.477287307563488
2025-10-25,2025-10-23,1761264000000000000,1761350400000000000,1761436800000000000,1761264000000000000,0,-19.097457532250534,57.61225274615043,0.00577785304973033,15.383532270297607
2025-10-26,2025-10-24,1761350400000000000,1761436800000000000,1761523200000000000,1761350400000000000,0,1.88010797666624,257.579833026394,0.026092586881764968,15.273631919541824
2025-10-27,2025-10-25,1761436800000000000,1761523200000000000,1761609600000000000,1761436800000000000,0,2.757609747087553,-39.51251988409566,-0.003943456063539519,15.418915558708871
2025-10-28,2025-10-26,1761523200000000000,1761609600000000000,1761696000000000000,1761523200000000000,0,9.016430601742863,-106.53647548489798,-0.010597098441690767,15.804536379616712
2025-10-29,2025-10-27,1761609600000000000,1761696000000000000,1761782400000000000,1761609600000000000,0,39.990588542278886,-258.1467011155766,-0.025484320243928993,15.978237717209318
2025-10-30,2025-10-28,1761696000000000000,1761782400000000000,1761868800000000000,1761696000000000000,0,-5.829748413230895,-155.5767902930292,-0.015437283507829913,16.18367986790888
2025-10-31,2025-10-29,1761782400000000000,1761868800000000000,1761955200000000000,1761782400000000000,0,-2.154617771835362,117.94151403371092,0.011863976646852237,14.94154597117119
2025-11-01,2025-10-30,1761868800000000000,1761955200000000000,1762041600000000000,1761868800000000000,0,11.286965503873834,44.61330755654716,0.004471297307560018,15.365065896140782
2025-11-02,2025-10-31,1761955200000000000,1762041600000000000,1762128000000000000,1761955200000000000,0,13.067100400210807,40.11901929273952,0.004019960380787557,15.356894018702565
2025-11-03,2025-11-01,1762041600000000000,1762128000000000000,1762214400000000000,1762041600000000000,0,-3.244248499684657,-364.5919500945727,-0.03580256283907757,15.436908087132302
2025-11-04,2025-11-02,1762128000000000000,1762214400000000000,1762300800000000000,1762128000000000000,0,9.432485734117003,-488.92985991439605,-0.04771696812954784,15.193096500093276
2025-11-05,2025-11-03,1762214400000000000,1762300800000000000,1762387200000000000,1762214400000000000,0,37.18500405903025,232.54550791116785,0.023527046009038877,14.64916097710871
2025-11-06,2025-11-04,1762300800000000000,1762387200000000000,1762473600000000000,1762300800000000000,0,22.271074277046942,-247.4525864647728,-0.024441604556416086,14.617854790525048
2025-11-07,2025-11-05,1762387200000000000,1762473600000000000,1762560000000000000,1762387200000000000,0,12.353881230643253,194.7491732308384,0.019665790592311216,14.305211718863514
2025-11-08,2025-11-06,1762473600000000000,1762560000000000000,1762646400000000000,1762473600000000000,0,-15.802850775553216,-99.79463525539883,-0.009929833908930319,14.001416023354674
2025-11-09,2025-11-07,1762560000000000000,1762646400000000000,1762732800000000000,1762560000000000000,0,33.23612901680752,232.82038152684777,0.0235551804536962,14.117587399139632
2025-11-10,2025-11-08,1762646400000000000,1762732800000000000,1762819200000000000,1762646400000000000,0,0.6099400921332272,122.25797036032941,0.012300837590996094,13.952922370366878
2025-11-11,2025-11-09,1762732800000000000,1762819200000000000,1762905600000000000,1762732800000000000,0,-16.45049695241712,-282.4244883253124,-0.027847359046168085,14.403087896773831
2025-11-12,2025-11-10,1762819200000000000,1762905600000000000,1762992000000000000,1762819200000000000,0,43.04824521276147,-137.2310996293229,-0.013629377346956684,14.651094343613366
2025-11-13,2025-11-11,1762905600000000000,1762992000000000000,1763078400000000000,1762905600000000000,0,-23.86775697299893,-194.9279585151293,-0.01930403975746442,14.040520881463296
2025-11-14,2025-11-12,1762992000000000000,1763078400000000000,1763164800000000000,1762992000000000000,0,12.258400542859004,-524.9168485373687,-0.05113778904893396,13.83507988933233
2025-11-15,2025-11-13,1763078400000000000,1763164800000000000,1763251200000000000,1763078400000000000,0,-11.860700440725195,105.39335034086594,0.010595069454722328,13.61050465716194
2025-11-16,2025-11-14,1763164800000000000,1763251200000000000,1763337600000000000,1763164800000000000,0,24.81447952301857,-140.61079772820526,-0.01396268451172189,12.523900409002097
2025-11-17,2025-11-15,1763251200000000000,1763337600000000000,1763424000000000000,1763251200000000000,0,-2.851826424693723,-219.479790357053,-0.021708874624780328,12.396224998472523
2025-11-18,2025-11-16,1763337600000000000,1763424000000000000,1763510400000000000,1763337600000000000,0,-18.697259069503126,80.53896310369824,0.0080864161785148,12.015218358948598
2025-11-19,2025-11-17,1763424000000000000,1763510400000000000,1763596800000000000,1763424000000000000,0,34.88112150597826,-152.38773937443457,-0.015123251373723723,11.017739975606768
2025-11-20,2025-11-18,1763510400000000000,1763596800000000000,1763683200000000000,1763510400000000000,0,2.2511017316025033,-552.0993231572112,-0.05371352901033444,10.45255274868939
2025-11-21,2025-11-19,1763596800000000000,1763683200000000000,1763769600000000000,1763596800000000000,0,-12.842032553350732,-175.5682861861151,-0.01740360551735154,10.338344815261715
2025-11-22,2025-11-20,1763683200000000000,1763769600000000000,1763856000000000000,1763683200000000000,0,1.9951020291294972,-45.87891769946515,-0.004577383470955154,9.722649370995915
2025-11-23,2025-11-21,1763769600000000000,1763856000000000000,1763942400000000000,1763769600000000000,0,23.587174596329753,243.67389079106232,0.024666700102372374,9.1891347564491
2025-11-24,2025-11-22,1763856000000000000,1763942400000000000,1764028800000000000,1763856000000000000,0,-4.861464110044688,167.88036787637094,0.01692974778302414,9.270668869127526
2025-11-25,2025-11-23,1763942400000000000,1764028800000000000,1764115200000000000,1763942400000000000,0,-21.75834540698061,-105.88589917535285,-0.010532728138988867,9.587648759893948
2025-11-26,2025-11-24,1764028800000000000,1764115200000000000,1764201600000000000,1764028800000000000,0,51.70120140351394,350.2151906970374,0.0356419946121076,10.658353569041104
2025-11-27,2025-11-25,1764115200000000000,1764201600000000000,1764288000000000000,1764115200000000000,0,-36.27769940359281,93.49310021307308,0.009393151342430572,10.429157353263765
2025-11-28,2025-11-26,1764201600000000000,1764288000000000000,1764374400000000000,1764201600000000000,0,6.91884533393927,-48.64664293053885,-0.00485285097741317,10.46251395243456
2025-11-29,2025-11-27,1764288000000000000,1764374400000000000,1764460800000000000,1764288000000000000,0,11.3057428126482,-9.716382477215612,-0.0009711663601263965,10.54348464802067
2025-11-30,2025-11-28,1764374400000000000,1764460800000000000,1764547200000000000,1764374400000000000,0,0.6079330946148929,-48.84355224657612,-0.004872446158935895,10.832084813036174
2025-12-01,2025-11-29,1764460800000000000,1764547200000000000,1764633600000000000,1764460800000000000,0,16.610032141619833,-461.34326242286943,-0.04508631639150995,10.706146053784797
2025-12-02,2025-11-30,1764547200000000000,1764633600000000000,1764720000000000000,1764547200000000000,0,-11.159049094532152,562.410040171468,0.05785259974357393,10.940247472201738
2025-12-03,2025-12-01,1764633600000000000,1764720000000000000,1764806400000000000,1764633600000000000,0,45.10920591776701,233.03477601614594,0.023577125147954625,9.86634922787743
2025-12-04,2025-12-02,1764720000000000000,1764806400000000000,1764892800000000000,1764720000000000000,0,32.4906322477618,-145.75262088996607,-0.014469557138797606,10.779960328247165
2025-12-05,2025-12-03,1764806400000000000,1764892800000000000,1764979200000000000,1764806400000000000,0,-12.117306480270594,-302.9887006416205,-0.029844460232980596,10.65231542562497
2025-12-06,2025-12-04,1764892800000000000,1764979200000000000,1765065600000000000,1764892800000000000,0,28.779534798414517,-10.44314929624172,-0.0010437698225590486,10.386458567580343
2025-12-07,2025-12-05,1764979200000000000,1765065600000000000,1765152000000000000,1764979200000000000,0,25.697301385030222,128.9898558459305,0.012982536352715623,9.927900218559893
2025-12-08,2025-12-06,1765065600000000000,1765152000000000000,1765238400000000000,1765065600000000000,0,19.0268808090047,26.40784120206342,0.002644274061975871,9.998546366749968
2025-12-09,2025-12-07,1765152000000000000,1765238400000000000,1765324800000000000,1765152000000000000,0,15.936610892207703,223.06579335864726,0.02255723133668397,10.408824571592763
2025-12-10,2025-12-08,1765238400000000000,1765324800000000000,1765411200000000000,1765238400000000000,0,38.175255642024304,-71.84122612506992,-0.007158378490185524,10.25663846470177
2025-12-11,2025-12-09,1765324800000000000,1765411200000000000,1765497600000000000,1765324800000000000,0,7.837029230916386,53.97545716338874,0.005412138709854908,10.916326163820452
2025-12-12,2025-12-10,1765411200000000000,1765497600000000000,1765584000000000000,1765411200000000000,0,9.081150062588552,-245.65495815246456,-0.02426621965384912,10.515847898100949
2025-12-13,2025-12-11,1765497600000000000,1765584000000000000,1765670400000000000,1765497600000000000,0,12.94399390956306,-3.1499914142594094,-0.0003149495344052511,10.873250640204992
2025-12-14,2025-12-12,1765584000000000000,1765670400000000000,1765756800000000000,1765584000000000000,0,19.169291194016232,-231.8152082227215,-0.02291489361702126,10.6936362444042
2025-12-15,2025-12-13,1765670400000000000,1765756800000000000,1765843200000000000,1765670400000000000,0,4.234598471901214,-199.32363734582506,-0.019735027473524513,10.664824896006845
2025-12-16,2025-12-14,1765756800000000000,1765843200000000000,1765929600000000000,1765756800000000000,0,12.04405175696072,164.2477397355569,0.01656040210995724,10.292611147135933
2025-12-17,2025-12-15,1765843200000000000,1765929600000000000,1766016000000000000,1765843200000000000,0,33.90061742007896,-186.12117089321256,-0.018439981229961044,9.39911611844737
2025-12-18,2025-12-16,1765929600000000000,1766016000000000000,1766102400000000000,1765929600000000000,0,37.13830841231623,-84.63272726024888,-0.008427560053119398,9.387978454615721
2025-12-19,2025-12-17,1766016000000000000,1766102400000000000,1766188800000000000,1766016000000000000,0,-18.58929132185659,301.8356742497504,0.03064370920154391,9.798000557182093
2025-12-20,2025-12-18,1766102400000000000,1766188800000000000,1766275200000000000,1766102400000000000,0,61.11848838573606,25.378225005334652,0.0025410454979439834,9.258969825619353
2025-12-21,2025-12-19,1766188800000000000,1766275200000000000,1766361600000000000,1766188800000000000,0,30.29585650277776,33.66406639876236,0.0033720793504727897,9.683605967949331
2025-12-22,2025-12-20,1766275200000000000,1766361600000000000,1766448000000000000,1766275200000000000,0,13.348658293395763,-4.296037186180215,-0.0004295114521536414,9.775354379311397
2025-12-23,2025-12-21,1766361600000000000,1766448000000000000,1766534400000000000,1766361600000000000,0,19.936565861951948,-128.8769963566688,-0.012805008847246668,9.835030280605443
2025-12-24,2025-12-22,1766448000000000000,1766534400000000000,1766620800000000000,1766448000000000000,0,28.864780116799743,20.945974280648457,0.0020967926296779904,8.897214615745456
2025-12-25,2025-12-23,1766534400000000000,1766620800000000000,1766707200000000000,1766534400000000000,0,16.173138600157852,-50.792954794007365,-0.005066417670741341,8.969873030022253
2025-12-26,2025-12-24,1766620800000000000,1766707200000000000,1766793600000000000,1766620800000000000,0,-11.395407044772963,16.528557328896802,0.0016542224518192317,8.834939908458034
2025-12-27,2025-12-25,1766707200000000000,1766793600000000000,1766880000000000000,1766707200000000000,0,9.750324597521034,57.91171229783199,0.0058079724792021725,8.858637122677148
2025-12-28,2025-12-26,1766793600000000000,1766880000000000000,1766966400000000000,1766793600000000000,0,12.469079611995998,8.61174197227734,0.0008615451141937847,10.000170700555627
2025-12-29,2025-12-27,1766880000000000000,1766966400000000000,1767052800000000000,1766880000000000000,0,37.78256330787073,-81.6924063180667,-0.008135963064696994,10.059935200951356
2025-12-30,2025-12-28,1766966400000000000,1767052800000000000,1767139200000000000,1766966400000000000,0,-26.20870935572603,142.08653743477655,0.014310076454830511,10.44149406513717
2025-12-31,2025-12-29,1767052800000000000,1767139200000000000,1767225600000000000,1767052800000000000,0,68.29976690320628,-95.07507757215456,-0.00946245430042203,10.068134800261042
2026-01-01,2025-12-30,1767139200000000000,1767225600000000000,1767312000000000000,1767139200000000000,0,13.790429849089152,134.95116562468948,0.013586586651341825,10.062126169023667
2026-01-02,2025-12-31,1767225600000000000,1767312000000000000,1767398400000000000,1767225600000000000,0,9.498007612323997,129.2936328452017,0.013013308899633591,10.046945201645153
2026-01-03,2026-01-01,1767312000000000000,1767398400000000000,1767484800000000000,1767312000000000000,0,34.42866555906725,70.07657544163757,0.0070322686313948335,10.718458342759918
2026-01-04,2026-01-02,1767398400000000000,1767484800000000000,1767571200000000000,1767398400000000000,0,18.12040569427768,99.00620377566213,0.009949793667542783,10.787640294619782
2026-01-05,2026-01-03,1767484800000000000,1767571200000000000,1767657600000000000,1767484800000000000,0,46.08988884498603,251.37273859479973,0.025455879149225202,10.873346306986921
2026-01-06,2026-01-04,1767571200000000000,1767657600000000000,1767744000000000000,1767571200000000000,0,-4.988716286229984,-11.912093706725466,-0.0011905001624232803,11.050937932576941
2026-01-07,2026-01-05,1767657600000000000,1767744000000000000,1767830400000000000,1767657600000000000,0,72.96477010721547,-257.567322610849,-0.02542785726453589,12.097759165483653
2026-01-08,2026-01-06,1767744000000000000,1767830400000000000,1767916800000000000,1767744000000000000,0,14.47037667565082,-28.954747557525195,-0.0028912869116293205,11.96490322428085
2026-01-09,2026-01-07,1767830400000000000,1767916800000000000,1768003200000000000,1767830400000000000,0,30.412581077996347,-50.48176170358605,-0.005035455543358935,11.538568959371943
2026-01-10,2026-01-08,1767916800000000000,1768003200000000000,1768089600000000000,1767916800000000000,0,4.995359642135377,-15.078450365241633,-0.001506708809353663,11.541338565550427
2026-01-11,2026-01-09,1768003200000000000,1768089600000000000,1768176000000000000,1768003200000000000,0,27.61788538708121,56.07822082567896,0.005623575350230503,10.832647149631061
2026-01-12,2026-01-10,1768089600000000000,1768176000000000000,1768262400000000000,1768089600000000000,2,-10.43858681491878,30.995605635730428,0.0031043691683203534,10.71238289411984
2026-01-13,2026-01-11,1768176000000000000,1768262400000000000,1768348800000000000,1768176000000000000,2,23.93969608244474,441.16047699946296,0.0451036297239098,10.82074193670893
2026-01-14,2026-01-12,1768262400000000000,1768348800000000000,1768435200000000000,1768262400000000000,2,34.05988764225819,159.885280943721,0.016117028540573397,10.446693922270384
2026-01-15,2026-01-13,1768348800000000000,1768435200000000000,1768521600000000000,1768348800000000000,2,38.65329524081877,-139.90608900299466,-0.013893195153302007,11.182014063619043
2026-01-16,2026-01-14,1768435200000000000,1768521600000000000,1768608000000000000,1768435200000000000,2,0.38261859417751864,-5.636241800320242,-0.0005634653737609518,11.524216835212263
2026-01-17,2026-01-15,1768521600000000000,1768608000000000000,1768694400000000000,1768521600000000000,2,16.906084385074777,-42.283516305704545,-0.00421942473825998,11.163806798373065
2026-01-18,2026-01-16,1768608000000000000,1768694400000000000,1768780800000000000,1768608000000000000,2,-1.5157204956638886,-156.19668190674642,-0.015498313833314237,11.117916591745114
2026-01-19,2026-01-17,1768694400000000000,1768780800000000000,1768867200000000000,1768694400000000000,0,17.478803234682175,-111.8773770691291,-0.011125387704522316,11.120069115860197
2026-01-20,2026-01-18,1768780800000000000,1768867200000000000,1768953600000000000,1768780800000000000,0,19.57993870182804,-464.38934261522013,-0.04537714646038005,11.041445294557967
2026-01-21,2026-01-19,1768867200000000000,1768953600000000000,1769040000000000000,1768867200000000000,0,40.53813721898735,115.47870630407164,0.01161480468893994,10.843432833857664
2026-01-22,2026-01-20,1768953600000000000,1769040000000000000,1769126400000000000,1768953600000000000,0,10.812384305278107,11.72531440614466,0.0011732191243547518,10.065629548197498
2026-01-23,2026-01-21,1769040000000000000,1769126400000000000,1769212800000000000,1769040000000000000,0,15.774027697074214,4.530030618893371,0.0004531056832717262,9.826736662614795
2026-01-24,2026-01-22,1769126400000000000,1769212800000000000,1769299200000000000,1769126400000000000,0,37.29673622470642,-41.931418022230886,-0.004184362857875601,9.54969956128018
2026-01-25,2026-01-23,1769212800000000000,1769299200000000000,1769385600000000000,1769212800000000000,0,12.664312669898283,-290.53123136142034,-0.02863513885181046,8.99705177566303
2026-01-26,2026-01-24,1769299200000000000,1769385600000000000,1769472000000000000,1769299200000000000,0,69.03692171320779,191.61191027651142,0.019345944795891024,8.755789852775315
2026-01-27,2026-01-25,1769385600000000000,1769472000000000000,1769558400000000000,1769385600000000000,0,-7.394585707406376,101.68160763249367,0.010220032173106297,8.188801066743647
2026-01-28,2026-01-26,1769472000000000000,1769558400000000000,1769644800000000000,1769472000000000000,0,57.122813470352014,5.601792675289489,0.0005603361972363885,7.995881126813301
2026-01-29,2026-01-27,1769558400000000000,1769644800000000000,1769731200000000000,1769558400000000000,0,-26.415421847420532,-534.7448916924174,-0.05206987681970876,8.199501734376287
2026-01-30,2026-01-28,1769644800000000000,1769731200000000000,1769817600000000000,1769644800000000000,0,-4.084341540515901,-46.13808166180351,-0.004603180903615556,7.628915773216809
2026-01-31,2026-01-29,1769731200000000000,1769817600000000000,1769904000000000000,1769731200000000000,0,58.57217724451493,-677.4793510107959,-0.06550400246853505,6.857051071603371
2026-02-01,2026-01-30,1769817600000000000,1769904000000000000,1769990400000000000,1769817600000000000,0,20.03644901738558,-227.7264606033833,-0.02251530649178135,6.726691551319017
2026-02-02,2026-01-31,1769904000000000000,1769990400000000000,1770076800000000000,1769904000000000000,0,46.98738310270362,227.40895936351484,0.023001441374115306,5.907809070222867
2026-02-03,2026-02-01,1769990400000000000,1770076800000000000,1770163200000000000,1769990400000000000,0,16.37736434694514,-384.28297837056783,-0.03769929869212807,5.455247863571633
2026-02-04,2026-02-02,1770076800000000000,1770163200000000000,1770249600000000000,1770076800000000000,0,43.92290508368639,-349.7656210708602,-0.03437195172086771,5.871584310666093
2026-02-05,2026-02-03,1770163200000000000,1770249600000000000,1770336000000000000,1770163200000000000,0,12.676160170005877,-1510.2557824214516,-0.140174294452165,5.203032591848723
2026-02-06,2026-02-04,1770249600000000000,1770336000000000000,1770422400000000000,1770249600000000000,0,62.050625646151325,1150.4743486776786,0.12192665475226683,4.823328688286986
2026-02-07,2026-02-05,1770336000000000000,1770422400000000000,1770508800000000000,1770336000000000000,1,19.101480179152823,-184.58998626588948,-0.01828967476175347,2.8604771909549016
2026-02-08,2026-02-06,1770422400000000000,1770508800000000000,1770595200000000000,1770422400000000000,2,191.15154380494073,149.1235002814769,0.015024093883376555,4.621206745962368
2026-02-09,2026-02-07,1770508800000000000,1770595200000000000,1770681600000000000,1770508800000000000,2,88.66843997406752,-27.39123499286333,-0.0027353755233514576,4.137060308391736
2026-02-10,2026-02-08,1770595200000000000,1770681600000000000,1770768000000000000,1770595200000000000,2,-20.974905305278842,-186.61164894451375,-0.018488123413841318,4.30235574860684
2026-02-11,2026-02-09,1770681600000000000,1770768000000000000,1770854400000000000,1770681600000000000,2,113.74244213378987,-258.8006167780394,-0.025548043267062948,3.539155196333396
2026-02-12,2026-02-10,1770768000000000000,1770854400000000000,1770940800000000000,1770768000000000000,2,-101.10969085969921,-121.53452937677535,-0.01207989801217968,2.63441524663846
2026-02-13,2026-02-11,1770854400000000000,1770940800000000000,1771027200000000000,1770854400000000000,2,76.0207010985308,382.17834699666497,0.03895752923135021,1.0062153638283893
2026-02-14,2026-02-12,1770940800000000000,1771027200000000000,1771113600000000000,1770940800000000000,1,33.160004714109036,139.7472397334103,0.014072826882749023,1.1309679480674049
2026-02-15,2026-02-13,1771027200000000000,1771113600000000000,1771200000000000000,1771027200000000000,0,-5.260234190189854,-142.85284425600867,-0.014183733884594485,1.3811840165196496
2026-02-16,2026-02-14,1771113600000000000,1771200000000000000,1771286400000000000,1771113600000000000,0,7.177722419674546,8.68977964432946,0.0008693556351722087,1.6671345428918583
2026-02-17,2026-02-15,1771200000000000000,1771286400000000000,1771372800000000000,1771200000000000000,0,0.5772207066646978,-203.665579406587,-0.02016056045635184,1.2147785012390167
2026-02-18,2026-02-16,1771286400000000000,1771372800000000000,1771459200000000000,1771286400000000000,0,-8.82979892762864,-155.64435209118136,-0.015443935368111283,0.13209702606448137
2026-02-19,2026-02-17,1771372800000000000,1771459200000000000,1771545600000000000,1771372800000000000,0,49.0140868970083,81.32980025301772,0.008166142549765887,0.8069794121790154
2026-02-20,2026-02-18,1771459200000000000,1771545600000000000,1771632000000000000,1771459200000000000,0,22.49595373304366,150.53490095900784,0.015167364563137165,0.08178400584623306
2026-02-21,2026-02-19,1771545600000000000,1771632000000000000,1771718400000000000,1771545600000000000,0,58.981545292238174,-6.481076535543075,-0.0006478976771538969,0.03779080035263048
2026-02-22,2026-02-20,1771632000000000000,1771718400000000000,1771804800000000000,1771632000000000000,0,-38.068517079544435,-49.04030877783133,-0.004892025750879658,-0.021438798545408727
2026-02-23,2026-02-21,1771718400000000000,1771804800000000000,1771891200000000000,1771718400000000000,0,29.660551894422504,-451.68578046919026,-0.04416366477197542,-0.06933490282010622
2026-02-24,2026-02-22,1771804800000000000,1771891200000000000,1771977600000000000,1771804800000000000,0,-15.989354972857788,-92.89798412564875,-0.00924678154436065,-0.2691490020077525
2026-02-25,2026-02-23,1771891200000000000,1771977600000000000,1772064000000000000,1771891200000000000,0,54.92984887855593,595.4054276582258,0.06134879012272432,-1.5219774559023238
2026-02-26,2026-02-24,1771977600000000000,1772064000000000000,1772150400000000000,1771977600000000000,0,51.572456193269815,-74.2364095630033,-0.0073961537941084066,-1.5298967926948257
2026-02-27,2026-02-25,1772064000000000000,1772150400000000000,1772236800000000000,1772064000000000000,0,-21.116575009029535,-241.9333508500412,-0.023903022277925068,-1.0100689513529286
2026-02-28,2026-02-26,1772150400000000000,1772236800000000000,1772323200000000000,1772150400000000000,0,-11.855259729992715,165.78603937219205,0.016716791588061053,-0.787602086673061
2026-03-01,2026-02-27,1772236800000000000,1772323200000000000,1772409600000000000,1772236800000000000,0,9.080536334504217,-180.31107626542504,-0.017869519865092443,-0.7508350013596248
2026-03-02,2026-02-28,1772323200000000000,1772409600000000000,1772496000000000000,1772323200000000000,0,-39.58331342817483,453.7824049938581,0.046423584843700905,0.35422406298000425
2026-03-03,2026-03-01,1772409600000000000,1772496000000000000,1772582400000000000,1772409600000000000,0,92.9512615639244,-71.74440969963308,-0.0071487661059718155,-0.5464289161271826
2026-03-04,2026-03-02,1772496000000000000,1772582400000000000,1772668800000000000,1772496000000000000,0,-23.837428186983423,614.1806898547155,0.06334337215848129,0.2504855324961073
2026-03-05,2026-03-03,1772582400000000000,1772668800000000000,1772755200000000000,1772582400000000000,0,62.901070165638835,-247.40427885695422,-0.024436891855796006,1.3773356882548091
2026-03-06,2026-03-04,1772668800000000000,1772755200000000000,1772841600000000000,1772668800000000000,0,-7.356009120452871,-399.6070257111519,-0.039172803551140944,0.9625306301715373
2026-03-07,2026-03-05,1772755200000000000,1772841600000000000,1772928000000000000,1772755200000000000,0,22.89936490972674,-125.74095363267338,-0.012495371731106153,1.1074801655129505
2026-03-08,2026-03-06,1772841600000000000,1772928000000000000,1773014400000000000,1772841600000000000,0,29.879899468286833,-193.9068716249424,-0.01920389706600567,0.9171224270923264
2026-03-09,2026-03-07,1772928000000000000,1773014400000000000,1773100800000000000,1772928000000000000,0,24.497802281038666,366.2460641351922,0.03730355064027946,0.6986251627182503
2026-03-10,2026-03-08,1773014400000000000,1773100800000000000,1773187200000000000,1773014400000000000,0,5.790261427139173,219.18368894319804,0.022160340985875493,-0.2605569023267509
2026-03-11,2026-03-09,1773100800000000000,1773187200000000000,1773273600000000000,1773100800000000000,0,17.889615730944605,34.710914289940405,0.003477122643127828,-0.2932296316049304
2026-03-12,2026-03-10,1773187200000000000,1773273600000000000,1773360000000000000,1773187200000000000,0,30.28791289089901,49.66571049048208,0.0049789249066771735,-0.007876714805923089
2026-03-13,2026-03-11,1773273600000000000,1773360000000000000,1773446400000000000,1773273600000000000,0,6.280050364224504,54.94695256428071,0.005509818781440856,0.14478276099195825
2026-03-14,2026-03-12,1773360000000000000,1773446400000000000,1773532800000000000,1773360000000000000,0,44.02317977455052,39.67025215460814,0.0039749042753554065,-0.04742340211005438
2026-03-15,2026-03-13,1773446400000000000,1773532800000000000,1773619200000000000,1773446400000000000,0,12.541373167396504,222.64769873645938,0.02251447966247233,0.21478911534967646
2026-03-16,2026-03-14,1773532800000000000,1773619200000000000,1773705600000000000,1773532800000000000,0,24.440606930585393,280.2378539046073,0.028420145505234196,0.3242616954242352
2026-03-17,2026-03-15,1773619200000000000,1773705600000000000,1773792000000000000,1773619200000000000,0,-2.296040319631494,-131.09583797549908,-0.013024027481192135,0.2984541754146601
2026-03-18,2026-03-16,1773705600000000000,1773792000000000000,1773878400000000000,1773705600000000000,0,8.035624720264366,-366.9321595628039,-0.03602817883578213,1.014975131384714
2026-03-19,2026-03-17,1773792000000000000,1773878400000000000,1773964800000000000,1773792000000000000,0,-49.3481687865836,-186.51512207883212,-0.018478649141607684,1.6994312662565212
2026-03-20,2026-03-18,1773878400000000000,1773964800000000000,1774051200000000000,1773878400000000000,0,-24.667116176498336,82.70012102845958,0.008304303116787759,1.0791081927298898
2026-03-21,2026-03-19,1773964800000000000,1774051200000000000,1774137600000000000,1773964800000000000,0,40.510957025568814,-228.45763534559154,-0.022586775090826627,0.2918663515348432
2026-03-22,2026-03-20,1774051200000000000,1774137600000000000,1774224000000000000,1774051200000000000,0,-5.160065122331476,-154.87110258322838,-0.015367801675379322,0.5447965107732964
2026-03-23,2026-03-21,1774137600000000000,1774224000000000000,1774310400000000000,1774137600000000000,0,21.81425980305561,439.29379576091355,0.044908560397294295,0.0044959678185199
2026-03-24,2026-03-22,1774224000000000000,1774310400000000000,1774396800000000000,1774224000000000000,0,43.477562501104025,-49.44193784823292,-0.004931991377371103,-0.3064956315610606
2026-03-25,2026-03-23,1774310400000000000,1774396800000000000,1774483200000000000,1774310400000000000,0,17.133791452576293,109.91329616637294,0.011051956198656399,-0.1402375625815565
2026-03-26,2026-03-24,1774396800000000000,1774483200000000000,1774569600000000000,1774396800000000000,0,22.932946526207374,-359.09633570084156,-0.035272531478612756,0.2828711154536921
2026-03-27,2026-03-25,1774483200000000000,1774569600000000000,1774656000000000000,1774483200000000000,0,29.0945053631492,-356.92215836955575,-0.035062759816106626,0.13919137502799936
2026-03-28,2026-03-26,1774569600000000000,1774656000000000000,1774742400000000000,1774569600000000000,0,11.824763143211058,-4.554754736523109,-0.0004553717604456331,-0.23928838068572592
2026-03-29,2026-03-27,1774656000000000000,1774742400000000000,1774828800000000000,1774656000000000000,0,79.51581997216145,-55.30879177224145,-0.005515612024880934,-0.14878885645185957
2026-03-30,2026-03-28,1774742400000000000,1774828800000000000,1774915200000000000,1774742400000000000,0,25.183147083617495,118.43523840666857,0.011913936070890196,0.5272857311400618
2026-03-31,2026-03-29,1774828800000000000,1774915200000000000,1775001600000000000,1774828800000000000,0,-3.6559269623744806,220.18796188597267,0.022262998937982337,0.074261165967099
2026-04-01,2026-03-30,1774915200000000000,1775001600000000000,1775088000000000000,1774915200000000000,0,31.851607383058624,-25.01056851229652,-0.002497931814384291,0.7266771258446068
2026-04-02,2026-03-31,1775001600000000000,1775088000000000000,1775174400000000000,1775001600000000000,0,3.870464586876312,-179.52884972726312,-0.01779269200774225,0.9528419843331254
2026-04-03,2026-04-01,1775088000000000000,1775174400000000000,1775260800000000000,1775088000000000000,0,12.828306703006607,9.307796481352739,0.0009312129579401862,1.4813841401225942
2026-04-04,2026-04-02,1775174400000000000,1775260800000000000,1775347200000000000,1775174400000000000,0,46.58169361639753,50.069851151281874,0.0050195410120827955,0.7375341914712013
2026-04-05,2026-04-03,1775260800000000000,1775347200000000000,1775433600000000000,1775260800000000000,0,-15.171783358282795,254.35266920256032,0.025761503420038023,0.6740063489241017
2026-04-06,2026-04-04,1775347200000000000,1775433600000000000,1775520000000000000,1775347200000000000,0,2.6874915866571576,-26.18361461522849,-0.0026149365430282456,0.49991287658820316
2026-04-07,2026-04-05,1775433600000000000,1775520000000000000,1775606400000000000,1775433600000000000,0,19.588444593658874,436.2968194581891,0.04459545069935267,0.8560261777681119
2026-04-08,2026-04-06,1775520000000000000,1775606400000000000,1775692800000000000,1775520000000000000,0,7.91425655627346,-119.48742855087833,-0.011877640105099618,0.42004373277551416
2026-04-09,2026-04-07,1775606400000000000,1775692800000000000,1775779200000000000,1775606400000000000,0,-23.20985785723592,100.52730674999073,0.010103429115520424,1.1163191473031253
2026-04-10,2026-04-08,1775692800000000000,1775779200000000000,1775865600000000000,1775692800000000000,0,9.200758089872638,162.31436147722107,0.01636388153002777,1.404296311756979
2026-04-11,2026-04-09,1775779200000000000,1775865600000000000,1775952000000000000,1775779200000000000,0,7.851964932867332,11.020105991865343,0.0011026180359803295,1.4996879632384832
2026-04-12,2026-04-10,1775865600000000000,1775952000000000000,1776038400000000000,1775865600000000000,0,-3.424804073533595,-320.1726319468758,-0.03151013729416974,1.8860732267428317
2026-04-13,2026-04-11,1775952000000000000,1776038400000000000,1776124800000000000,1775952000000000000,0,32.92005864254484,506.6461194012966,0.051970015928402,1.9693209088390353
2026-04-14,2026-04-12,1776038400000000000,1776124800000000000,1776211200000000000,1776038400000000000,0,21.457780191568425,-38.56630397669845,-0.0038492031497755486,1.5968826742348892
2026-04-15,2026-04-13,1776124800000000000,1776211200000000000,1776297600000000000,1776124800000000000,0,96.19077403509819,91.10214548757956,0.009151838859432937,2.1416065778772904
2026-04-16,2026-04-14,1776211200000000000,1776297600000000000,1776384000000000000,1776211200000000000,0,-29.021285324985527,45.916351260453226,0.0046021928354755826,2.806144904906991
2026-04-17,2026-04-15,1776297600000000000,1776384000000000000,1776470400000000000,1776297600000000000,0,-39.39801806827926,251.97112298281775,0.025517242664023776,3.476688390959705
2026-04-18,2026-04-16,1776384000000000000,1776470400000000000,1776556800000000000,1776384000000000000,0,33.61509954678114,-180.70875844482217,-0.01790857666745682,3.375056469384201
2026-04-19,2026-04-17,1776470400000000000,1776556800000000000,1776643200000000000,1776470400000000000,0,7.909656061454882,-252.8618223928843,-0.024969164411026923,2.8498608736379114
2026-04-20,2026-04-18,1776556800000000000,1776643200000000000,1776729600000000000,1776556800000000000,0,78.78856805261655,272.5552639647004,0.027630355899178616,2.3735949064737722
2026-04-21,2026-04-19,1776643200000000000,1776729600000000000,1776816000000000000,1776643200000000000,0,73.3441391629374,65.0783481977284,0.0065290567881712835,1.993173049988064
2026-04-22,2026-04-20,1776729600000000000,1776816000000000000,1776902400000000000,1776729600000000000,0,21.930327615659355,238.44609365131362,0.024131165133578936,2.5614208402242302
2026-04-23,2026-04-21,1776816000000000000,1776902400000000000,1776988800000000000,1776816000000000000,0,-41.13752919387745,10.133237717755144,0.0010138373577703863,2.843015907184784
2026-04-24,2026-04-22,1776902400000000000,1776988800000000000,1777075200000000000,1776902400000000000,0,9.030239041341702,-105.38034574907543,-0.010482704017558353,3.430781484463673
2026-04-25,2026-04-23,1776988800000000000,1777075200000000000,1777161600000000000,1776988800000000000,0,19.974548865978036,24.231589225083855,0.0024260971448708535,3.0209492387463976
2026-04-26,2026-04-24,1777075200000000000,1777161600000000000,1777248000000000000,1777075200000000000,0,47.10833320703406,132.1407955760382,0.01330177133655397,3.3876296475169507
2026-04-27,2026-04-25,1777161600000000000,1777248000000000000,1777334400000000000,1777161600000000000,0,80.93510658086126,-164.87450519109908,-0.016352276418474698,3.415579488995693
2026-04-28,2026-04-26,1777248000000000000,1777334400000000000,1777420800000000000,1777248000000000000,0,54.25482892941259,-133.82706604566596,-0.013293556320352451,3.4499529614644313
2026-04-29,2026-04-27,1777334400000000000,1777420800000000000,1777507200000000000,1777334400000000000,0,7.0774983635810464,-73.99057097115421,-0.00737175146097635,2.891216354672664
2026-04-30,2026-04-28,1777420800000000000,1777507200000000000,1777593600000000000,1777420800000000000,0,23.467325339392605,74.4883135775541,0.007476642913697651,3.0103232634304615
2026-05-01,2026-04-29,1777507200000000000,1777593600000000000,1777680000000000000,1777507200000000000,0,-30.104151203846946,243.84413230932964,0.024684144332332902,1.8915351416500317
2026-05-02,2026-04-30,1777593600000000000,1777680000000000000,1777766400000000000,1777593600000000000,0,22.904330317195857,58.08273981032901,0.005825174709862768,2.202855505670099
2026-05-03,2026-05-01,1777680000000000000,1777766400000000000,1777852800000000000,1777680000000000000,0,-11.937554130840232,-15.040501916391312,-0.0015029196750052654,2.165502604684364
2026-05-04,2026-05-02,1777766400000000000,1777852800000000000,1777939200000000000,1777766400000000000,0,40.80251836212246,163.15874719045976,0.016449705467503684,2.269604734591485
2026-05-05,2026-05-03,1777852800000000000,1777939200000000000,1778025600000000000,1777852800000000000,0,-9.721084858949887,129.9442903575425,0.013079223515956029,2.3833923046649286
2026-05-06,2026-05-04,1777939200000000000,1778025600000000000,1778112000000000000,1777939200000000000,0,35.427381394081266,66.70447013087191,0.006692743994137329,1.5593438548868135
2026-05-07,2026-05-05,1778025600000000000,1778112000000000000,1778198400000000000,1778025600000000000,0,-17.181542808161737,-178.5099287490194,-0.017692607745821376,1.9981797623655562
2026-05-08,2026-05-06,1778112000000000000,1778198400000000000,1778284800000000000,1778112000000000000,0,-2.309430778685938,23.368419885773584,0.002339574531909916,2.2889950760896816
2026-05-09,2026-05-07,1778198400000000000,1778284800000000000,1778371200000000000,1778198400000000000,0,48.21253054867658,60.32531555350421,0.006050763917829549,2.2834762286042287
2026-05-10,2026-05-08,1778284800000000000,1778371200000000000,1778457600000000000,1778284800000000000,0,-10.471933627093062,188.0679523615198,0.018984756888491106,2.197131844827825
2026-05-11,2026-05-09,1778371200000000000,1778457600000000000,1778544000000000000,1778371200000000000,0,-1.8508522971896504,-56.65080958508594,-0.005649064646216728,2.1311250395589307
2026-05-12,2026-05-10,1778457600000000000,1778544000000000000,1778630400000000000,1778457600000000000,0,-6.942350024898582,-153.00008849884702,-0.015183558368725647,2.553670740038719
2026-05-13,2026-05-11,1778544000000000000,1778630400000000000,1778716800000000000,1778544000000000000,0,21.955812177915824,-149.0297018466756,-0.014792470529897295,2.285729158864517
2026-05-14,2026-05-12,1778630400000000000,1778716800000000000,1778803200000000000,1778630400000000000,0,-28.9845280244404,221.49908307924827,0.022397038793215973,2.2823988556185126
2026-05-15,2026-05-13,1778716800000000000,1778803200000000000,1778889600000000000,1778716800000000000,0,33.51757657091046,-246.79910734920068,-0.024377851769638692,2.2272655760254714
2026-05-16,2026-05-14,1778803200000000000,1778889600000000000,1778976000000000000,1778803200000000000,0,6.80623145883378,-122.74633680722029,-0.012199607650809186,2.393366077540828
2026-05-17,2026-05-15,1778889600000000000,1778976000000000000,1779062400000000000,1778889600000000000,0,-4.018745903650688,-88.73510947942894,-0.008834257540655255,2.2151201008925216
2026-05-18,2026-05-16,1778976000000000000,1779062400000000000,1779148800000000000,1778976000000000000,0,37.95879806569805,-59.01756452837023,-0.005884375298146671,1.9962481061840773
2026-05-19,2026-05-17,1779062400000000000,1779148800000000000,1779235200000000000,1779062400000000000,0,2.5119793783556155,-21.77901204759291,-0.0021755312987163933,1.8722213851668101
2026-05-20,2026-05-18,1779148800000000000,1779235200000000000,1779321600000000000,1779148800000000000,0,5.735633366614518,92.9983786069824,0.009343215717551479,1.5753830886804876
2026-05-21,2026-05-19,1779235200000000000,1779321600000000000,1779408000000000000,1779235200000000000,0,24.3627017537136,8.156333958565268,0.0008159661152276065,1.1975178471764196
2026-05-22,2026-05-20,1779321600000000000,1779408000000000000,1779494400000000000,1779321600000000000,0,-7.074035215938443,-271.1170893923042,-0.026747485554435513,1.2150129654838058
2026-05-23,2026-05-21,1779408000000000000,1779494400000000000,1779580800000000000,1779408000000000000,0,49.812596635310754,159.23746507099278,0.01605120499870938,1.2874185352445584
2026-05-24,2026-05-22,1779494400000000000,1779580800000000000,1779667200000000000,1779494400000000000,0,28.55808926537566,40.692577964735015,0.004077548467792402,1.1962017497493604
2026-05-25,2026-05-23,1779580800000000000,1779667200000000000,1779753600000000000,1779580800000000000,0,30.63066839575054,33.29947307417384,0.003335497741126403,1.4283419048025066
2026-05-26,2026-05-24,1779667200000000000,1779753600000000000,1779840000000000000,1779667200000000000,0,-2.6341760302789456,-181.6665493821507,-0.018002635989416205,1.4172628019810485
2026-05-27,2026-05-25,1779753600000000000,1779840000000000000,1779926400000000000,1779753600000000000,0,-57.88186622034698,-196.93503803390982,-0.01950085348335917,1.4856655922112572
2026-05-28,2026-05-26,1779840000000000000,1779926400000000000,1780012800000000000,1779840000000000000,0,31.609859102631784,-112.35450236754752,-0.011172568288409845,1.6868394862421103
2026-05-29,2026-05-27,1779926400000000000,1780012800000000000,1780099200000000000,1779926400000000000,0,-14.615241231101908,-21.313825266736146,-0.002129112743814332,1.2147933174782484
2026-05-30,2026-05-28,1780012800000000000,1780099200000000000,1780185600000000000,1780012800000000000,0,75.0943712549094,57.49780542727423,0.0057663422577327594,1.3667238642259714
2026-05-31,2026-05-29,1780099200000000000,1780185600000000000,1780272000000000000,1780099200000000000,0,13.04980631245007,-28.461899181889336,-0.0028421433596654833,1.490624974834718
2026-06-01,2026-05-30,1780185600000000000,1780272000000000000,1780358400000000000,1780185600000000000,0,-17.884069479239308,-312.3273754576853,-0.030750034034893292,1.5321334709329888
2026-06-02,2026-05-31,1780272000000000000,1780358400000000000,1780444800000000000,1780272000000000000,0,-11.032758758496126,-673.058303381961,-0.06509076599695551,1.3977210474956574
2026-06-03,2026-06-01,1780358400000000000,1780444800000000000,1780531200000000000,1780358400000000000,0,45.41268761269903,-400.05612792211423,-0.03921595354402363,0.996574973575863
2026-06-04,2026-06-02,1780444800000000000,1780531200000000000,1780617600000000000,1780444800000000000,0,48.49539867554313,-40.10979788266344,-0.004002946552806086,0.33663601447551883
2026-06-05,2026-06-03,1780531200000000000,1780617600000000000,1780704000000000000,1780531200000000000,0,38.96047160842617,-453.0091487131432,-0.04429014874779269,-0.1804175929507376
2026-06-06,2026-06-04,1780617600000000000,1780704000000000000,1780790400000000000,1780617600000000000,0,-16.950253922834335,-28.18575982386037,-0.0028146075264422477,-0.2140759741152441
2026-06-07,2026-06-05,1780704000000000000,1780790400000000000,1780876800000000000,1780704000000000000,0,-35.98663728242545,394.10290872276397,0.040197179517585946,-0.6908196451442744
2026-06-08,2026-06-06,1780790400000000000,1780876800000000000,1780963200000000000,1780790400000000000,0,-26.895182159880022,-38.92013654412643,-0.0038844495856045214,-0.7561349399426731
2026-06-09,2026-06-07,1780876800000000000,1780963200000000000,1781049600000000000,1780876800000000000,0,36.002660329173274,-217.28838477019107,-0.021494467869257794,0.02700579622164989
2026-06-10,2026-06-08,1780963200000000000,1781049600000000000,1781136000000000000,1780963200000000000,0,55.01745450018408,-35.54178371138263,-0.003547869755386346,0.6341440957155765
2026-06-11,2026-06-09,1781049600000000000,1781136000000000000,1781222400000000000,1781049600000000000,0,38.956175522443615,338.0633380484629,0.034384262064388826,-0.01723490924905491
2026-06-12,2026-06-10,1781136000000000000,1781222400000000000,1781308800000000000,1781136000000000000,0,-39.222959814492924,-7.232363568558398,-0.0007229748844811423,0.14786960461112234
2026-06-13,2026-06-11,1781222400000000000,1781308800000000000,1781395200000000000,1781222400000000000,0,59.59060823464992,137.15048569572562,0.013809531299150635,0.4290415440724903
2026-06-14,2026-06-12,1781308800000000000,1781395200000000000,1781481600000000000,1781308800000000000,0,-28.038600770789348,197.91673152565585,0.019988826834709927,0.712171282687106
2026-06-15,2026-06-13,1781395200000000000,1781481600000000000,1781568000000000000,1781395200000000000,0,48.61322975446028,88.17610222801382,0.00885659986204601,0.7753294730926501
2026-06-16,2026-06-14,1781481600000000000,1781568000000000000,1781654400000000000,1781481600000000000,0,-44.7985153819072,-99.04647326156815,-0.009855757850970814,0.6484090157091894
2026-06-17,2026-06-15,1781568000000000000,1781654400000000000,1781740800000000000,1781568000000000000,0,45.164141916889534,-179.07690484126354,-0.017748300647643545,0.7433770829299955
2026-06-18,2026-06-16,1781654400000000000,1781740800000000000,1781827200000000000,1781654400000000000,0,-28.22818037725932,-243.42953377447054,-0.024049053316260838,0.7759355691315665
2026-06-19,2026-06-17,1781740800000000000,1781827200000000000,1781913600000000000,1781740800000000000,0,56.46112603593504,92.63009377023944,0.00930604382190614,0.9663340144342321
2026-06-20,2026-06-18,1781827200000000000,1781913600000000000,1782000000000000000,1781827200000000000,0,-0.03472045083805786,117.97676469692266,0.011867543540764691,1.380106013475736
2026-06-21,2026-06-19,1781913600000000000,1782000000000000000,1782086400000000000,1781913600000000000,0,33.24371167062599,-154.53797443513514,-0.015335000258950515,1.6136343485459483
2026-06-22,2026-06-20,1782000000000000000,1782086400000000000,1782172800000000000,1782000000000000000,0,43.63412323118413,111.20806099823488,0.01118287212534752,1.3883160184013539
2026-06-23,2026-06-21,1782086400000000000,1782172800000000000,1782259200000000000,1782086400000000000,0,-15.783740736257787,-202.8303938282158,-0.02007872226199281,1.754419188379929
2026-06-24,2026-06-22,1782172800000000000,1782259200000000000,1782345600000000000,1782172800000000000,0,17.700615919676626,-267.609154881039,-0.026406015056770094,1.6969725664318112
2026-06-25,2026-06-23,1782259200000000000,1782345600000000000,1782432000000000000,1782259200000000000,0,5.436089245566332,-212.3571103960116,-0.02101182095026033,1.0869459834197523
2026-06-26,2026-06-24,1782345600000000000,1782432000000000000,1782518400000000000,1782345600000000000,0,45.100194869580555,50.48391384236927,0.005061155983211885,0.7905694082723607
2026-06-27,2026-06-25,1782432000000000000,1782518400000000000,1782604800000000000,1782432000000000000,0,27.309460406392873,-11.364708429638007,-0.0011358253045437028,0.5871076016885944
2026-06-28,2026-06-26,1782518400000000000,1782604800000000000,1782691200000000000,1782518400000000000,0,10.004070322794941,-75.58183973505857,-0.00752969272689985,0.5243064106050171
2026-06-29,2026-06-27,1782604800000000000,1782691200000000000,1782777600000000000,1782604800000000000,0,54.076180456301586,114.02091247726315,0.011467342855910223,0.19381889763592114
2026-06-30,2026-06-28,1782691200000000000,1782777600000000000,1782864000000000000,1782691200000000000,0,-22.91577549444863,-275.1557258874636,-0.027140467505916033,-0.2841127728452983
2026-07-01,2026-06-29,1782777600000000000,1782864000000000000,1782950400000000000,1782777600000000000,0,26.724298397843693,235.88202184315162,0.023868604211432443,-1.0008564412105851
2026-07-02,2026-06-30,1782864000000000000,1782950400000000000,1783036800000000000,1782864000000000000,0,17.48488783269506,252.6782672725091,0.02558976409436231,-1.4552896905372925
2026-07-03,2026-07-01,1782950400000000000,1783036800000000000,1783123200000000000,1782950400000000000,0,28.58431927140168,164.85521233797428,0.016622157244964297,-0.9175420256852074
2026-07-04,2026-07-02,1783036800000000000,1783123200000000000,1783209600000000000,1783036800000000000,0,-4.075485138248693,89.20160569787208,0.008960063761459525,-0.5417647979477498
2026-07-05,2026-07-03,1783123200000000000,1783209600000000000,1783296000000000000,1783123200000000000,0,-60.9009543304256,79.81491338331057,0.008013428352111385,-0.8838570404776879
2026-07-06,2026-07-04,1783209600000000000,1783296000000000000,1783382400000000000,1783209600000000000,0,5.444621613807838,61.541576238899715,0.006173133358502225,-0.8594055175070112
2026-07-07,2026-07-05,1783296000000000000,1783382400000000000,1783468800000000000,1783296000000000000,0,-39.18779899174209,-106.57762909879834,-0.01060117018381268,-0.9599004077336677
2026-07-08,2026-07-06,1783382400000000000,1783468800000000000,1783555200000000000,1783382400000000000,0,46.769830078964894,-170.94817021150538,-0.01694952970140773,-0.7429680655246794
2026-07-09,2026-07-07,1783468800000000000,1783555200000000000,1783641600000000000,1783468800000000000,0,23.520345516656462,149.77970417831287,0.015090702345368134,-0.557264674647846
2026-07-10,2026-07-08,1783555200000000000,1783641600000000000,1783728000000000000,1783555200000000000,0,13.547134138109168,146.27740955696424,0.014735249923256255,-0.6772312575781003
2026-07-11,2026-07-09,1783641600000000000,1783728000000000000,1783814400000000000,1783641600000000000,0,36.04470666862186,-53.55662827766896,-0.005341346834218275,-0.5579838687573835
2026-07-12,2026-07-10,1783728000000000000,1783814400000000000,1783900800000000000,1783728000000000000,0,2.2181986316088453,-6.1144676930307105,-0.0006112598738213793,-0.7947769855658922
2026-07-13,2026-07-11,1783814400000000000,1783900800000000000,1783987200000000000,1783814400000000000,0,6.757415066083907,-229.2429614348922,-0.022663530887425565,-0.8674122018223223
2026-07-14,2026-07-12,1783900800000000000,1783987200000000000,1784073600000000000,1783900800000000000,0,-15.241770895709418,425.48444782959496,0.043466605662480395,-0.9486836728270692
2026-07-15,2026-07-13,1783987200000000000,1784073600000000000,1784160000000000000,1783987200000000000,0,-3.474716301906471,-44.33125927818789,-0.004423314129406886,-0.9658031860513988
2026-07-16,2026-07-14,1784073600000000000,1784160000000000000,1784246400000000000,1784073600000000000,0,22.48172077819461,-144.0425170761715,-0.01430100679038393,-0.24419282084334615
2026-07-17,2026-07-15,1784160000000000000,1784246400000000000,1784332800000000000,1784160000000000000,0,9.913887075126137,15.884241727964104,0.0015896863866946553,0.0277699740517717
2026-07-18,2026-07-16,1784246400000000000,1784332800000000000,1784419200000000000,1784246400000000000,0,-4.631033543010415,140.18539391129238,0.014117259880744637,-0.33042745815101227
2026-07-19,2026-07-17,1784332800000000000,1784419200000000000,1784505600000000000,1784332800000000000,0,-12.532993629605858,-17.23723681376793,-0.001722238922938879,0.5434828316593394
2026-07-20,2026-07-18,1784419200000000000,1784505600000000000,1784592000000000000,1784419200000000000,0,-48.24743207911734,82.00814613521031,0.00823453340450886,0.923288687766041
2026-07-21,2026-07-19,1784505600000000000,1784592000000000000,1784678400000000000,1784505600000000000,0,22.876621885469092,197.35465209915466,0.019931496972439344,1.4971238857607225
2026-07-22,2026-07-20,1784592000000000000,1784678400000000000,1784764800000000000,1784592000000000000,0,82.98295460890625,-66.57864892094116,-0.006635750415250774,2.6467504582310273
2026-07-23,2026-07-21,1784678400000000000,1784764800000000000,1784851200000000000,1784678400000000000,0,-33.31013240265795,-154.79206510826208,-0.015360019360352029,2.4131860162757457
2026-07-24,2026-07-22,1784764800000000000,1784851200000000000,1784937600000000000,1784764800000000000,0,-4.016163011198817,-148.40686624002205,-0.014731106385998727,2.5437794774973
2026-07-25,2026-07-23,1784851200000000000,1784937600000000000,1785024000000000000,1784851200000000000,0,-12.551814933206716,36.573200586851236,0.0036640162145307187,0.7542280126103005
2026-07-26,2026-07-24,1784937600000000000,1785024000000000000,1785110400000000000,1784937600000000000,0,32.86710097442217,157.96744139459082,0.015922172283934444,0.7402488080533912
2026-07-27,2026-07-25,1785024000000000000,1785110400000000000,1785196800000000000,1785024000000000000,0,-9.694384253895262,-254.61157080518592,-0.025139755351682003,0.7717979189105434
2026-07-28,2026-07-26,1785110400000000000,1785196800000000000,1785283200000000000,1785110400000000000,0,-0.9158405156707661,24.92974237350568,0.0024960842815076045,1.5107573419871019
2026-07-29,2026-07-27,1785196800000000000,1785283200000000000,1785369600000000000,1785196800000000000,0,20.931085533552107,10.83508857302028,0.001084096065086415,1.0037198212943972
2026-07-30,2026-07-28,1785283200000000000,1785369600000000000,1785456000000000000,1785283200000000000,0,-13.435038046805726,123.59792371685822,0.012436490269720935,0.7488947644653502
2026-07-31,2026-07-29,1785369600000000000,1785456000000000000,1785542400000000000,1785369600000000000,0,-16.108119966993655,-296.4391851351698,-0.029208847232704338,1.2112165533618964
2026-08-01,2026-07-30,1785456000000000000,1785542400000000000,1785628800000000000,1785456000000000000,0,-1.7516785513696347,-10.218633977186137,-0.0010213414731105042,1.6596466486958705
2026-08-02,2026-07-31,1785542400000000000,1785628800000000000,1785715200000000000,1785542400000000000,0,11.163684982201584,118.10223317473593,0.011880239368454504,0.9235836124608497
2026-08-03,2026-08-01,1785628800000000000,1785715200000000000,1785801600000000000,1785628800000000000,0,42.2799280409532,-7.870013163305758,-0.000786691712019616,0.7631640517819052
2026-08-04,2026-08-02,1785715200000000000,1785801600000000000,1785888000000000000,1785715200000000000,0,30.921445005267717,91.91725854669349,0.00923409949622167,1.1814806180911064
2026-08-05,2026-08-03,1785801600000000000,1785888000000000000,1785974400000000000,1785801600000000000,0,-14.618978893416418,86.77265502632267,0.008715022099925696,0.930149192989176
2026-08-06,2026-08-04,1785888000000000000,1785974400000000000,1786060800000000000,1785888000000000000,0,-4.75888009145322,-52.970593785643125,-0.005283054698320133,1.1593169178247924
2026-08-07,2026-08-05,1785974400000000000,1786060800000000000,1786147200000000000,1785974400000000000,0,-25.24246174784309,92.78283949602913,0.00932146065806938,0.7814473536299036
2026-08-08,2026-08-06,1786060800000000000,1786147200000000000,1786233600000000000,1786060800000000000,0,37.72434408307921,6.0668681577952865,0.0006068708874484852,0.8870852888987113
2026-08-09,2026-08-07,1786147200000000000,1786233600000000000,1786320000000000000,1786147200000000000,0,-10.298588433500662,-9.395970434731902,-0.0009391557603913858,0.19244038839167674
2026-08-10,2026-08-08,1786233600000000000,1786320000000000000,1786406400000000000,1786233600000000000,0,23.39042322253253,-144.57742854216428,-0.014353731549565985,0.17476475612672812
2026-08-11,2026-08-09,1786320000000000000,1786406400000000000,1786492800000000000,1786320000000000000,0,-13.220499114174265,-58.007522065421036,-0.005783960327659821,0.14786540186137767
2026-08-12,2026-08-10,1786406400000000000,1786492800000000000,1786579200000000000,1786406400000000000,0,10.381624514255451,-18.88889450503294,-0.0018871066215241372,0.25095310283006045
2026-08-13,2026-08-11,1786492800000000000,1786579200000000000,1786665600000000000,1786492800000000000,0,6.705387974000164,1.71220402581431,0.00017123506163119195,0.9533180369296849
2026-08-14,2026-08-12,1786579200000000000,1786665600000000000,1786752000000000000,1786579200000000000,0,1.014815339406085,-70.70042494492688,-0.007045108540032374,1.0167499114988716
2026-08-15,2026-08-13,1786665600000000000,1786752000000000000,1786838400000000000,1786665600000000000,0,-6.5831429649854964,6.731173602319823,0.0006733439545609787,0.9424678735967756
2026-08-16,2026-08-14,1786752000000000000,1786838400000000000,1786924800000000000,1786752000000000000,0,-19.87322624847676,-29.52869690191141,-0.002948514258549584,0.8990077286077817
2026-08-17,2026-08-15,1786838400000000000,1786924800000000000,1787011200000000000,1786838400000000000,1,-15.895081847248756,256.1676567672298,0.025947694753577055,0.9440107084599321
2026-08-18,2026-08-16,1786924800000000000,1787011200000000000,1787097600000000000,1786924800000000000,1,20.79234615932957,29.910852253187745,0.0029955629840709985,1.3055273166727352
2026-08-19,2026-08-17,1787011200000000000,1787097600000000000,1787184000000000000,1787011200000000000,1,9.966730449485993,687.9264159170796,0.07121406087438298,1.2239309102001052
2026-08-20,2026-08-18,1787097600000000000,1787184000000000000,1787270400000000000,1787097600000000000,1,-3.339992026959923,518.8285345075213,0.05325235040768872,1.6608166236764133
2026-08-21,2026-08-19,1787184000000000000,1787270400000000000,1787356800000000000,1787184000000000000,1,3.062653856356411,702.0367147458519,0.072726642823437,2.5070797716712456
2026-08-22,2026-08-20,1787270400000000000,1787356800000000000,1787443200000000000,1787270400000000000,1,13.410115838347373,-162.549858161073,-0.016123586462411632,3.6732309240167993
2026-08-23,2026-08-21,1787356800000000000,1787443200000000000,1787529600000000000,1787356800000000000,1,18.780105046852906,85.1454679140753,0.008550898644877236,5.220379699295146
2026-08-24,2026-08-22,1787443200000000000,1787529600000000000,1787616000000000000,1787443200000000000,0,-49.60791279794332,160.63460596907237,0.016193171585149324,4.941452212241222
2026-08-25,2026-08-23,1787529600000000000,1787616000000000000,1787702400000000000,1787529600000000000,0,0.3544805422749233,-57.592307673139395,-0.005742678189747941,4.878528043068265
2026-08-26,2026-08-24,1787616000000000000,1787702400000000000,1787788800000000000,1787616000000000000,0,-16.11619863238548,61.514682670198596,0.0061704274035121465,4.559778554388454
2026-08-27,2026-08-25,1787702400000000000,1787788800000000000,1787875200000000000,1787702400000000000,0,55.43157612558108,153.93212765410925,0.015512298517850631,4.334030433646714
2026-08-28,2026-08-26,1787788800000000000,1787875200000000000,1787961600000000000,1787788800000000000,0,33.50217430391704,-304.1067836968068,-0.029952925616193116,4.492785154280627
2026-08-29,2026-08-27,1787875200000000000,1787961600000000000,1788048000000000000,1787875200000000000,0,31.196210846856946,49.222311038638296,0.004934365184130485,4.515686744005389
2026-08-30,2026-08-28,1787961600000000000,1788048000000000000,1788134400000000000,1787961600000000000,0,35.28017851012321,-70.29635392424052,-0.007004985299757127,3.531104107125027
