execution_date,feature_date,observation_available_ns,execution_ns,target_available_ns,max_training_label_available_ns,outside_training_range_features,forecast_bps,target_log_return_bps,target_simple_return,training_mean_bps
2025-01-01,2024-12-30,1735603200000000000,1735689600000000000,1735776000000000000,1735603200000000000,0,20.48318118605059,107.96639756492971,0.010855133794990257,20.686791349086363
2025-01-02,2024-12-31,1735689600000000000,1735776000000000000,1735862400000000000,1735689600000000000,0,-25.954302726341478,249.8358197972066,0.02529828701817416,20.839940306403395
2025-01-03,2025-01-01,1735776000000000000,1735862400000000000,1735948800000000000,1735776000000000000,0,14.426732665199646,121.8898405290884,0.012263572463269812,21.29588064950144
2025-01-04,2025-01-02,1735862400000000000,1735948800000000000,1736035200000000000,1735862400000000000,0,-7.2250179438524675,4.719068852575504,0.0004720182508290982,21.38135118168704
2025-01-05,2025-01-03,1735948800000000000,1736035200000000000,1736121600000000000,1735948800000000000,0,-43.122400004018644,14.558655630533245,0.0014569258498047244,20.530492182447787
2025-01-06,2025-01-04,1736035200000000000,1736121600000000000,1736208000000000000,1736035200000000000,0,65.14311883327531,386.09035123570237,0.039364049367443865,20.46477656851974
2025-01-07,2025-01-05,1736121600000000000,1736208000000000000,1736294400000000000,1736121600000000000,0,3.4570920383969757,-530.3712600862864,-0.05165519642864125,20.532784748171338
2025-01-08,2025-01-06,1736208000000000000,1736294400000000000,1736380800000000000,1736208000000000000,0,-0.2508465495544243,-197.28139535716727,-0.019534813201230294,20.943496024737502
2025-01-09,2025-01-07,1736294400000000000,1736380800000000000,1736467200000000000,1736294400000000000,0,-54.15398229308663,-267.38745131460814,-0.026384429891623817,20.37647961930668
2025-01-10,2025-01-08,1736380800000000000,1736467200000000000,1736553600000000000,1736380800000000000,0,-26.81171277474025,232.13626366317393,0.023485159610508566,19.837492438845253
2025-01-11,2025-01-09,1736467200000000000,1736553600000000000,1736640000000000000,1736467200000000000,0,9.379010816380157,-13.321990503388587,-0.0013313120671071266,19.493869045937483
2025-01-12,2025-01-10,1736553600000000000,1736640000000000000,1736726400000000000,1736553600000000000,0,33.3940406232573,-5.807183284977775,-0.0005805497442441521,19.7797786093445
2025-01-13,2025-01-11,1736640000000000000,1736726400000000000,1736812800000000000,1736640000000000000,0,137.82667320535538,-0.9477410715027081,-9.47696162264533e-05,19.793181403696885
2025-01-14,2025-01-12,1736726400000000000,1736812800000000000,1736899200000000000,1736726400000000000,0,-2.7472996288917386,211.9150165349913,0.021417636075780955,19.35256748469172
2025-01-15,2025-01-13,1736812800000000000,1736899200000000000,1736985600000000000,1736812800000000000,0,-26.00666922309707,399.5797942484759,0.040767039643913705,19.902257496314114
2025-01-16,2025-01-14,1736899200000000000,1736985600000000000,1737072000000000000,1736899200000000000,0,11.370991783291924,-50.881810693719444,-0.005075258203325772,20.017555666150187
2025-01-17,2025-01-15,1736985600000000000,1737072000000000000,1737158400000000000,1736985600000000000,0,-15.750061313715978,400.9234776144885,0.04090689517568724,20.21473209876983
2025-01-18,2025-01-16,1737072000000000000,1737158400000000000,1737244800000000000,1737072000000000000,0,17.85460534065606,45.89487128482441,0.004600034954731269,20.287071462668326
2025-01-19,2025-01-17,1737158400000000000,1737244800000000000,1737331200000000000,1737158400000000000,0,19.496081205193963,-313.270015419219,-0.030841395103859304,20.882873723195765
2025-01-20,2025-01-18,1737244800000000000,1737331200000000000,1737417600000000000,1737244800000000000,0,44.90562464116905,91.2057838093528,0.009162297593928503,21.00959708477241
2025-01-21,2025-01-19,1737331200000000000,1737417600000000000,1737504000000000000,1737331200000000000,0,44.861969822264925,372.7637730188463,0.03797985527087833,20.809874152274933
2025-01-22,2025-01-20,1737417600000000000,1737504000000000000,1737590400000000000,1737417600000000000,0,-17.982271400015925,-232.28630058235157,-0.022960922265658046,21.042062548465008
2025-01-23,2025-01-21,1737504000000000000,1737590400000000000,1737676800000000000,1737504000000000000,0,-3.7664979008834756,19.621712628701783,0.001964097580618329,21.271931506755095
2025-01-24,2025-01-22,1737590400000000000,1737676800000000000,1737763200000000000,1737590400000000000,0,-20.286367996731723,91.97842840033147,0.009240272985318487,21.11669739183794
2025-01-25,2025-01-23,1737676800000000000,1737763200000000000,1737849600000000000,1737676800000000000,0,86.01884690916613,-11.797687791035143,-0.0011790731255144626,21.872802305354277
2025-01-26,2025-01-24,1737763200000000000,1737849600000000000,1737936000000000000,1737763200000000000,0,61.37978094463377,-205.13639258596876,-0.020304665934616106,22.112990365432676
2025-01-27,2025-01-25,1737849600000000000,1737936000000000000,1738022400000000000,1737849600000000000,0,11.766283948995037,-52.484003942787616,-0.005234651604496987,21.94391733219458
2025-01-28,2025-01-26,1737936000000000000,1738022400000000000,1738108800000000000,1737936000000000000,0,-57.54399714840574,-73.4755111376838,-0.0073206238502596666,21.70773131581041
2025-01-29,2025-01-27,1738022400000000000,1738108800000000000,1738195200000000000,1738022400000000000,0,-8.943366242095824,233.85708841243465,0.02366129862460853,21.63920184783594
2025-01-30,2025-01-28,1738108800000000000,1738195200000000000,1738281600000000000,1738108800000000000,0,-8.33909047225685,94.95495779961031,0.009540721032070154,21.265432910470643
2025-01-31,2025-01-29,1738195200000000000,1738281600000000000,1738368000000000000,1738195200000000000,0,-10.612647071526904,-221.42853251164527,-0.021899499765762886,20.313804485856185
2025-02-01,2025-01-30,1738281600000000000,1738368000000000000,1738454400000000000,1738281600000000000,0,16.49233289597625,-176.68674806794027,-0.01751349903289634,20.918263536664053
2025-02-02,2025-01-31,1738368000000000000,1738454400000000000,1738540800000000000,1738368000000000000,0,-14.730030029048034,-295.99070090826194,-0.029165307804410512,19.996089508780702
2025-02-03,2025-02-01,1738454400000000000,1738540800000000000,1738627200000000000,1738454400000000000,0,103.88712238549095,364.6021499596994,0.03713304085471747,19.712300105265186
2025-02-04,2025-02-02,1738540800000000000,1738627200000000000,1738713600000000000,1738540800000000000,0,-62.47829524376287,-358.20198537313826,-0.03518624718748942,19.503685765744034
2025-02-05,2025-02-03,1738627200000000000,1738713600000000000,1738800000000000000,1738627200000000000,4,77.97243424833911,-118.40102988588077,-0.011770284792407382,19.68845890563298
2025-02-06,2025-02-04,1738713600000000000,1738800000000000000,1738886400000000000,1738713600000000000,4,157.79077441996128,-6.014491595695927,-0.0006012683252798467,19.410224033267777
2025-02-07,2025-02-05,1738800000000000000,1738886400000000000,1738972800000000000,1738800000000000000,4,-43.64902420928597,-4.925900520273397,-0.0004924687494659574,19.399023424867874
2025-02-08,2025-02-06,1738886400000000000,1738972800000000000,1739059200000000000,1738886400000000000,4,304.8804932304177,-6.4316666167222145,-0.0006429598743301623,19.53147069918439
2025-02-09,2025-02-07,1738972800000000000,1739059200000000000,1739145600000000000,1738972800000000000,4,-52.88215835609825,1.8661793919104426,0.0001866353534019094,19.974080690180656
2025-02-10,2025-02-08,1739059200000000000,1739145600000000000,1739232000000000000,1739059200000000000,4,50.56685160559512,99.85664239646478,0.010035687350816946,19.98137495863522
2025-02-11,2025-02-09,1739145600000000000,1739232000000000000,1739318400000000000,1739145600000000000,4,0.5997036306601977,-171.07381622402144,-0.01696188126098086,19.745450691933595
2025-02-12,2025-02-10,1739232000000000000,1739318400000000000,1739404800000000000,1739232000000000000,0,35.75060956452947,216.04861359415864,0.021839936244371083,19.922672534402587
2025-02-13,2025-02-11,1739318400000000000,1739404800000000000,1739491200000000000,1739318400000000000,0,-51.53201001165638,-129.77168269952102,-0.012893327883927608,19.89362239120295
2025-02-14,2025-02-12,1739404800000000000,1739491200000000000,1739577600000000000,1739404800000000000,0,-41.31087127856459,91.94299337227349,0.009236696745915651,19.903825390351656
2025-02-15,2025-02-13,1739491200000000000,1739577600000000000,1739664000000000000,1739491200000000000,0,-94.88781823354621,7.094884219879397,0.0007097401684319493,19.819878328882158
2025-02-16,2025-02-14,1739577600000000000,1739664000000000000,1739750400000000000,1739577600000000000,0,-14.679803727708425,-149.88835134728174,-0.014877061693454596,20.627965165986
2025-02-17,2025-02-15,1739664000000000000,1739750400000000000,1739836800000000000,1739664000000000000,0,23.597618453049677,-35.238524718751044,-0.00351765099026069,20.642770941264512
2025-02-18,2025-02-16,1739750400000000000,1739836800000000000,1739923200000000000,1739750400000000000,0,-80.05428762813631,-11.31042276104348,-0.001130402888869897,20.38050144764669
2025-02-19,2025-02-17,1739836800000000000,1739923200000000000,1740009600000000000,1739836800000000000,0,-99.84494472042324,101.14995490717065,0.01016632497746972,20.344160215496917
2025-02-20,2025-02-18,1739923200000000000,1740009600000000000,1740096000000000000,1739923200000000000,0,-119.1140193271903,170.37039748673786,0.0171829978300857,20.460721780598476
2025-02-21,2025-02-19,1740009600000000000,1740096000000000000,1740182400000000000,1740009600000000000,0,49.43198631110377,-218.3286627598199,-0.021596254351634703,20.917707699927725
2025-02-22,2025-02-20,1740096000000000000,1740182400000000000,1740268800000000000,1740096000000000000,0,-64.68025990502628,38.293437132033986,0.0038366850176418943,22.050339780435625
2025-02-23,2025-02-21,1740182400000000000,1740268800000000000,1740355200000000000,1740182400000000000,0,-27.948640055728603,-30.393831239023623,-0.003034768875022631,21.890806653012696
2025-02-24,2025-02-22,1740268800000000000,1740355200000000000,1740441600000000000,1740268800000000000,0,-31.855834634650716,-501.15357751721245,-0.04888030085811046,21.734011636982064
2025-02-25,2025-02-23,1740355200000000000,1740441600000000000,1740528000000000000,1740355200000000000,0,7.587715071734451,-318.77946271920206,-0.03137520086752055,20.67336517550069
2025-02-26,2025-02-24,1740441600000000000,1740528000000000000,1740614400000000000,1740441600000000000,1,-49.9865554064701,-512.4914509219363,-0.04995805724354618,18.686216936694194
2025-02-27,2025-02-25,1740528000000000000,1740614400000000000,1740700800000000000,1740528000000000000,1,-26.015410873144685,54.27139695978949,0.005441893296493916,17.91924695790515
2025-02-28,2025-02-26,1740614400000000000,1740700800000000000,1740787200000000000,1740614400000000000,1,-81.9084116520647,-42.42560953563656,-0.004233574005558238,17.421618834493366
2025-03-01,2025-02-27,1740700800000000000,1740787200000000000,1740873600000000000,1740700800000000000,1,1.2260058452982445,201.23263688074996,0.02032710155726236,17.0922934663823
2025-03-02,2025-02-28,1740787200000000000,1740873600000000000,1740960000000000000,1740787200000000000,1,47.53646656777718,910.6541941811876,0.09534065946323556,15.750825712226328
2025-03-03,2025-03-01,1740873600000000000,1740960000000000000,1741046400000000000,1740873600000000000,1,11.060144019716383,-892.4727614628383,-0.08538061794638996,16.28421279270302
2025-03-04,2025-03-02,1740960000000000000,1741046400000000000,1741132800000000000,1740960000000000000,4,67.869766095448,122.28403693549532,0.012303476316022577,17.015795342306987
2025-03-05,2025-03-03,1741046400000000000,1741132800000000000,1741219200000000000,1741046400000000000,10,-105.01274473173427,373.7640914467384,0.03808369150195734,15.894528277835073
2025-03-06,2025-03-04,1741132800000000000,1741219200000000000,1741305600000000000,1741132800000000000,10,-64.31781466557266,-74.67941165343689,-0.007440125378010198,15.869699624808296
2025-03-07,2025-03-05,1741219200000000000,1741305600000000000,1741392000000000000,1741219200000000000,10,3.6471360657631013,-354.2582730802956,-0.03480567736380025,16.82676917669066
2025-03-08,2025-03-06,1741305600000000000,1741392000000000000,1741478400000000000,1741305600000000000,10,-16.420498094610576,-66.959669731782,-0.006673598939376135,16.195413736135805
2025-03-09,2025-03-07,1741392000000000000,1741478400000000000,1741564800000000000,1741392000000000000,10,132.08372052614092,-657.6495508723464,-0.06364907705022582,16.121821226322982
2025-03-10,2025-03-08,1741478400000000000,1741564800000000000,1741651200000000000,1741478400000000000,10,-163.7843338882517,-268.46719195691077,-0.02648954944653137,16.023704662337785
2025-03-11,2025-03-09,1741564800000000000,1741651200000000000,1741737600000000000,1741564800000000000,7,22.109436139096964,537.1390602473281,0.055182677560879245,14.84738036777252
2025-03-12,2025-03-10,1741651200000000000,1741737600000000000,1741824000000000000,1741651200000000000,0,-134.10068294636497,89.68502033038601,0.009008839546240877,14.900096653702347
2025-03-13,2025-03-11,1741737600000000000,1741824000000000000,1741910400000000000,1741737600000000000,0,-18.57586480390708,-311.2391755655611,-0.030644554525017353,15.582263613328557
2025-03-14,2025-03-12,1741824000000000000,1741910400000000000,1741996800000000000,1741824000000000000,0,46.511428968181306,347.3914297576091,0.03534959535616866,15.159997032376147
2025-03-15,2025-03-13,1741910400000000000,1741996800000000000,1742083200000000000,1741910400000000000,0,170.11692573836137,42.210918166076,0.004230013172874303,14.883117602271389
2025-03-16,2025-03-14,1741996800000000000,1742083200000000000,1742169600000000000,1741996800000000000,0,90.70367285553986,-211.3659322322127,-0.020914780970575197,15.153063730191166
2025-03-17,2025-03-15,1742083200000000000,1742169600000000000,1742256000000000000,1742083200000000000,0,78.25616147638104,172.3491908103186,0.01738429723842172,15.21839336605507
2025-03-18,2025-03-16,1742169600000000000,1742256000000000000,1742342400000000000,1742169600000000000,0,94.03853073317525,-155.34750693542276,-0.015414708864490256,15.061305266119582
2025-03-19,2025-03-17,1742256000000000000,1742342400000000000,1742428800000000000,1742256000000000000,0,-75.06888980746118,487.3430243250707,0.04994134681447848,15.488796312983668
2025-03-20,2025-03-18,1742342400000000000,1742428800000000000,1742515200000000000,1742342400000000000,0,-54.95662525769398,-306.6307426907483,-0.030197730624797137,15.08829926000962
2025-03-21,2025-03-19,1742428800000000000,1742515200000000000,1742601600000000000,1742428800000000000,0,19.230640087171246,-15.992905169850523,-0.0015980123333926288,15.768595130347284
2025-03-22,2025-03-20,1742515200000000000,1742601600000000000,1742688000000000000,1742515200000000000,0,106.4679195283408,-29.5600663481781,-0.0029516419489445944,15.40701064084173
2025-03-23,2025-03-21,1742601600000000000,1742688000000000000,1742774400000000000,1742601600000000000,0,-50.912045326469254,263.8888098095968,0.02674015056430301,15.44845043754862
2025-03-24,2025-03-22,1742688000000000000,1742774400000000000,1742860800000000000,1742688000000000000,0,-8.095377909026567,163.1162582836565,0.01644538669299811,15.390978809559831
2025-03-25,2025-03-23,1742774400000000000,1742860800000000000,1742947200000000000,1742774400000000000,0,93.53435375866293,-12.039497588543933,-0.0012032253021091455,15.56869902476904
2025-03-26,2025-03-24,1742860800000000000,1742947200000000000,1743033600000000000,1742860800000000000,0,108.1435061244471,-55.502645177246364,-0.005534890256506109,15.162218128122571
2025-03-27,2025-03-25,1742947200000000000,1743033600000000000,1743120000000000000,1742947200000000000,0,-50.440178828261324,37.0780041643374,0.003714682811951864,14.881759833643248
2025-03-28,2025-03-26,1743033600000000000,1743120000000000000,1743206400000000000,1743033600000000000,0,15.811051130377255,-327.151282624945,-0.0321857767578666,14.949637901592167
2025-03-29,2025-03-27,1743120000000000000,1743206400000000000,1743292800000000000,1743120000000000000,0,1.591800009243336,-212.5918418345377,-0.021034800610913673,14.775765253218777
2025-03-30,2025-03-28,1743206400000000000,1743292800000000000,1743379200000000000,1743206400000000000,0,-10.991369896342526,-31.329679374443504,-0.003128065314652262,14.274711335682307
2025-03-31,2025-03-29,1743292800000000000,1743379200000000000,1743465600000000000,1743292800000000000,0,-35.073100996193624,19.40100038638304,0.0019419832503944079,14.056177240878254
2025-04-01,2025-03-30,1743379200000000000,1743465600000000000,1743552000000000000,1743379200000000000,0,33.944369870174285,311.08294177873387,0.0315972138098124,14.007879191287604
2025-04-02,2025-03-31,1743465600000000000,1743552000000000000,1743638400000000000,1743465600000000000,0,-13.445165327604752,-315.1685733770288,-0.031025378016366068,14.445104115559005
2025-04-03,2025-04-01,1743552000000000000,1743638400000000000,1743724800000000000,1743552000000000000,0,114.77655307805894,84.0905997628593,0.008444515433802868,14.435961319503004
2025-04-04,2025-04-02,1743638400000000000,1743724800000000000,1743811200000000000,1743638400000000000,0,112.29230708408538,81.00200026060092,0.00813309540602325,14.743990470292413
2025-04-05,2025-04-03,1743724800000000000,1743811200000000000,1743897600000000000,1743724800000000000,0,-28.515991811466485,-42.03368759459135,-0.004194546969735313,15.133557613693807
2025-04-06,2025-04-04,1743811200000000000,1743897600000000000,1743984000000000000,1743811200000000000,0,-0.6084065718821474,-630.9499122461922,-0.061145713465215135,15.742020510017543
2025-04-07,2025-04-05,1743897600000000000,1743984000000000000,1744070400000000000,1743897600000000000,0,31.458089827907244,93.0554243469642,0.009348973607038236,15.401394205297784
2025-04-08,2025-04-06,1743984000000000000,1744070400000000000,1744156800000000000,1743984000000000000,0,57.29666687736249,-365.45314426559463,-0.03588559538492875,14.63209712415132
2025-04-09,2025-04-07,1744070400000000000,1744156800000000000,1744243200000000000,1744070400000000000,0,-94.56768066205802,792.271898213657,0.0824502158081466,14.802922540692258
2025-04-10,2025-04-08,1744156800000000000,1744243200000000000,1744329600000000000,1744156800000000000,0,-34.00539430515951,-370.8812786599812,-0.036408787630172745,13.894631126496245
2025-04-11,2025-04-09,1744243200000000000,1744329600000000000,1744416000000000000,1744243200000000000,0,55.907981377834574,468.2820277804306,0.047941960096624214,14.947710707001333
2025-04-12,2025-04-10,1744329600000000000,1744416000000000000,1744502400000000000,1744329600000000000,0,203.95899048556066,219.69726211469845,0.02221283774672056,13.916512758592887
2025-04-13,2025-04-11,1744416000000000000,1744502400000000000,1744588800000000000,1744416000000000000,0,-28.11744927169793,-179.48159615311206,-0.017788050716190384,14.649125874001271
2025-04-14,2025-04-12,1744502400000000000,1744588800000000000,1744675200000000000,1744502400000000000,0,88.35882881446793,98.7916790997592,0.009928127984718316,14.995696807156369
2025-04-15,2025-04-13,1744588800000000000,1744675200000000000,1744761600000000000,1744588800000000000,0,-2.4378735150269826,-112.6515660201265,-0.011201942320973268,14.743004437900225
2025-04-16,2025-04-14,1744675200000000000,1744761600000000000,1744848000000000000,1744675200000000000,0,34.74152323250557,46.08822254111565,0.004619459210398746,15.450915040717355
2025-04-17,2025-04-15,1744761600000000000,1744848000000000000,1744934400000000000,1744761600000000000,0,-15.990090218501553,108.59962702651274,0.010919146146905367,14.996127870286083
2025-04-18,2025-04-16,1744848000000000000,1744934400000000000,1745020800000000000,1744848000000000000,0,53.173388358446935,-55.86281579512135,-0.005570707322792634,14.88768778420252
2025-04-19,2025-04-17,1744934400000000000,1745020800000000000,1745107200000000000,1744934400000000000,0,32.21894506000907,71.04647531971361,0.00712994541560974,15.130796256624315
2025-04-20,2025-04-18,1745020800000000000,1745107200000000000,1745193600000000000,1745020800000000000,0,-48.098247888458644,12.010133935711636,0.0012017348989739052,14.732100916089331
2025-04-21,2025-04-19,1745107200000000000,1745193600000000000,1745280000000000000,1745107200000000000,0,27.166948007142416,270.66405439942093,0.02743602783964727,15.147191541947448
2025-04-22,2025-04-20,1745193600000000000,1745280000000000000,1745366400000000000,1745193600000000000,0,-20.40103609593728,655.2737009881098,0.06772196056913793,15.368482504832965
2025-04-23,2025-04-21,1745280000000000000,1745366400000000000,1745452800000000000,1745280000000000000,0,14.795469772002077,26.513628286356184,0.0026548807995121493,16.127713207611478
2025-04-24,2025-04-22,1745366400000000000,1745452800000000000,1745539200000000000,1745366400000000000,0,20.52325469650572,30.841141857941107,0.003088874958947496,17.065989242162583
2025-04-25,2025-04-23,1745452800000000000,1745539200000000000,1745625600000000000,1745452800000000000,0,125.24065415899588,69.79277255771385,0.007003689170739236,17.118105896825316
2025-04-26,2025-04-24,1745539200000000000,1745625600000000000,1745712000000000000,1745539200000000000,0,-17.080464325021335,-1.1285663183106742,-0.0001128502637609552,17.484781479684944
2025-04-27,2025-04-25,1745625600000000000,1745712000000000000,1745798400000000000,1745625600000000000,0,64.31765475602528,-93.29323861651935,-0.009285940736357134,17.672977532651156
2025-04-28,2025-04-26,1745712000000000000,1745798400000000000,1745884800000000000,1745712000000000000,0,34.2065870709819,133.7047739831472,0.013460261939050477,17.681718697949282
2025-04-29,2025-04-27,1745798400000000000,1745884800000000000,1745971200000000000,1745798400000000000,0,-57.043559058410125,-79.71384433910092,-0.007939697201950202,17.47679793036886
2025-04-30,2025-04-28,1745884800000000000,1745971200000000000,1746057600000000000,1745884800000000000,0,-48.827460358780165,-9.002869702098005,-0.0008998818334843284,17.53739648178104
2025-05-01,2025-04-29,1745971200000000000,1746057600000000000,1746144000000000000,1745971200000000000,0,-35.0341520300091,243.1544217222501,0.02461347321921581,17.49206442542214
2025-05-02,2025-04-30,1746057600000000000,1746144000000000000,1746230400000000000,1746057600000000000,0,0.6159122554263767,41.083530833269734,0.004116803934919755,17.288162403805376
2025-05-03,2025-05-01,1746144000000000000,1746230400000000000,1746316800000000000,1746144000000000000,0,63.26310286603376,-106.95245833927096,-0.010638255049974177,17.930570551292707
2025-05-04,2025-05-02,1746230400000000000,1746316800000000000,1746403200000000000,1746230400000000000,0,69.97278561222517,-166.0771917892881,-0.016470571298197845,17.957346001555173
2025-05-05,2025-05-03,1746316800000000000,1746403200000000000,1746489600000000000,1746316800000000000,0,-65.7340002648601,48.258586575876826,0.004837521867599337,17.69227484751532
2025-05-06,2025-05-04,1746403200000000000,1746489600000000000,1746576000000000000,1746403200000000000,0,-75.78067885495662,219.28792437757434,0.022170995574119168,17.644149138396433
2025-05-07,2025-05-05,1746489600000000000,1746576000000000000,1746662400000000000,1746489600000000000,0,41.832807679800084,20.269832486365164,0.0020290389679165077,17.65869161666832
2025-05-08,2025-05-06,1746576000000000000,1746662400000000000,1746748800000000000,1746576000000000000,0,16.91861646769747,622.4030897081844,0.06421805514760814,17.773959515410198
2025-05-09,2025-05-07,1746662400000000000,1746748800000000000,1746835200000000000,1746662400000000000,0,26.720720523566307,-28.08661540998581,-0.002804720941306238,18.268268470216775
2025-05-10,2025-05-08,1746748800000000000,1746835200000000000,1746921600000000000,1746748800000000000,1,105.77933883175486,176.87693367897714,0.017845046988020696,19.063166755728446
2025-05-11,2025-05-09,1746835200000000000,1746921600000000000,1747008000000000000,1746835200000000000,1,58.85787577869581,-66.1983153067692,-0.006597968715249425,18.90155982317496
2025-05-12,2025-05-10,1746921600000000000,1747008000000000000,1747094400000000000,1746921600000000000,1,-9.021566498625916,-128.23957677924932,-0.01274208110028996,19.071701547883396
2025-05-13,2025-05-11,1747008000000000000,1747094400000000000,1747180800000000000,1747008000000000000,1,10.782338437610793,126.86796194268246,0.012767615008738131,18.36136227768386
2025-05-14,2025-05-12,1747094400000000000,1747180800000000000,1747267200000000000,1747094400000000000,1,56.30598485358118,-57.40447834909493,-0.005724002946292384,18.346717706255824
2025-05-15,2025-05-13,1747180800000000000,1747267200000000000,1747353600000000000,1747180800000000000,1,-34.225773835642045,24.690329409397716,0.0024720835129090624,18.545628070681555
2025-05-16,2025-05-14,1747267200000000000,1747353600000000000,1747440000000000000,1747267200000000000,1,58.60442777450058,-28.935353660749545,-0.002889353127408567,18.71217757535341
2025-05-17,2025-05-15,1747353600000000000,1747440000000000000,1747526400000000000,1747353600000000000,0,-22.164263827493684,-32.64915065874072,-0.00325959102643536,18.950218505489357
2025-05-18,2025-05-16,1747440000000000000,1747526400000000000,1747612800000000000,1747440000000000000,0,11.850168648833655,317.57658737128827,0.03226731402600591,18.68965269002403
2025-05-19,2025-05-17,1747526400000000000,1747612800000000000,1747699200000000000,1747526400000000000,0,72.17514862591766,-83.05931879333451,-0.008271532931464431,18.73334111346245
2025-05-20,2025-05-18,1747612800000000000,1747699200000000000,1747785600000000000,1747612800000000000,0,33.33964490089288,120.16410380514905,0.012088897493723216,19.15435640065834
2025-05-21,2025-05-19,1747699200000000000,1747785600000000000,1747872000000000000,1747699200000000000,0,-15.420230154389778,258.12680835062105,0.026148713149274805,19.773416033423814
2025-05-22,2025-05-20,1747785600000000000,1747872000000000000,1747958400000000000,1747785600000000000,0,-44.85973195019304,185.4420225774508,0.018717213775237385,19.147116307965074
2025-05-23,2025-05-21,1747872000000000000,1747958400000000000,1748044800000000000,1747872000000000000,0,84.36236356614648,-399.83679903079974,-0.03919488054295839,19.974440105695003
2025-05-24,2025-05-22,1747958400000000000,1748044800000000000,1748131200000000000,1747958400000000000,0,-1.599418574899257,41.24978766099946,0.004133498201145391,20.14972281083278
2025-05-25,2025-05-23,1748044800000000000,1748131200000000000,1748217600000000000,1748044800000000000,0,-24.4550329227932,114.62249875908925,0.011528193174025425,19.60073583905517
2025-05-26,2025-05-24,1748131200000000000,1748217600000000000,1748304000000000000,1748131200000000000,0,-1.098082092011314,39.42341771370788,0.003950123022782526,19.99934555040365
2025-05-27,2025-05-25,1748217600000000000,1748304000000000000,1748390400000000000,1748217600000000000,0,-25.3198862619082,-45.48281791389211,-0.004537954021564317,20.11425532749155
2025-05-28,2025-05-26,1748304000000000000,1748390400000000000,1748476800000000000,1748304000000000000,0,49.9827762862441,-106.718460844975,-0.010615103962183348,20.18046266966444
2025-05-29,2025-05-27,1748390400000000000,1748476800000000000,1748563200000000000,1748390400000000000,0,20.140837560394683,-205.4732532520838,-0.02033766746104948,20.101069611095053
2025-05-30,2025-05-28,1748476800000000000,1748563200000000000,1748649600000000000,1748476800000000000,0,0.6075828649539687,-153.10124324823573,-0.015193520204375921,20.393585263237533
2025-05-31,2025-05-29,1748563200000000000,1748649600000000000,1748736000000000000,1748563200000000000,0,-26.274746692132005,58.14741712088358,0.005831680137619255,19.846329647006986
2025-06-01,2025-05-30,1748649600000000000,1748736000000000000,1748822400000000000,1748649600000000000,0,-27.763739772361962,99.9890319604234,0.0100490592577549,19.229303845973398
2025-06-02,2025-05-31,1748736000000000000,1748822400000000000,1748908800000000000,1748736000000000000,0,20.801082703073124,20.33750623507807,0.002035820097000318,19.219611483531526
2025-06-03,2025-06-01,1748822400000000000,1748908800000000000,1748995200000000000,1748822400000000000,0,-51.35435734769263,-45.551263722876485,-0.004544767518751547,19.45345778343238
2025-06-04,2025-06-02,1748908800000000000,1748995200000000000,1749081600000000000,1748908800000000000,0,20.070211310159902,-64.74320023828908,-0.00645340677131323,19.216291356689815
2025-06-05,2025-06-03,1748995200000000000,1749081600000000000,1749168000000000000,1748995200000000000,0,65.68663846064614,-309.24716397298556,-0.03045143856272292,18.408949534848155
2025-06-06,2025-06-04,1749081600000000000,1749168000000000000,1749254400000000000,1749081600000000000,0,-26.59643270072509,270.16015263381837,0.027384256461195466,17.508059281866256
2025-06-07,2025-06-05,1749168000000000000,1749254400000000000,1749340800000000000,1749168000000000000,0,-10.53558803117053,120.44717736055014,0.012117547459483236,17.125916039722117
2025-06-08,2025-06-06,1749254400000000000,1749340800000000000,1749427200000000000,1749254400000000000,0,112.76420225905515,17.214572398925068,0.0017229397980049743,17.13266258273373
2025-06-09,2025-06-07,1749340800000000000,1749427200000000000,1749513600000000000,1749340800000000000,0,-7.923654812901244,419.42001772458997,0.04283399447349079,17.37505871565677
2025-06-10,2025-06-08,1749427200000000000,1749513600000000000,1749600000000000000,1749427200000000000,0,24.402240328680847,1.0311175786527098,0.00010311707406529536,17.428915983924664
2025-06-11,2025-06-09,1749513600000000000,1749600000000000000,1749686400000000000,1749513600000000000,0,27.231981304985023,-148.84831477943078,-0.014774599977383618,18.106132831121265
2025-06-12,2025-06-10,1749600000000000000,1749686400000000000,1749772800000000000,1749600000000000000,0,52.31634183993386,-277.49386197380437,-0.027367908713441635,17.912539834093064
2025-06-13,2025-06-11,1749686400000000000,1749772800000000000,1749859200000000000,1749686400000000000,0,66.30564403287451,37.29607744577808,0.003736571386067755,17.98757456157807
2025-06-14,2025-06-12,1749772800000000000,1749859200000000000,1749945600000000000,1749772800000000000,0,-35.97101257803661,-61.656733905955065,-0.006146704631496025,17.42772896309315
2025-06-15,2025-06-13,1749859200000000000,1749945600000000000,1750032000000000000,1749859200000000000,0,60.835391973033715,17.003098519311816,0.0017017561983569962,17.46861629430464
2025-06-16,2025-06-14,1749945600000000000,1750032000000000000,1750118400000000000,1749945600000000000,0,-42.92079035426272,113.04967105170968,0.011369109727993987,17.330004377842947
2025-06-17,2025-06-15,1750032000000000000,1750118400000000000,1750204800000000000,1750032000000000000,0,4.462571922601853,-212.30091356166642,-0.02100631933114927,17.33957531371325
2025-06-18,2025-06-16,1750118400000000000,1750204800000000000,1750291200000000000,1750118400000000000,0,53.24523406315214,32.049613860299694,0.0032101027659470205,17.253409602795557
2025-06-19,2025-06-17,1750204800000000000,1750291200000000000,1750377600000000000,1750204800000000000,0,4.681682341021325,-21.780493582167264,-0.002175679129850394,17.132346370649923
2025-06-20,2025-06-18,1750291200000000000,1750377600000000000,1750464000000000000,1750291200000000000,0,68.86900099658767,-130.85707418295283,-0.01300046178722647,17.29688416996876
2025-06-21,2025-06-19,1750377600000000000,1750464000000000000,1750550400000000000,1750377600000000000,0,-6.141892964272394,-114.69033018048489,-0.011403514376563728,17.548994919486674
2025-06-22,2025-06-20,1750464000000000000,1750550400000000000,1750636800000000000,1750464000000000000,0,-24.99710795225014,-113.86058150357384,-0.011321482310716391,17.156805998709387
2025-06-23,2025-06-21,1750550400000000000,1750636800000000000,1750723200000000000,1750550400000000000,0,28.161063014264784,423.7295432495915,0.04328350329677355,17.02392808308519
2025-06-24,2025-06-22,1750636800000000000,1750723200000000000,1750809600000000000,1750636800000000000,0,-4.744139652760847,70.86122184764345,0.007111288156504969,16.921885799638698
2025-06-25,2025-06-23,1750723200000000000,1750809600000000000,1750896000000000000,1750723200000000000,1,25.871584591334724,117.8505670593411,0.011854774091984543,17.39933552220242
2025-06-26,2025-06-24,1750809600000000000,1750896000000000000,1750982400000000000,1750809600000000000,1,58.369001693461826,-36.72917617079883,-0.003666180705732991,17.401958488474236
2025-06-27,2025-06-25,1750896000000000000,1750982400000000000,1751068800000000000,1750896000000000000,1,55.85105315229114,9.394628519029482,0.0009399042853539541,17.678184399425202
2025-06-28,2025-06-26,1750982400000000000,1751068800000000000,1751155200000000000,1750982400000000000,1,18.09247840120036,23.253245447281138,0.0023280302086230442,17.140062638125723
2025-06-29,2025-06-27,1751068800000000000,1751155200000000000,1751241600000000000,1751068800000000000,1,71.49783994322385,98.3195226177919,0.009880444699230884,17.67128480119201
2025-06-30,2025-06-28,1751155200000000000,1751241600000000000,1751328000000000000,1751155200000000000,1,-10.879014873767165,-112.33535100704724,-0.011170674547534731,17.714243066760275
2025-07-01,2025-06-29,1751241600000000000,1751328000000000000,1751414400000000000,1751241600000000000,2,-2.507956394215082,-137.70797413229724,-0.013676413725467906,17.878567496928973
2025-07-02,2025-06-30,1751328000000000000,1751414400000000000,1751500800000000000,1751328000000000000,1,-44.64026080777825,295.40668208125635,0.029981322114931874,17.764845720228056
2025-07-03,2025-07-01,1751414400000000000,1751500800000000000,1751587200000000000,1751414400000000000,1,-64.19557029531926,67.31383981978067,0.006754090667681956,17.702175941027516
2025-07-04,2025-07-02,1751500800000000000,1751587200000000000,1751673600000000000,1751500800000000000,1,46.04067414404417,-147.1302184791367,-0.01460531422386524,18.092444836136075
2025-07-05,2025-07-03,1751587200000000000,1751673600000000000,1751760000000000000,1751587200000000000,1,68.93576667141,19.786078742046065,0.001980566610408463,18.23795534303539
2025-07-06,2025-07-04,1751673600000000000,1751760000000000000,1751846400000000000,1751673600000000000,1,-26.68238661650883,92.52328069192058,0.009295263170931323,17.984164976616572
2025-07-07,2025-07-05,1751760000000000000,1751846400000000000,1751932800000000000,1751760000000000000,1,83.0476571219973,-86.53421254843792,-0.008616088169052682,18.062427110799433
2025-07-08,2025-07-06,1751846400000000000,1751932800000000000,1752019200000000000,1751846400000000000,0,8.398555563102303,60.782209244864184,0.006096730792642502,18.05645882682201
2025-07-09,2025-07-07,1751932800000000000,1752019200000000000,1752105600000000000,1751932800000000000,0,-56.85432588330319,209.94971709299108,0.021216916649092976,18.364135953949656
2025-07-10,2025-07-08,1752019200000000000,1752105600000000000,1752192000000000000,1752019200000000000,0,44.30392412717154,420.40390008266843,0.04293660211805728,18.424129282862395
2025-07-11,2025-07-09,1752105600000000000,1752192000000000000,1752278400000000000,1752105600000000000,0,-20.34301099924548,129.9722964952155,0.013082060763549785,18.65934323373129
2025-07-12,2025-07-10,1752192000000000000,1752278400000000000,1752364800000000000,1752192000000000000,0,109.89877802625415,-9.164595002588142,-0.000916039679510372,19.309915103290248
2025-07-13,2025-07-11,1752278400000000000,1752364800000000000,1752451200000000000,1752278400000000000,0,-83.98001766354766,140.94128762483953,0.014193919264179788,19.448231325876556
2025-07-14,2025-07-12,1752364800000000000,1752451200000000000,1752537600000000000,1752364800000000000,0,54.007217005869364,63.159033400840464,0.006335890714870285,19.416889380214744
2025-07-15,2025-07-13,1752451200000000000,1752537600000000000,1752624000000000000,1752451200000000000,0,39.270508325799874,-175.34932238785126,-0.017382089977926563,19.648591935887346
2025-07-16,2025-07-14,1752537600000000000,1752624000000000000,1752710400000000000,1752537600000000000,0,3.13297885471421,73.80764177522164,0.007408069153301389,19.76042561316764
2025-07-17,2025-07-15,1752624000000000000,1752710400000000000,1752796800000000000,1752624000000000000,0,-25.329722340512465,46.013671981444325,0.004611969744021893,19.2896868560906
2025-07-18,2025-07-16,1752710400000000000,1752796800000000000,1752883200000000000,1752710400000000000,0,-12.221770484584955,-105.6700950065718,-0.010511374792368633,19.64039177075338
2025-07-19,2025-07-17,1752796800000000000,1752883200000000000,1752969600000000000,1752796800000000000,0,-13.017865217058933,-7.196153596326174,-0.0007193564985968903,19.70116613450678
2025-07-20,2025-07-18,1752883200000000000,1752969600000000000,1753056000000000000,1752883200000000000,0,-109.67469562094307,-48.90588055793391,-0.004878648601608138,19.59143297244207
2025-07-21,2025-07-19,1752969600000000000,1753056000000000000,1753142400000000000,1752969600000000000,0,-21.64379843914109,9.823331280831315,0.0009828157752975741,19.601510836341816
2025-07-22,2025-07-20,1753056000000000000,1753142400000000000,1753228800000000000,1753056000000000000,0,-43.46510094907258,216.9231857126572,0.021929307424171984,19.525164822763713
2025-07-23,2025-07-21,1753142400000000000,1753228800000000000,1753315200000000000,1753142400000000000,0,55.78547337046429,-100.40952704626135,-0.009990710639031786,19.480002764763658
2025-07-24,2025-07-22,1753228800000000000,1753315200000000000,1753401600000000000,1753228800000000000,0,-33.68673957947325,-35.00849516276867,-0.0034947286873926453,19.518164894565277
2025-07-25,2025-07-23,1753315200000000000,1753401600000000000,1753488000000000000,1753315200000000000,0,-84.03197998353295,-61.594067027136006,-0.006140476443578513,19.46645991244276
2025-07-26,2025-07-24,1753401600000000000,1753488000000000000,1753574400000000000,1753401600000000000,0,-84.11067388620111,25.95631902628258,0.0025990034716014687,19.47731991213045
2025-07-27,2025-07-25,1753488000000000000,1753574400000000000,1753660800000000000,1753488000000000000,0,-62.289916612728,126.0316708800504,0.012682921699704863,19.405201607683132
2025-07-28,2025-07-26,1753574400000000000,1753660800000000000,1753747200000000000,1753574400000000000,0,-14.547662529683986,-113.96890081404494,-0.011332191550246784,19.439575142901106
2025-07-29,2025-07-27,1753660800000000000,1753747200000000000,1753833600000000000,1753660800000000000,0,-32.054185472686,-9.454561843623395,-0.0009450093814860061,19.67633899184144
2025-07-30,2025-07-28,1753747200000000000,1753833600000000000,1753920000000000000,1753747200000000000,0,-85.05968213220346,-9.369313446390988,-0.0009364925615140685,19.456117622817548
2025-07-31,2025-07-29,1753833600000000000,1753920000000000000,1754006400000000000,1753833600000000000,0,14.049818451868433,-177.759924606477,-0.01761893152163818,19.553194856023456
2025-08-01,2025-07-30,1753920000000000000,1754006400000000000,1754092800000000000,1753920000000000000,0,23.424387805211957,-215.33431129962162,-0.021303242016283752,19.767095361378622
2025-08-02,2025-07-31,1754006400000000000,1754092800000000000,1754179200000000000,1754006400000000000,0,-20.357877457832124,-66.55672728976633,-0.006633572796393761,20.5849206823277
2025-08-03,2025-08-01,1754092800000000000,1754179200000000000,1754265600000000000,1754092800000000000,0,-20.05612612947085,146.63302809599617,0.014771336431612214,20.58612748248437
2025-08-04,2025-08-02,1754179200000000000,1754265600000000000,1754352000000000000,1754179200000000000,0,-21.2214033777055,73.8209604198553,0.0074094108852023055,20.468199430328333
2025-08-05,2025-08-03,1754265600000000000,1754352000000000000,1754438400000000000,1754265600000000000,0,17.53231861910846,-80.74576568790104,-0.008042064740672372,20.62536107963247
2025-08-06,2025-08-04,1754352000000000000,1754438400000000000,1754524800000000000,1754352000000000000,0,41.773695287534935,75.2894963418136,0.007557363439418818,20.76252570363989
2025-08-07,2025-08-05,1754438400000000000,1754524800000000000,1754611200000000000,1754438400000000000,0,0.6743392138274444,213.35268854990647,0.021564492987224293,20.68751085284984
2025-08-08,2025-08-06,1754524800000000000,1754611200000000000,1754697600000000000,1754524800000000000,0,-3.7948366799574984,-68.10114146606163,-0.006786977869283284,20.591913870515455
2025-08-09,2025-08-07,1754611200000000000,1754697600000000000,1754784000000000000,1754611200000000000,0,27.74732839808435,-18.228772606176666,-0.0018212168289383213,21.02524519934125
2025-08-10,2025-08-08,1754697600000000000,1754784000000000000,1754870400000000000,1754697600000000000,0,39.838157446614304,240.26111613835232,0.024317064113049458,20.994236578773688
2025-08-11,2025-08-09,1754784000000000000,1754870400000000000,1754956800000000000,1754784000000000000,0,-38.73274470613259,-51.11947512363978,-0.00509890374449673,20.991630391057114
2025-08-12,2025-08-10,1754870400000000000,1754956800000000000,1755043200000000000,1754870400000000000,0,-67.63572639106661,121.27185341402293,0.012201017811704906,21.28277011957221
2025-08-13,2025-08-11,1754956800000000000,1755043200000000000,1755129600000000000,1754956800000000000,0,-41.08011279852431,260.6410353546865,0.026406742665633143,21.20140120243367
2025-08-14,2025-08-12,1755043200000000000,1755129600000000000,1755216000000000000,1755043200000000000,0,-70.53726637657945,-414.90373665062253,-0.04064142959605355,20.540425835169017
2025-08-15,2025-08-13,1755129600000000000,1755216000000000000,1755302400000000000,1755129600000000000,0,-37.37579924226921,-80.8917675138155,-0.008056547401925185,21.117455227568406
2025-08-16,2025-08-14,1755216000000000000,1755302400000000000,1755388800000000000,1755216000000000000,0,-65.18856897692697,3.290691556334417,0.0003291233048274833,21.251630296080847
2025-08-17,2025-08-15,1755302400000000000,1755388800000000000,1755475200000000000,1755302400000000000,0,46.525941186969966,2.074232221011692,0.0002074447357851561,21.211810462685428
2025-08-18,2025-08-16,1755388800000000000,1755475200000000000,1755561600000000000,1755388800000000000,0,-8.693614053186568,-100.83975477294543,-0.010033302667407429,21.181466612916832
2025-08-19,2025-08-17,1755475200000000000,1755561600000000000,1755648000000000000,1755475200000000000,0,11.621025451866124,-292.82755733914837,-0.028858170279637996,21.1294252701553
2025-08-20,2025-08-18,1755561600000000000,1755648000000000000,1755734400000000000,1755561600000000000,0,-41.741003199161,123.11983191792203,0.012388087668480319,21.066704587941224
2025-08-21,2025-08-19,1755648000000000000,1755734400000000000,1755820800000000000,1755648000000000000,0,32.157596512075216,-156.21611436263532,-0.015500226960014296,20.67498905721969
2025-08-22,2025-08-20,1755734400000000000,1755820800000000000,1755907200000000000,1755734400000000000,0,49.91075270399627,386.73554942516853,0.039431111111111194,20.864900179835548
2025-08-23,2025-08-21,1755820800000000000,1755907200000000000,1755993600000000000,1755820800000000000,0,-83.54916462677176,-128.9266752939149,-0.012809913114866234,20.379506646423703
2025-08-24,2025-08-22,1755907200000000000,1755993600000000000,1756080000000000000,1755907200000000000,0,-45.11002375088339,-169.87749501884193,-0.016844271291461377,21.106141241325812
2025-08-25,2025-08-23,1755993600000000000,1756080000000000000,1756166400000000000,1755993600000000000,0,86.76865180265354,-302.48511573908587,-0.029795603434519924,20.930383280089565
2025-08-26,2025-08-24,1756080000000000000,1756166400000000000,1756252800000000000,1756080000000000000,1,-40.70496341946772,148.84678291290746,0.01499600679235824,20.724940659014074
2025-08-27,2025-08-25,1756166400000000000,1756252800000000000,1756339200000000000,1756166400000000000,1,167.90196626971007,-44.94655997296272,-0.004484570147495814,20.674255809050923
2025-08-28,2025-08-26,1756252800000000000,1756339200000000000,1756425600000000000,1756252800000000000,1,-9.986649804428126,116.59841291183426,0.011728082208833035,20.510573913125288
2025-08-29,2025-08-27,1756339200000000000,1756425600000000000,1756512000000000000,1756339200000000000,1,22.23365534090695,-379.28131382763524,-0.03721786777462999,20.242144498579727
2025-08-30,2025-08-28,1756425600000000000,1756512000000000000,1756598400000000000,1756425600000000000,1,-28.95003955877415,40.41834886721533,0.004050014117334522,20.245736839929027
2025-08-31,2025-08-29,1756512000000000000,1756598400000000000,1756684800000000000,1756512000000000000,1,19.300330609195257,-52.516746197566476,-0.005237908685213011,19.673791881463433
2025-09-01,2025-08-30,1756598400000000000,1756684800000000000,1756771200000000000,1756598400000000000,1,30.47422648791359,91.14029696686916,0.009155688930325256,19.751645871690382
2025-09-02,2025-08-31,1756684800000000000,1756771200000000000,1756857600000000000,1756684800000000000,0,43.25105537263763,181.66349113607845,0.01833236098652269,19.69506736254312
2025-09-03,2025-09-01,1756771200000000000,1756857600000000000,1756944000000000000,1756771200000000000,0,-25.045958886142195,41.77794097008134,0.004186533244648238,19.699189302970208
2025-09-04,2025-09-02,1756857600000000000,1756944000000000000,1757030400000000000,1756857600000000000,0,57.25778591910865,-87.65250730001704,-0.008726947912783722,19.721237797057864
2025-09-05,2025-09-03,1756944000000000000,1757030400000000000,1757116800000000000,1756944000000000000,0,10.847351486203774,-6.4022515852371304,-0.0006400202581267056,19.82369373717563
2025-09-06,2025-09-04,1757030400000000000,1757116800000000000,1757203200000000000,1757030400000000000,0,69.08262082732769,-42.74621110359063,-0.004265497921561612,19.991486938618397
2025-09-07,2025-09-05,1757116800000000000,1757203200000000000,1757289600000000000,1757116800000000000,0,-1.3382641465913032,85.79007407290824,0.00861591255234928,19.97616410477035
2025-09-08,2025-09-06,1757203200000000000,1757289600000000000,1757376000000000000,1757203200000000000,0,8.428980976322928,83.14288707187708,0.00834894839583633,19.91849288973884
2025-09-09,2025-09-07,1757289600000000000,1757376000000000000,1757462400000000000,1757289600000000000,0,-44.33724509150463,-46.40643937442546,-0.00462989278654935,20.21235532133842
2025-09-10,2025-09-08,1757376000000000000,1757462400000000000,1757548800000000000,1757376000000000000,1,53.08149466111975,214.07041093066906,0.021637815588457343,20.298735020132995
2025-09-11,2025-09-09,1757462400000000000,1757548800000000000,1757635200000000000,1757462400000000000,1,16.27305657359764,132.73138970620394,0.013361618111618068,20.278066092817152
2025-09-12,2025-09-10,1757548800000000000,1757635200000000000,1757721600000000000,1757548800000000000,1,68.02068695181163,47.2304485435957,0.004734216011074821,20.49729341866327
2025-09-13,2025-09-11,1757635200000000000,1757721600000000000,1757808000000000000,1757635200000000000,1,9.896653406284843,-9.581471038610216,-0.0009576882274934251,20.343023445604533
2025-09-14,2025-09-12,1757721600000000000,1757808000000000000,1757894400000000000,1757721600000000000,1,9.81081143241814,-56.25607702316823,-0.005609813602322822,20.468609303274754
2025-09-15,2025-09-13,1757808000000000000,1757894400000000000,1757980800000000000,1757808000000000000,1,5.351937970081369,7.085318805328954,0.000708782948538822,20.426273647626036
2025-09-16,2025-09-14,1757894400000000000,1757980800000000000,1758067200000000000,1757894400000000000,1,-20.198692566257186,124.0007484979025,0.012477274541912609,19.822415456470747
2025-09-17,2025-09-15,1757980800000000000,1758067200000000000,1758153600000000000,1757980800000000000,0,2.3056966317478818,-29.271589646013847,-0.002922879011851842,20.0837832233914
2025-09-18,2025-09-16,1758067200000000000,1758153600000000000,1758240000000000000,1758067200000000000,0,53.707555826610204,53.608125227341766,0.005375207389417991,20.29216623455949
2025-09-19,2025-09-17,1758153600000000000,1758240000000000000,1758326400000000000,1758153600000000000,0,-43.179824257858385,-123.86091633244656,-0.012309699724608936,20.072500368275808
2025-09-20,2025-09-18,1758240000000000000,1758326400000000000,1758412800000000000,1758240000000000000,0,14.280584463947836,4.603186638041979,0.00046042462669859674,20.334454626606348
2025-09-21,2025-09-19,1758326400000000000,1758412800000000000,1758499200000000000,1758326400000000000,0,11.963121688200616,-39.264218421890945,-0.003918723526854739,19.89741378077661
2025-09-22,2025-09-20,1758412800000000000,1758499200000000000,1758585600000000000,1758412800000000000,0,28.04525445826279,-226.5554900340918,-0.022400839209218093,19.89104501970837
2025-09-23,2025-09-21,1758499200000000000,1758585600000000000,1758672000000000000,1758499200000000000,1,-23.93054065739469,-58.06298169945148,-0.005789474198140687,19.85591082122253
2025-09-24,2025-09-22,1758585600000000000,1758672000000000000,1758758400000000000,1758585600000000000,1,-51.2412910583065,116.12880306608879,0.011680571577552534,19.703595483196562
2025-09-25,2025-09-23,1758672000000000000,1758758400000000000,1758844800000000000,1758672000000000000,1,93.04876994378539,-388.0370676588018,-0.03806048716668098,19.724170763663658
2025-09-26,2025-09-24,1758758400000000000,1758844800000000000,1758931200000000000,1758758400000000000,1,-18.877632822155963,59.36498269547894,0.0059541541962351285,20.15245381177509
2025-09-27,2025-09-25,1758844800000000000,1758931200000000000,1759017600000000000,1758844800000000000,1,54.5700625094779,-0.694091932618392,-6.940678449951498e-05,19.669508710576302
2025-09-28,2025-09-26,1758931200000000000,1759017600000000000,1759104000000000000,1758931200000000000,1,19.258770225369997,227.97309798723822,0.023059154464529552,19.699176194332992
2025-09-29,2025-09-27,1759017600000000000,1759104000000000000,1759190400000000000,1759017600000000000,1,27.13692240649008,189.69560359275027,0.01915062556635827,19.703168597882602
2025-09-30,2025-09-28,1759104000000000000,1759190400000000000,1759276800000000000,1759104000000000000,0,18.97919189057183,-23.03635209013669,-0.0023009838777163782,19.865997316873507
2025-10-01,2025-09-29,1759190400000000000,1759276800000000000,1759363200000000000,1759190400000000000,0,47.90708640471835,390.865883203372,0.03986051952784475,19.45378410747197
2025-10-02,2025-09-30,1759276800000000000,1759363200000000000,1759449600000000000,1759276800000000000,0,15.910138661462227,161.7904889913795,0.01631063841735636,19.473144731181414
2025-10-03,2025-10-01,1759363200000000000,1759449600000000000,1759536000000000000,1759363200000000000,0,58.00223003859148,140.29304555854725,0.014128177078860826,20.058066862924377
2025-10-04,2025-10-02,1759449600000000000,1759536000000000000,1759622400000000000,1759449600000000000,0,23.16318826006531,12.981599643717896,0.0012990029387507374,20.091296676273636
2025-10-05,2025-10-03,1759536000000000000,1759622400000000000,1759708800000000000,1759536000000000000,0,-54.9697071543443,88.7723166754168,0.008916751143200896,19.82938629380225
2025-10-06,2025-10-04,1759622400000000000,1759708800000000000,1759795200000000000,1759622400000000000,0,-40.83276239662035,94.8033153064547,0.00952541222095582,19.734377736204916
2025-10-07,2025-10-05,1759708800000000000,1759795200000000000,1759881600000000000,1759708800000000000,0,-37.80831256479877,-270.3981741505081,-0.026677514432625227,19.820055618850404
2025-10-08,2025-10-06,1759795200000000000,1759881600000000000,1759968000000000000,1759795200000000000,0,42.46851337998332,161.30649845068902,0.01626145113413524,18.584763233208513
2025-10-09,2025-10-07,1759881600000000000,1759968000000000000,1760054400000000000,1759881600000000000,0,-61.46235353042812,-134.19073884912186,-0.01332943949771781,17.84948474601084
2025-10-10,2025-10-08,1759968000000000000,1760054400000000000,1760140800000000000,1759968000000000000,0,-70.22130538863215,-758.5991699561683,-0.07305395314789509,17.84067685093829
2025-10-11,2025-10-09,1760054400000000000,1760140800000000000,1760227200000000000,1760054400000000000,0,-99.99509900712128,-190.68705820663746,-0.01888804817472467,17.79326168190423
2025-10-12,2025-10-10,1760140800000000000,1760227200000000000,1760313600000000000,1760140800000000000,13,-538.1749307657476,382.5243510591339,0.03899347820585586,16.837687221488878
2025-10-13,2025-10-11,1760227200000000000,1760313600000000000,1760400000000000000,1760227200000000000,13,462.9016342172887,18.006755202387783,0.0018022977099363402,16.49273273827015
2025-10-14,2025-10-12,1760313600000000000,1760400000000000000,1760486400000000000,1760313600000000000,13,-487.40884580450967,-187.37840025346537,-0.018563378080336146,16.84684457344311
2025-10-15,2025-10-13,1760400000000000000,1760486400000000000,1760572800000000000,1760400000000000000,14,1991.3094705689832,-202.4141434230504,-0.020037932150164806,16.8928247038768
2025-10-16,2025-10-14,1760486400000000000,1760572800000000000,1760659200000000000,1760486400000000000,14,835.4367336443338,-234.66903919249899,-0.023193697405855085,16.563501304631604
2025-10-17,2025-10-15,1760572800000000000,1760659200000000000,1760745600000000000,1760572800000000000,14,-658.1107005746078,-164.25130572556685,-0.016290973634740635,15.967483294575016
2025-10-18,2025-10-16,1760659200000000000,1760745600000000000,1760832000000000000,1760659200000000000,14,797.7534924712766,70.53036521708493,0.007077967762981974,15.82984430619967
2025-10-19,2025-10-17,1760745600000000000,1760832000000000000,1760918400000000000,1760745600000000000,1,-90.85859776755184,135.08847066734702,0.013600503801838082,15.690197946716024
2025-10-20,2025-10-18,1760832000000000000,1760918400000000000,1761004800000000000,1760832000000000000,1,-88.82666532326655,172.407254977727,0.017390204612787397,15.650373659503241
2025-10-21,2025-10-19,1760918400000000000,1761004800000000000,1761091200000000000,1760918400000000000,1,-49.76285013572627,-204.22338912287677,-0.020215215327964886,15.859628045581774
2025-10-22,2025-10-20,1761004800000000000,1761091200000000000,1761177600000000000,1761004800000000000,0,29.380588109983933,-67.65454456481001,-0.006742620292996215,16.087420640073685
2025-10-23,2025-10-21,1761091200000000000,1761177600000000000,1761264000000000000,1761091200000000000,0,44.22821568988021,230.72838793805818,0.02334107576223099,15.661012654884843
2025-10-24,2025-10-22,1761177600000000000,1761264000000000000,1761350400000000000,1761177600000000000,0,51.89508489074264,83.83413019510645,0.008418652232562884,15.477287307563488
2025-10-25,2025-10-23,1761264000000000000,1761350400000000000,1761436800000000000,1761264000000000000,0,33.91136398004511,57.61225274615043,0.00577785304973033,15.383532270297607
2025-10-26,2025-10-24,1761350400000000000,1761436800000000000,1761523200000000000,1761350400000000000,0,-30.41173707177292,257.579833026394,0.026092586881764968,15.273631919541824
2025-10-27,2025-10-25,1761436800000000000,1761523200000000000,1761609600000000000,1761436800000000000,0,45.69801430602483,-39.51251988409566,-0.003943456063539519,15.418915558708871
2025-10-28,2025-10-26,1761523200000000000,1761609600000000000,1761696000000000000,1761523200000000000,0,6.241977131172298,-106.53647548489798,-0.010597098441690767,15.804536379616712
2025-10-29,2025-10-27,1761609600000000000,1761696000000000000,1761782400000000000,1761609600000000000,0,68.74614518209235,-258.1467011155766,-0.025484320243928993,15.978237717209318
2025-10-30,2025-10-28,1761696000000000000,1761782400000000000,1761868800000000000,1761696000000000000,0,77.5185882637289,-155.5767902930292,-0.015437283507829913,16.18367986790888
2025-10-31,2025-10-29,1761782400000000000,1761868800000000000,1761955200000000000,1761782400000000000,0,28.04576659709235,117.94151403371092,0.011863976646852237,14.94154597117119
2025-11-01,2025-10-30,1761868800000000000,1761955200000000000,1762041600000000000,1761868800000000000,0,90.33304926017286,44.61330755654716,0.004471297307560018,15.365065896140782
2025-11-02,2025-10-31,1761955200000000000,1762041600000000000,1762128000000000000,1761955200000000000,0,28.468912521532395,40.11901929273952,0.004019960380787557,15.356894018702565
2025-11-03,2025-11-01,1762041600000000000,1762128000000000000,1762214400000000000,1762041600000000000,0,1.0897533252360887,-364.5919500945727,-0.03580256283907757,15.436908087132302
2025-11-04,2025-11-02,1762128000000000000,1762214400000000000,1762300800000000000,1762128000000000000,0,-34.10441461412242,-488.92985991439605,-0.04771696812954784,15.193096500093276
2025-11-05,2025-11-03,1762214400000000000,1762300800000000000,1762387200000000000,1762214400000000000,0,75.17269424110826,232.54550791116785,0.023527046009038877,14.64916097710871
2025-11-06,2025-11-04,1762300800000000000,1762387200000000000,1762473600000000000,1762300800000000000,0,-3.3515398748318734,-247.4525864647728,-0.024441604556416086,14.617854790525048
2025-11-07,2025-11-05,1762387200000000000,1762473600000000000,1762560000000000000,1762387200000000000,0,76.56992920812846,194.7491732308384,0.019665790592311216,14.305211718863514
2025-11-08,2025-11-06,1762473600000000000,1762560000000000000,1762646400000000000,1762473600000000000,0,23.717593141793383,-99.79463525539883,-0.009929833908930319,14.001416023354674
2025-11-09,2025-11-07,1762560000000000000,1762646400000000000,1762732800000000000,1762560000000000000,0,33.281195745257726,232.82038152684777,0.0235551804536962,14.117587399139632
2025-11-10,2025-11-08,1762646400000000000,1762732800000000000,1762819200000000000,1762646400000000000,0,-33.94961835712697,122.25797036032941,0.012300837590996094,13.952922370366878
2025-11-11,2025-11-09,1762732800000000000,1762819200000000000,1762905600000000000,1762732800000000000,0,97.8418742593788,-282.4244883253124,-0.027847359046168085,14.403087896773831
2025-11-12,2025-11-10,1762819200000000000,1762905600000000000,1762992000000000000,1762819200000000000,0,60.82499913270081,-137.2310996293229,-0.013629377346956684,14.651094343613366
2025-11-13,2025-11-11,1762905600000000000,1762992000000000000,1763078400000000000,1762905600000000000,0,-8.719582596819162,-194.9279585151293,-0.01930403975746442,14.040520881463296
2025-11-14,2025-11-12,1762992000000000000,1763078400000000000,1763164800000000000,1762992000000000000,0,-5.8616610653607495,-524.9168485373687,-0.05113778904893396,13.83507988933233
2025-11-15,2025-11-13,1763078400000000000,1763164800000000000,1763251200000000000,1763078400000000000,0,29.230920515458756,105.39335034086594,0.010595069454722328,13.61050465716194
2025-11-16,2025-11-14,1763164800000000000,1763251200000000000,1763337600000000000,1763164800000000000,0,45.23102907320529,-140.61079772820526,-0.01396268451172189,12.523900409002097
2025-11-17,2025-11-15,1763251200000000000,1763337600000000000,1763424000000000000,1763251200000000000,0,12.094727591004933,-219.479790357053,-0.021708874624780328,12.396224998472523
2025-11-18,2025-11-16,1763337600000000000,1763424000000000000,1763510400000000000,1763337600000000000,0,-70.1690841102199,80.53896310369824,0.0080864161785148,12.015218358948598
2025-11-19,2025-11-17,1763424000000000000,1763510400000000000,1763596800000000000,1763424000000000000,0,20.279635147440203,-152.38773937443457,-0.015123251373723723,11.017739975606768
2025-11-20,2025-11-18,1763510400000000000,1763596800000000000,1763683200000000000,1763510400000000000,0,-56.890739017423954,-552.0993231572112,-0.05371352901033444,10.45255274868939
2025-11-21,2025-11-19,1763596800000000000,1763683200000000000,1763769600000000000,1763596800000000000,0,-53.88213369574041,-175.5682861861151,-0.01740360551735154,10.338344815261715
2025-11-22,2025-11-20,1763683200000000000,1763769600000000000,1763856000000000000,1763683200000000000,0,-44.28941981507371,-45.87891769946515,-0.004577383470955154,9.722649370995915
2025-11-23,2025-11-21,1763769600000000000,1763856000000000000,1763942400000000000,1763769600000000000,0,4.535407010675565,243.67389079106232,0.024666700102372374,9.1891347564491
2025-11-24,2025-11-22,1763856000000000000,1763942400000000000,1764028800000000000,1763856000000000000,0,7.518312636065367,167.88036787637094,0.01692974778302414,9.270668869127526
2025-11-25,2025-11-23,1763942400000000000,1764028800000000000,1764115200000000000,1763942400000000000,0,-32.36642883990584,-105.88589917535285,-0.010532728138988867,9.587648759893948
2025-11-26,2025-11-24,1764028800000000000,1764115200000000000,1764201600000000000,1764028800000000000,0,58.43872695748577,350.2151906970374,0.0356419946121076,10.658353569041104
2025-11-27,2025-11-25,1764115200000000000,1764201600000000000,1764288000000000000,1764115200000000000,0,-8.15258932363381,93.49310021307308,0.009393151342430572,10.429157353263765
2025-11-28,2025-11-26,1764201600000000000,1764288000000000000,1764374400000000000,1764201600000000000,0,43.783936769809046,-48.64664293053885,-0.00485285097741317,10.46251395243456
2025-11-29,2025-11-27,1764288000000000000,1764374400000000000,1764460800000000000,1764288000000000000,0,14.209006810744237,-9.716382477215612,-0.0009711663601263965,10.54348464802067
2025-11-30,2025-11-28,1764374400000000000,1764460800000000000,1764547200000000000,1764374400000000000,0,29.863105685373192,-48.84355224657612,-0.004872446158935895,10.832084813036174
2025-12-01,2025-11-29,1764460800000000000,1764547200000000000,1764633600000000000,1764460800000000000,1,-20.08475663719955,-461.34326242286943,-0.04508631639150995,10.706146053784797
2025-12-02,2025-11-30,1764547200000000000,1764633600000000000,1764720000000000000,1764547200000000000,1,-20.511732318751744,562.410040171468,0.05785259974357393,10.940247472201738
2025-12-03,2025-12-01,1764633600000000000,1764720000000000000,1764806400000000000,1764633600000000000,1,10.045934597417125,233.03477601614594,0.023577125147954625,9.86634922787743
2025-12-04,2025-12-02,1764720000000000000,1764806400000000000,1764892800000000000,1764720000000000000,1,29.12260083645609,-145.75262088996607,-0.014469557138797606,10.779960328247165
2025-12-05,2025-12-03,1764806400000000000,1764892800000000000,1764979200000000000,1764806400000000000,1,34.31581064918127,-302.9887006416205,-0.029844460232980596,10.65231542562497
2025-12-06,2025-12-04,1764892800000000000,1764979200000000000,1765065600000000000,1764892800000000000,1,-50.62724466711606,-10.44314929624172,-0.0010437698225590486,10.386458567580343
2025-12-07,2025-12-05,1764979200000000000,1765065600000000000,1765152000000000000,1764979200000000000,1,87.91808579242574,128.9898558459305,0.012982536352715623,9.927900218559893
2025-12-08,2025-12-06,1765065600000000000,1765152000000000000,1765238400000000000,1765065600000000000,0,9.274771387438514,26.40784120206342,0.002644274061975871,9.998546366749968
2025-12-09,2025-12-07,1765152000000000000,1765238400000000000,1765324800000000000,1765152000000000000,0,-19.334528144600057,223.06579335864726,0.02255723133668397,10.408824571592763
2025-12-10,2025-12-08,1765238400000000000,1765324800000000000,1765411200000000000,1765238400000000000,0,61.93846021560617,-71.84122612506992,-0.007158378490185524,10.25663846470177
2025-12-11,2025-12-09,1765324800000000000,1765411200000000000,1765497600000000000,1765324800000000000,0,-14.449096775520742,53.97545716338874,0.005412138709854908,10.916326163820452
2025-12-12,2025-12-10,1765411200000000000,1765497600000000000,1765584000000000000,1765411200000000000,0,74.93838253028977,-245.65495815246456,-0.02426621965384912,10.515847898100949
2025-12-13,2025-12-11,1765497600000000000,1765584000000000000,1765670400000000000,1765497600000000000,0,-27.15165792614099,-3.1499914142594094,-0.0003149495344052511,10.873250640204992
2025-12-14,2025-12-12,1765584000000000000,1765670400000000000,1765756800000000000,1765584000000000000,0,30.120365221761247,-231.8152082227215,-0.02291489361702126,10.6936362444042
2025-12-15,2025-12-13,1765670400000000000,1765756800000000000,1765843200000000000,1765670400000000000,0,-44.87667105107668,-199.32363734582506,-0.019735027473524513,10.664824896006845
2025-12-16,2025-12-14,1765756800000000000,1765843200000000000,1765929600000000000,1765756800000000000,0,-85.99931723695875,164.2477397355569,0.01656040210995724,10.292611147135933
2025-12-17,2025-12-15,1765843200000000000,1765929600000000000,1766016000000000000,1765843200000000000,0,-25.276151768374703,-186.12117089321256,-0.018439981229961044,9.39911611844737
2025-12-18,2025-12-16,1765929600000000000,1766016000000000000,1766102400000000000,1765929600000000000,0,63.693124493574146,-84.63272726024888,-0.008427560053119398,9.387978454615721
2025-12-19,2025-12-17,1766016000000000000,1766102400000000000,1766188800000000000,1766016000000000000,0,-12.483617134857159,301.8356742497504,0.03064370920154391,9.798000557182093
2025-12-20,2025-12-18,1766102400000000000,1766188800000000000,1766275200000000000,1766102400000000000,0,119.70360587065254,25.378225005334652,0.0025410454979439834,9.258969825619353
2025-12-21,2025-12-19,1766188800000000000,1766275200000000000,1766361600000000000,1766188800000000000,0,21.597927916972562,33.66406639876236,0.0033720793504727897,9.683605967949331
2025-12-22,2025-12-20,1766275200000000000,1766361600000000000,1766448000000000000,1766275200000000000,1,42.722915764808455,-4.296037186180215,-0.0004295114521536414,9.775354379311397
2025-12-23,2025-12-21,1766361600000000000,1766448000000000000,1766534400000000000,1766361600000000000,1,63.11885418393881,-128.8769963566688,-0.012805008847246668,9.835030280605443
2025-12-24,2025-12-22,1766448000000000000,1766534400000000000,1766620800000000000,1766448000000000000,1,-33.03005340347475,20.945974280648457,0.0020967926296779904,8.897214615745456
2025-12-25,2025-12-23,1766534400000000000,1766620800000000000,1766707200000000000,1766534400000000000,1,33.65397699010069,-50.792954794007365,-0.005066417670741341,8.969873030022253
2025-12-26,2025-12-24,1766620800000000000,1766707200000000000,1766793600000000000,1766620800000000000,1,-50.10015542976789,16.528557328896802,0.0016542224518192317,8.834939908458034
2025-12-27,2025-12-25,1766707200000000000,1766793600000000000,1766880000000000000,1766707200000000000,1,52.71552300386186,57.91171229783199,0.0058079724792021725,8.858637122677148
2025-12-28,2025-12-26,1766793600000000000,1766880000000000000,1766966400000000000,1766793600000000000,1,-2.466992005118394,8.61174197227734,0.0008615451141937847,10.000170700555627
2025-12-29,2025-12-27,1766880000000000000,1766966400000000000,1767052800000000000,1766880000000000000,0,99.21159788872006,-81.6924063180667,-0.008135963064696994,10.059935200951356
2025-12-30,2025-12-28,1766966400000000000,1767052800000000000,1767139200000000000,1766966400000000000,0,-113.2220777868485,142.08653743477655,0.014310076454830511,10.44149406513717
2025-12-31,2025-12-29,1767052800000000000,1767139200000000000,1767225600000000000,1767052800000000000,0,105.38896533531116,-95.07507757215456,-0.00946245430042203,10.068134800261042
2026-01-01,2025-12-30,1767139200000000000,1767225600000000000,1767312000000000000,1767139200000000000,0,-4.575735822395991,134.95116562468948,0.013586586651341825,10.062126169023667
2026-01-02,2025-12-31,1767225600000000000,1767312000000000000,1767398400000000000,1767225600000000000,0,122.3685947403308,129.2936328452017,0.013013308899633591,10.046945201645153
2026-01-03,2026-01-01,1767312000000000000,1767398400000000000,1767484800000000000,1767312000000000000,0,-57.538999983650285,70.07657544163757,0.0070322686313948335,10.718458342759918
2026-01-04,2026-01-02,1767398400000000000,1767484800000000000,1767571200000000000,1767398400000000000,0,82.72898279553561,99.00620377566213,0.009949793667542783,10.787640294619782
2026-01-05,2026-01-03,1767484800000000000,1767571200000000000,1767657600000000000,1767484800000000000,0,-7.732705928915388,251.37273859479973,0.025455879149225202,10.873346306986921
2026-01-06,2026-01-04,1767571200000000000,1767657600000000000,1767744000000000000,1767571200000000000,0,-23.43354424282106,-11.912093706725466,-0.0011905001624232803,11.050937932576941
2026-01-07,2026-01-05,1767657600000000000,1767744000000000000,1767830400000000000,1767657600000000000,0,99.68316414712923,-257.567322610849,-0.02542785726453589,12.097759165483653
2026-01-08,2026-01-06,1767744000000000000,1767830400000000000,1767916800000000000,1767744000000000000,0,59.96640219821695,-28.954747557525195,-0.0028912869116293205,11.96490322428085
2026-01-09,2026-01-07,1767830400000000000,1767916800000000000,1768003200000000000,1767830400000000000,0,47.799638972691405,-50.48176170358605,-0.005035455543358935,11.538568959371943
2026-01-10,2026-01-08,1767916800000000000,1768003200000000000,1768089600000000000,1767916800000000000,0,40.63437744334095,-15.078450365241633,-0.001506708809353663,11.541338565550427
2026-01-11,2026-01-09,1768003200000000000,1768089600000000000,1768176000000000000,1768003200000000000,0,63.38460997202115,56.07822082567896,0.005623575350230503,10.832647149631061
2026-01-12,2026-01-10,1768089600000000000,1768176000000000000,1768262400000000000,1768089600000000000,5,-57.18113288653945,30.995605635730428,0.0031043691683203534,10.71238289411984
2026-01-13,2026-01-11,1768176000000000000,1768262400000000000,1768348800000000000,1768176000000000000,5,47.49651472392284,441.16047699946296,0.0451036297239098,10.82074193670893
2026-01-14,2026-01-12,1768262400000000000,1768348800000000000,1768435200000000000,1768262400000000000,5,4.768129841802858,159.885280943721,0.016117028540573397,10.446693922270384
2026-01-15,2026-01-13,1768348800000000000,1768435200000000000,1768521600000000000,1768348800000000000,5,74.39428355611894,-139.90608900299466,-0.013893195153302007,11.182014063619043
2026-01-16,2026-01-14,1768435200000000000,1768521600000000000,1768608000000000000,1768435200000000000,5,-14.223897379385235,-5.636241800320242,-0.0005634653737609518,11.524216835212263
2026-01-17,2026-01-15,1768521600000000000,1768608000000000000,1768694400000000000,1768521600000000000,5,-26.97869853275507,-42.283516305704545,-0.00421942473825998,11.163806798373065
2026-01-18,2026-01-16,1768608000000000000,1768694400000000000,1768780800000000000,1768608000000000000,5,-38.39641100652905,-156.19668190674642,-0.015498313833314237,11.117916591745114
2026-01-19,2026-01-17,1768694400000000000,1768780800000000000,1768867200000000000,1768694400000000000,0,-19.67963079548764,-111.8773770691291,-0.011125387704522316,11.120069115860197
2026-01-20,2026-01-18,1768780800000000000,1768867200000000000,1768953600000000000,1768780800000000000,0,-169.76340469542643,-464.38934261522013,-0.04537714646038005,11.041445294557967
2026-01-21,2026-01-19,1768867200000000000,1768953600000000000,1769040000000000000,1768867200000000000,0,41.20634959269504,115.47870630407164,0.01161480468893994,10.843432833857664
2026-01-22,2026-01-20,1768953600000000000,1769040000000000000,1769126400000000000,1768953600000000000,0,-53.57565833725631,11.72531440614466,0.0011732191243547518,10.065629548197498
2026-01-23,2026-01-21,1769040000000000000,1769126400000000000,1769212800000000000,1769040000000000000,0,15.120368746138627,4.530030618893371,0.0004531056832717262,9.826736662614795
2026-01-24,2026-01-22,1769126400000000000,1769212800000000000,1769299200000000000,1769126400000000000,0,-8.50381895812576,-41.931418022230886,-0.004184362857875601,9.54969956128018
2026-01-25,2026-01-23,1769212800000000000,1769299200000000000,1769385600000000000,1769212800000000000,0,-67.05595817548154,-290.53123136142034,-0.02863513885181046,8.99705177566303
2026-01-26,2026-01-24,1769299200000000000,1769385600000000000,1769472000000000000,1769299200000000000,3,112.08244974563411,191.61191027651142,0.019345944795891024,8.755789852775315
2026-01-27,2026-01-25,1769385600000000000,1769472000000000000,1769558400000000000,1769385600000000000,3,-42.67429103094145,101.68160763249367,0.010220032173106297,8.188801066743647
2026-01-28,2026-01-26,1769472000000000000,1769558400000000000,1769644800000000000,1769472000000000000,3,96.88084603383138,5.601792675289489,0.0005603361972363885,7.995881126813301
2026-01-29,2026-01-27,1769558400000000000,1769644800000000000,1769731200000000000,1769558400000000000,3,-2.267561389099205,-534.7448916924174,-0.05206987681970876,8.199501734376287
2026-01-30,2026-01-28,1769644800000000000,1769731200000000000,1769817600000000000,1769644800000000000,3,57.72233495294044,-46.13808166180351,-0.004603180903615556,7.628915773216809
2026-01-31,2026-01-29,1769731200000000000,1769817600000000000,1769904000000000000,1769731200000000000,3,85.02873967695409,-677.4793510107959,-0.06550400246853505,6.857051071603371
2026-02-01,2026-01-30,1769817600000000000,1769904000000000000,1769990400000000000,1769817600000000000,3,-36.3369272927872,-227.7264606033833,-0.02251530649178135,6.726691551319017
2026-02-02,2026-01-31,1769904000000000000,1769990400000000000,1770076800000000000,1769904000000000000,0,27.74378018327137,227.40895936351484,0.023001441374115306,5.907809070222867
2026-02-03,2026-02-01,1769990400000000000,1770076800000000000,1770163200000000000,1769990400000000000,1,52.234769560071946,-384.28297837056783,-0.03769929869212807,5.455247863571633
2026-02-04,2026-02-02,1770076800000000000,1770163200000000000,1770249600000000000,1770076800000000000,1,52.34043138886924,-349.7656210708602,-0.03437195172086771,5.871584310666093
2026-02-05,2026-02-03,1770163200000000000,1770249600000000000,1770336000000000000,1770163200000000000,1,-52.768970286277316,-1510.2557824214516,-0.140174294452165,5.203032591848723
2026-02-06,2026-02-04,1770249600000000000,1770336000000000000,1770422400000000000,1770249600000000000,1,115.04029292019257,1150.4743486776786,0.12192665475226683,4.823328688286986
2026-02-07,2026-02-05,1770336000000000000,1770422400000000000,1770508800000000000,1770336000000000000,5,2.6652408295955774,-184.58998626588948,-0.01828967476175347,2.8604771909549016
2026-02-08,2026-02-06,1770422400000000000,1770508800000000000,1770595200000000000,1770422400000000000,6,208.20957184697374,149.1235002814769,0.015024093883376555,4.621206745962368
2026-02-09,2026-02-07,1770508800000000000,1770595200000000000,1770681600000000000,1770508800000000000,6,29.64056465889033,-27.39123499286333,-0.0027353755233514576,4.137060308391736
2026-02-10,2026-02-08,1770595200000000000,1770681600000000000,1770768000000000000,1770595200000000000,5,-54.353771108557446,-186.61164894451375,-0.018488123413841318,4.30235574860684
2026-02-11,2026-02-09,1770681600000000000,1770768000000000000,1770854400000000000,1770681600000000000,5,41.37950100616443,-258.8006167780394,-0.025548043267062948,3.539155196333396
2026-02-12,2026-02-10,1770768000000000000,1770854400000000000,1770940800000000000,1770768000000000000,5,-45.133635919983845,-121.53452937677535,-0.01207989801217968,2.63441524663846
2026-02-13,2026-02-11,1770854400000000000,1770940800000000000,1771027200000000000,1770854400000000000,5,11.988740000544132,382.17834699666497,0.03895752923135021,1.0062153638283893
2026-02-14,2026-02-12,1770940800000000000,1771027200000000000,1771113600000000000,1770940800000000000,1,94.73783069390319,139.7472397334103,0.014072826882749023,1.1309679480674049
2026-02-15,2026-02-13,1771027200000000000,1771113600000000000,1771200000000000000,1771027200000000000,0,57.7886468849714,-142.85284425600867,-0.014183733884594485,1.3811840165196496
2026-02-16,2026-02-14,1771113600000000000,1771200000000000000,1771286400000000000,1771113600000000000,0,72.67912353858245,8.68977964432946,0.0008693556351722087,1.6671345428918583
2026-02-17,2026-02-15,1771200000000000000,1771286400000000000,1771372800000000000,1771200000000000000,0,-26.453600271517185,-203.665579406587,-0.02016056045635184,1.2147785012390167
2026-02-18,2026-02-16,1771286400000000000,1771372800000000000,1771459200000000000,1771286400000000000,0,-13.708174241557744,-155.64435209118136,-0.015443935368111283,0.13209702606448137
2026-02-19,2026-02-17,1771372800000000000,1771459200000000000,1771545600000000000,1771372800000000000,0,-34.09826256367876,81.32980025301772,0.008166142549765887,0.8069794121790154
2026-02-20,2026-02-18,1771459200000000000,1771545600000000000,1771632000000000000,1771459200000000000,1,5.4275404040667095,150.53490095900784,0.015167364563137165,0.08178400584623306
2026-02-21,2026-02-19,1771545600000000000,1771632000000000000,1771718400000000000,1771545600000000000,1,-20.054042983096704,-6.481076535543075,-0.0006478976771538969,0.03779080035263048
2026-02-22,2026-02-20,1771632000000000000,1771718400000000000,1771804800000000000,1771632000000000000,1,115.6263905593108,-49.04030877783133,-0.004892025750879658,-0.021438798545408727
2026-02-23,2026-02-21,1771718400000000000,1771804800000000000,1771891200000000000,1771718400000000000,1,44.54455031499298,-451.68578046919026,-0.04416366477197542,-0.06933490282010622
2026-02-24,2026-02-22,1771804800000000000,1771891200000000000,1771977600000000000,1771804800000000000,2,51.38550846658908,-92.89798412564875,-0.00924678154436065,-0.2691490020077525
2026-02-25,2026-02-23,1771891200000000000,1771977600000000000,1772064000000000000,1771891200000000000,2,-30.03114862074478,595.4054276582258,0.06134879012272432,-1.5219774559023238
2026-02-26,2026-02-24,1771977600000000000,1772064000000000000,1772150400000000000,1771977600000000000,2,124.22917507629911,-74.2364095630033,-0.0073961537941084066,-1.5298967926948257
2026-02-27,2026-02-25,1772064000000000000,1772150400000000000,1772236800000000000,1772064000000000000,1,-75.50946755492177,-241.9333508500412,-0.023903022277925068,-1.0100689513529286
2026-02-28,2026-02-26,1772150400000000000,1772236800000000000,1772323200000000000,1772150400000000000,1,-27.598698650328036,165.78603937219205,0.016716791588061053,-0.787602086673061
2026-03-01,2026-02-27,1772236800000000000,1772323200000000000,1772409600000000000,1772236800000000000,1,11.571789699005192,-180.31107626542504,-0.017869519865092443,-0.7508350013596248
2026-03-02,2026-02-28,1772323200000000000,1772409600000000000,1772496000000000000,1772323200000000000,1,81.78457263259614,453.7824049938581,0.046423584843700905,0.35422406298000425
2026-03-03,2026-03-01,1772409600000000000,1772496000000000000,1772582400000000000,1772409600000000000,0,105.27521478832644,-71.74440969963308,-0.0071487661059718155,-0.5464289161271826
2026-03-04,2026-03-02,1772496000000000000,1772582400000000000,1772668800000000000,1772496000000000000,0,-142.68864687988366,614.1806898547155,0.06334337215848129,0.2504855324961073
2026-03-05,2026-03-03,1772582400000000000,1772668800000000000,1772755200000000000,1772582400000000000,0,105.23587188534869,-247.40427885695422,-0.024436891855796006,1.3773356882548091
2026-03-06,2026-03-04,1772668800000000000,1772755200000000000,1772841600000000000,1772668800000000000,0,-76.1420155510562,-399.6070257111519,-0.039172803551140944,0.9625306301715373
2026-03-07,2026-03-05,1772755200000000000,1772841600000000000,1772928000000000000,1772755200000000000,0,22.61575990810687,-125.74095363267338,-0.012495371731106153,1.1074801655129505
2026-03-08,2026-03-06,1772841600000000000,1772928000000000000,1773014400000000000,1772841600000000000,0,25.738395830608745,-193.9068716249424,-0.01920389706600567,0.9171224270923264
2026-03-09,2026-03-07,1772928000000000000,1773014400000000000,1773100800000000000,1772928000000000000,0,28.192288577605574,366.2460641351922,0.03730355064027946,0.6986251627182503
2026-03-10,2026-03-08,1773014400000000000,1773100800000000000,1773187200000000000,1773014400000000000,0,-46.97658745842787,219.18368894319804,0.022160340985875493,-0.2605569023267509
2026-03-11,2026-03-09,1773100800000000000,1773187200000000000,1773273600000000000,1773100800000000000,0,115.29477644148807,34.710914289940405,0.003477122643127828,-0.2932296316049304
2026-03-12,2026-03-10,1773187200000000000,1773273600000000000,1773360000000000000,1773187200000000000,0,103.79998521745395,49.66571049048208,0.0049789249066771735,-0.007876714805923089
2026-03-13,2026-03-11,1773273600000000000,1773360000000000000,1773446400000000000,1773273600000000000,0,41.58280789835819,54.94695256428071,0.005509818781440856,0.14478276099195825
2026-03-14,2026-03-12,1773360000000000000,1773446400000000000,1773532800000000000,1773360000000000000,0,40.057576740816906,39.67025215460814,0.0039749042753554065,-0.04742340211005438
2026-03-15,2026-03-13,1773446400000000000,1773532800000000000,1773619200000000000,1773446400000000000,0,21.03410653102148,222.64769873645938,0.02251447966247233,0.21478911534967646
2026-03-16,2026-03-14,1773532800000000000,1773619200000000000,1773705600000000000,1773532800000000000,0,-62.151513465584195,280.2378539046073,0.028420145505234196,0.3242616954242352
2026-03-17,2026-03-15,1773619200000000000,1773705600000000000,1773792000000000000,1773619200000000000,0,-45.36397818375257,-131.09583797549908,-0.013024027481192135,0.2984541754146601
2026-03-18,2026-03-16,1773705600000000000,1773792000000000000,1773878400000000000,1773705600000000000,0,65.85698342878744,-366.9321595628039,-0.03602817883578213,1.014975131384714
2026-03-19,2026-03-17,1773792000000000000,1773878400000000000,1773964800000000000,1773792000000000000,0,-33.67412720765771,-186.51512207883212,-0.018478649141607684,1.6994312662565212
2026-03-20,2026-03-18,1773878400000000000,1773964800000000000,1774051200000000000,1773878400000000000,0,-12.22373592697039,82.70012102845958,0.008304303116787759,1.0791081927298898
2026-03-21,2026-03-19,1773964800000000000,1774051200000000000,1774137600000000000,1773964800000000000,0,96.73196600246112,-228.45763534559154,-0.022586775090826627,0.2918663515348432
2026-03-22,2026-03-20,1774051200000000000,1774137600000000000,1774224000000000000,1774051200000000000,1,-72.12571039760273,-154.87110258322838,-0.015367801675379322,0.5447965107732964
2026-03-23,2026-03-21,1774137600000000000,1774224000000000000,1774310400000000000,1774137600000000000,3,63.676677461824966,439.29379576091355,0.044908560397294295,0.0044959678185199
2026-03-24,2026-03-22,1774224000000000000,1774310400000000000,1774396800000000000,1774224000000000000,3,127.53324744710397,-49.44193784823292,-0.004931991377371103,-0.3064956315610606
2026-03-25,2026-03-23,1774310400000000000,1774396800000000000,1774483200000000000,1774310400000000000,3,2.584986069190467,109.91329616637294,0.011051956198656399,-0.1402375625815565
2026-03-26,2026-03-24,1774396800000000000,1774483200000000000,1774569600000000000,1774396800000000000,3,23.610784066843188,-359.09633570084156,-0.035272531478612756,0.2828711154536921
2026-03-27,2026-03-25,1774483200000000000,1774569600000000000,1774656000000000000,1774483200000000000,3,180.06709912366406,-356.92215836955575,-0.035062759816106626,0.13919137502799936
2026-03-28,2026-03-26,1774569600000000000,1774656000000000000,1774742400000000000,1774569600000000000,3,-50.991780113247664,-4.554754736523109,-0.0004553717604456331,-0.23928838068572592
2026-03-29,2026-03-27,1774656000000000000,1774742400000000000,1774828800000000000,1774656000000000000,2,79.05114711474351,-55.30879177224145,-0.005515612024880934,-0.14878885645185957
2026-03-30,2026-03-28,1774742400000000000,1774828800000000000,1774915200000000000,1774742400000000000,1,-40.03792151755147,118.43523840666857,0.011913936070890196,0.5272857311400618
2026-03-31,2026-03-29,1774828800000000000,1774915200000000000,1775001600000000000,1774828800000000000,2,33.61012790725988,220.18796188597267,0.022262998937982337,0.074261165967099
2026-04-01,2026-03-30,1774915200000000000,1775001600000000000,1775088000000000000,1774915200000000000,2,80.19805889976932,-25.01056851229652,-0.002497931814384291,0.7266771258446068
2026-04-02,2026-03-31,1775001600000000000,1775088000000000000,1775174400000000000,1775001600000000000,2,43.362353810161814,-179.52884972726312,-0.01779269200774225,0.9528419843331254
2026-04-03,2026-04-01,1775088000000000000,1775174400000000000,1775260800000000000,1775088000000000000,2,-1.2009886153716174,9.307796481352739,0.0009312129579401862,1.4813841401225942
2026-04-04,2026-04-02,1775174400000000000,1775260800000000000,1775347200000000000,1775174400000000000,2,80.48554782544188,50.069851151281874,0.0050195410120827955,0.7375341914712013
2026-04-05,2026-04-03,1775260800000000000,1775347200000000000,1775433600000000000,1775260800000000000,2,-33.108678764764704,254.35266920256032,0.025761503420038023,0.6740063489241017
2026-04-06,2026-04-04,1775347200000000000,1775433600000000000,1775520000000000000,1775347200000000000,4,-2.9259226598990753,-26.18361461522849,-0.0026149365430282456,0.49991287658820316
2026-04-07,2026-04-05,1775433600000000000,1775520000000000000,1775606400000000000,1775433600000000000,4,63.50249890147158,436.2968194581891,0.04459545069935267,0.8560261777681119
2026-04-08,2026-04-06,1775520000000000000,1775606400000000000,1775692800000000000,1775520000000000000,4,22.19793135125994,-119.48742855087833,-0.011877640105099618,0.42004373277551416
2026-04-09,2026-04-07,1775606400000000000,1775692800000000000,1775779200000000000,1775606400000000000,4,-17.784563001660544,100.52730674999073,0.010103429115520424,1.1163191473031253
2026-04-10,2026-04-08,1775692800000000000,1775779200000000000,1775865600000000000,1775692800000000000,4,52.53891883959355,162.31436147722107,0.01636388153002777,1.404296311756979
2026-04-11,2026-04-09,1775779200000000000,1775865600000000000,1775952000000000000,1775779200000000000,4,12.084489290090195,11.020105991865343,0.0011026180359803295,1.4996879632384832
2026-04-12,2026-04-10,1775865600000000000,1775952000000000000,1776038400000000000,1775865600000000000,4,12.509667591616028,-320.1726319468758,-0.03151013729416974,1.8860732267428317
2026-04-13,2026-04-11,1775952000000000000,1776038400000000000,1776124800000000000,1775952000000000000,1,66.72863351070743,506.6461194012966,0.051970015928402,1.9693209088390353
2026-04-14,2026-04-12,1776038400000000000,1776124800000000000,1776211200000000000,1776038400000000000,0,47.86270535904121,-38.56630397669845,-0.0038492031497755486,1.5968826742348892
2026-04-15,2026-04-13,1776124800000000000,1776211200000000000,1776297600000000000,1776124800000000000,0,105.06379515772585,91.10214548757956,0.009151838859432937,2.1416065778772904
2026-04-16,2026-04-14,1776211200000000000,1776297600000000000,1776384000000000000,1776211200000000000,0,-2.8004850286754275,45.916351260453226,0.0046021928354755826,2.806144904906991
2026-04-17,2026-04-15,1776297600000000000,1776384000000000000,1776470400000000000,1776297600000000000,0,-21.612423837904338,251.97112298281775,0.025517242664023776,3.476688390959705
2026-04-18,2026-04-16,1776384000000000000,1776470400000000000,1776556800000000000,1776384000000000000,0,92.73423969236478,-180.70875844482217,-0.01790857666745682,3.375056469384201
2026-04-19,2026-04-17,1776470400000000000,1776556800000000000,1776643200000000000,1776470400000000000,0,90.07089510585199,-252.8618223928843,-0.024969164411026923,2.8498608736379114
2026-04-20,2026-04-18,1776556800000000000,1776643200000000000,1776729600000000000,1776556800000000000,0,58.64102365117236,272.5552639647004,0.027630355899178616,2.3735949064737722
2026-04-21,2026-04-19,1776643200000000000,1776729600000000000,1776816000000000000,1776643200000000000,0,106.11886709311806,65.0783481977284,0.0065290567881712835,1.993173049988064
2026-04-22,2026-04-20,1776729600000000000,1776816000000000000,1776902400000000000,1776729600000000000,0,80.37151507927274,238.44609365131362,0.024131165133578936,2.5614208402242302
2026-04-23,2026-04-21,1776816000000000000,1776902400000000000,1776988800000000000,1776816000000000000,0,4.967007819327165,10.133237717755144,0.0010138373577703863,2.843015907184784
2026-04-24,2026-04-22,1776902400000000000,1776988800000000000,1777075200000000000,1776902400000000000,0,98.3317215963792,-105.38034574907543,-0.010482704017558353,3.430781484463673
2026-04-25,2026-04-23,1776988800000000000,1777075200000000000,1777161600000000000,1776988800000000000,0,-17.4695651055819,24.231589225083855,0.0024260971448708535,3.0209492387463976
2026-04-26,2026-04-24,1777075200000000000,1777161600000000000,1777248000000000000,1777075200000000000,0,132.17012149288766,132.1407955760382,0.01330177133655397,3.3876296475169507
2026-04-27,2026-04-25,1777161600000000000,1777248000000000000,1777334400000000000,1777161600000000000,2,82.13214365593082,-164.87450519109908,-0.016352276418474698,3.415579488995693
2026-04-28,2026-04-26,1777248000000000000,1777334400000000000,1777420800000000000,1777248000000000000,3,86.56746113204487,-133.82706604566596,-0.013293556320352451,3.4499529614644313
2026-04-29,2026-04-27,1777334400000000000,1777420800000000000,1777507200000000000,1777334400000000000,3,1.4065319995103076,-73.99057097115421,-0.00737175146097635,2.891216354672664
2026-04-30,2026-04-28,1777420800000000000,1777507200000000000,1777593600000000000,1777420800000000000,3,75.15342961853264,74.4883135775541,0.007476642913697651,3.0103232634304615
2026-05-01,2026-04-29,1777507200000000000,1777593600000000000,1777680000000000000,1777507200000000000,3,82.48102166914465,243.84413230932964,0.024684144332332902,1.8915351416500317
2026-05-02,2026-04-30,1777593600000000000,1777680000000000000,1777766400000000000,1777593600000000000,4,127.95269054579624,58.08273981032901,0.005825174709862768,2.202855505670099
2026-05-03,2026-05-01,1777680000000000000,1777766400000000000,1777852800000000000,1777680000000000000,4,35.73286810272547,-15.040501916391312,-0.0015029196750052654,2.165502604684364
2026-05-04,2026-05-02,1777766400000000000,1777852800000000000,1777939200000000000,1777766400000000000,3,126.41089359361116,163.15874719045976,0.016449705467503684,2.269604734591485
2026-05-05,2026-05-03,1777852800000000000,1777939200000000000,1778025600000000000,1777852800000000000,2,84.23816016412714,129.9442903575425,0.013079223515956029,2.3833923046649286
2026-05-06,2026-05-04,1777939200000000000,1778025600000000000,1778112000000000000,1777939200000000000,2,65.59505242323561,66.70447013087191,0.006692743994137329,1.5593438548868135
2026-05-07,2026-05-05,1778025600000000000,1778112000000000000,1778198400000000000,1778025600000000000,2,-37.197149001586624,-178.5099287490194,-0.017692607745821376,1.9981797623655562
2026-05-08,2026-05-06,1778112000000000000,1778198400000000000,1778284800000000000,1778112000000000000,2,-43.29487319153472,23.368419885773584,0.002339574531909916,2.2889950760896816
2026-05-09,2026-05-07,1778198400000000000,1778284800000000000,1778371200000000000,1778198400000000000,1,34.61199361389869,60.32531555350421,0.006050763917829549,2.2834762286042287
2026-05-10,2026-05-08,1778284800000000000,1778371200000000000,1778457600000000000,1778284800000000000,1,6.844767675768777,188.0679523615198,0.018984756888491106,2.197131844827825
2026-05-11,2026-05-09,1778371200000000000,1778457600000000000,1778544000000000000,1778371200000000000,0,39.660004392405845,-56.65080958508594,-0.005649064646216728,2.1311250395589307
2026-05-12,2026-05-10,1778457600000000000,1778544000000000000,1778630400000000000,1778457600000000000,0,32.17167398602542,-153.00008849884702,-0.015183558368725647,2.553670740038719
2026-05-13,2026-05-11,1778544000000000000,1778630400000000000,1778716800000000000,1778544000000000000,0,75.58258442370942,-149.0297018466756,-0.014792470529897295,2.285729158864517
2026-05-14,2026-05-12,1778630400000000000,1778716800000000000,1778803200000000000,1778630400000000000,0,30.40357860638766,221.49908307924827,0.022397038793215973,2.2823988556185126
2026-05-15,2026-05-13,1778716800000000000,1778803200000000000,1778889600000000000,1778716800000000000,0,-7.830464800659387,-246.79910734920068,-0.024377851769638692,2.2272655760254714
2026-05-16,2026-05-14,1778803200000000000,1778889600000000000,1778976000000000000,1778803200000000000,0,59.113444797815134,-122.74633680722029,-0.012199607650809186,2.393366077540828
2026-05-17,2026-05-15,1778889600000000000,1778976000000000000,1779062400000000000,1778889600000000000,0,9.318613459661323,-88.73510947942894,-0.008834257540655255,2.2151201008925216
2026-05-18,2026-05-16,1778976000000000000,1779062400000000000,1779148800000000000,1778976000000000000,0,73.78959330200689,-59.01756452837023,-0.005884375298146671,1.9962481061840773
2026-05-19,2026-05-17,1779062400000000000,1779148800000000000,1779235200000000000,1779062400000000000,0,7.713468791100278,-21.77901204759291,-0.0021755312987163933,1.8722213851668101
2026-05-20,2026-05-18,1779148800000000000,1779235200000000000,1779321600000000000,1779148800000000000,0,48.53101766287312,92.9983786069824,0.009343215717551479,1.5753830886804876
2026-05-21,2026-05-19,1779235200000000000,1779321600000000000,1779408000000000000,1779235200000000000,0,15.705002860888293,8.156333958565268,0.0008159661152276065,1.1975178471764196
2026-05-22,2026-05-20,1779321600000000000,1779408000000000000,1779494400000000000,1779321600000000000,0,50.34549389988925,-271.1170893923042,-0.026747485554435513,1.2150129654838058
2026-05-23,2026-05-21,1779408000000000000,1779494400000000000,1779580800000000000,1779408000000000000,0,83.19899166669983,159.23746507099278,0.01605120499870938,1.2874185352445584
2026-05-24,2026-05-22,1779494400000000000,1779580800000000000,1779667200000000000,1779494400000000000,0,67.22010024499974,40.692577964735015,0.004077548467792402,1.1962017497493604
2026-05-25,2026-05-23,1779580800000000000,1779667200000000000,1779753600000000000,1779580800000000000,0,17.446613862890814,33.29947307417384,0.003335497741126403,1.4283419048025066
2026-05-26,2026-05-24,1779667200000000000,1779753600000000000,1779840000000000000,1779667200000000000,0,21.321646626567563,-181.6665493821507,-0.018002635989416205,1.4172628019810485
2026-05-27,2026-05-25,1779753600000000000,1779840000000000000,1779926400000000000,1779753600000000000,0,9.080574262808526,-196.93503803390982,-0.01950085348335917,1.4856655922112572
2026-05-28,2026-05-26,1779840000000000000,1779926400000000000,1780012800000000000,1779840000000000000,0,52.87475195866828,-112.35450236754752,-0.011172568288409845,1.6868394862421103
2026-05-29,2026-05-27,1779926400000000000,1780012800000000000,1780099200000000000,1779926400000000000,0,-13.15751570845782,-21.313825266736146,-0.002129112743814332,1.2147933174782484
2026-05-30,2026-05-28,1780012800000000000,1780099200000000000,1780185600000000000,1780012800000000000,0,80.20416127220473,57.49780542727423,0.0057663422577327594,1.3667238642259714
2026-05-31,2026-05-29,1780099200000000000,1780185600000000000,1780272000000000000,1780099200000000000,0,-38.32966244740083,-28.461899181889336,-0.0028421433596654833,1.490624974834718
2026-06-01,2026-05-30,1780185600000000000,1780272000000000000,1780358400000000000,1780185600000000000,0,-68.65148265933904,-312.3273754576853,-0.030750034034893292,1.5321334709329888
2026-06-02,2026-05-31,1780272000000000000,1780358400000000000,1780444800000000000,1780272000000000000,0,-20.675087897111947,-673.058303381961,-0.06509076599695551,1.3977210474956574
2026-06-03,2026-06-01,1780358400000000000,1780444800000000000,1780531200000000000,1780358400000000000,0,69.4163689382345,-400.05612792211423,-0.03921595354402363,0.996574973575863
2026-06-04,2026-06-02,1780444800000000000,1780531200000000000,1780617600000000000,1780444800000000000,0,101.57237235441046,-40.10979788266344,-0.004002946552806086,0.33663601447551883
2026-06-05,2026-06-03,1780531200000000000,1780617600000000000,1780704000000000000,1780531200000000000,0,9.457729553999604,-453.0091487131432,-0.04429014874779269,-0.1804175929507376
2026-06-06,2026-06-04,1780617600000000000,1780704000000000000,1780790400000000000,1780617600000000000,0,-91.32058671671963,-28.18575982386037,-0.0028146075264422477,-0.2140759741152441
2026-06-07,2026-06-05,1780704000000000000,1780790400000000000,1780876800000000000,1780704000000000000,0,43.297508561172336,394.10290872276397,0.040197179517585946,-0.6908196451442744
2026-06-08,2026-06-06,1780790400000000000,1780876800000000000,1780963200000000000,1780790400000000000,0,90.6997460988622,-38.92013654412643,-0.0038844495856045214,-0.7561349399426731
2026-06-09,2026-06-07,1780876800000000000,1780963200000000000,1781049600000000000,1780876800000000000,1,141.28100367878372,-217.28838477019107,-0.021494467869257794,0.02700579622164989
2026-06-10,2026-06-08,1780963200000000000,1781049600000000000,1781136000000000000,1780963200000000000,2,-42.4333002900195,-35.54178371138263,-0.003547869755386346,0.6341440957155765
2026-06-11,2026-06-09,1781049600000000000,1781136000000000000,1781222400000000000,1781049600000000000,2,-21.69791499306675,338.0633380484629,0.034384262064388826,-0.01723490924905491
2026-06-12,2026-06-10,1781136000000000000,1781222400000000000,1781308800000000000,1781136000000000000,2,84.9421103673289,-7.232363568558398,-0.0007229748844811423,0.14786960461112234
2026-06-13,2026-06-11,1781222400000000000,1781308800000000000,1781395200000000000,1781222400000000000,2,281.6666430806542,137.15048569572562,0.013809531299150635,0.4290415440724903
2026-06-14,2026-06-12,1781308800000000000,1781395200000000000,1781481600000000000,1781308800000000000,2,-89.9600287465116,197.91673152565585,0.019988826834709927,0.712171282687106
2026-06-15,2026-06-13,1781395200000000000,1781481600000000000,1781568000000000000,1781395200000000000,3,165.5750414547918,88.17610222801382,0.00885659986204601,0.7753294730926501
2026-06-16,2026-06-14,1781481600000000000,1781568000000000000,1781654400000000000,1781481600000000000,2,-56.33196159512646,-99.04647326156815,-0.009855757850970814,0.6484090157091894
2026-06-17,2026-06-15,1781568000000000000,1781654400000000000,1781740800000000000,1781568000000000000,1,171.49723703967348,-179.07690484126354,-0.017748300647643545,0.7433770829299955
2026-06-18,2026-06-16,1781654400000000000,1781740800000000000,1781827200000000000,1781654400000000000,1,-6.041424303612844,-243.42953377447054,-0.024049053316260838,0.7759355691315665
2026-06-19,2026-06-17,1781740800000000000,1781827200000000000,1781913600000000000,1781740800000000000,1,79.13094536316389,92.63009377023944,0.00930604382190614,0.9663340144342321
2026-06-20,2026-06-18,1781827200000000000,1781913600000000000,1782000000000000000,1781827200000000000,1,144.44065127320064,117.97676469692266,0.011867543540764691,1.380106013475736
2026-06-21,2026-06-19,1781913600000000000,1782000000000000000,1782086400000000000,1781913600000000000,2,-34.30790214114323,-154.53797443513514,-0.015335000258950515,1.6136343485459483
2026-06-22,2026-06-20,1782000000000000000,1782086400000000000,1782172800000000000,1782000000000000000,3,107.97968232159951,111.20806099823488,0.01118287212534752,1.3883160184013539
2026-06-23,2026-06-21,1782086400000000000,1782172800000000000,1782259200000000000,1782086400000000000,7,-17.789982138931265,-202.8303938282158,-0.02007872226199281,1.754419188379929
2026-06-24,2026-06-22,1782172800000000000,1782259200000000000,1782345600000000000,1782172800000000000,7,14.401963519577375,-267.609154881039,-0.026406015056770094,1.6969725664318112
2026-06-25,2026-06-23,1782259200000000000,1782345600000000000,1782432000000000000,1782259200000000000,7,154.20587554292467,-212.3571103960116,-0.02101182095026033,1.0869459834197523
2026-06-26,2026-06-24,1782345600000000000,1782432000000000000,1782518400000000000,1782345600000000000,7,29.334989771721403,50.48391384236927,0.005061155983211885,0.7905694082723607
2026-06-27,2026-06-25,1782432000000000000,1782518400000000000,1782604800000000000,1782432000000000000,7,19.632162746025433,-11.364708429638007,-0.0011358253045437028,0.5871076016885944
2026-06-28,2026-06-26,1782518400000000000,1782604800000000000,1782691200000000000,1782518400000000000,6,-105.85204436928788,-75.58183973505857,-0.00752969272689985,0.5243064106050171
2026-06-29,2026-06-27,1782604800000000000,1782691200000000000,1782777600000000000,1782604800000000000,5,104.6851984038335,114.02091247726315,0.011467342855910223,0.19381889763592114
2026-06-30,2026-06-28,1782691200000000000,1782777600000000000,1782864000000000000,1782691200000000000,3,1.4946969004930315,-275.1557258874636,-0.027140467505916033,-0.2841127728452983
2026-07-01,2026-06-29,1782777600000000000,1782864000000000000,1782950400000000000,1782777600000000000,3,126.48206462123036,235.88202184315162,0.023868604211432443,-1.0008564412105851
2026-07-02,2026-06-30,1782864000000000000,1782950400000000000,1783036800000000000,1782864000000000000,3,32.833754482015,252.6782672725091,0.02558976409436231,-1.4552896905372925
2026-07-03,2026-07-01,1782950400000000000,1783036800000000000,1783123200000000000,1782950400000000000,3,33.546337153014164,164.85521233797428,0.016622157244964297,-0.9175420256852074
2026-07-04,2026-07-02,1783036800000000000,1783123200000000000,1783209600000000000,1783036800000000000,3,-103.29196505564111,89.20160569787208,0.008960063761459525,-0.5417647979477498
2026-07-05,2026-07-03,1783123200000000000,1783209600000000000,1783296000000000000,1783123200000000000,3,-62.30625952128383,79.81491338331057,0.008013428352111385,-0.8838570404776879
2026-07-06,2026-07-04,1783209600000000000,1783296000000000000,1783382400000000000,1783209600000000000,2,61.54419465316899,61.541576238899715,0.006173133358502225,-0.8594055175070112
2026-07-07,2026-07-05,1783296000000000000,1783382400000000000,1783468800000000000,1783296000000000000,0,28.558227581835133,-106.57762909879834,-0.01060117018381268,-0.9599004077336677
2026-07-08,2026-07-06,1783382400000000000,1783468800000000000,1783555200000000000,1783382400000000000,0,-6.635707386490257,-170.94817021150538,-0.01694952970140773,-0.7429680655246794
2026-07-09,2026-07-07,1783468800000000000,1783555200000000000,1783641600000000000,1783468800000000000,0,-19.23285160211946,149.77970417831287,0.015090702345368134,-0.557264674647846
2026-07-10,2026-07-08,1783555200000000000,1783641600000000000,1783728000000000000,1783555200000000000,0,0.33561779836215655,146.27740955696424,0.014735249923256255,-0.6772312575781003
2026-07-11,2026-07-09,1783641600000000000,1783728000000000000,1783814400000000000,1783641600000000000,0,78.66921801494898,-53.55662827766896,-0.005341346834218275,-0.5579838687573835
2026-07-12,2026-07-10,1783728000000000000,1783814400000000000,1783900800000000000,1783728000000000000,0,41.69584443425172,-6.1144676930307105,-0.0006112598738213793,-0.7947769855658922
2026-07-13,2026-07-11,1783814400000000000,1783900800000000000,1783987200000000000,1783814400000000000,0,-16.875784980146605,-229.2429614348922,-0.022663530887425565,-0.8674122018223223
2026-07-14,2026-07-12,1783900800000000000,1783987200000000000,1784073600000000000,1783900800000000000,1,-81.1609455776547,425.48444782959496,0.043466605662480395,-0.9486836728270692
2026-07-15,2026-07-13,1783987200000000000,1784073600000000000,1784160000000000000,1783987200000000000,1,15.697345837406896,-44.33125927818789,-0.004423314129406886,-0.9658031860513988
2026-07-16,2026-07-14,1784073600000000000,1784160000000000000,1784246400000000000,1784073600000000000,1,72.21702256296018,-144.0425170761715,-0.01430100679038393,-0.24419282084334615
2026-07-17,2026-07-15,1784160000000000000,1784246400000000000,1784332800000000000,1784160000000000000,1,-2.244949679175021,15.884241727964104,0.0015896863866946553,0.0277699740517717
2026-07-18,2026-07-16,1784246400000000000,1784332800000000000,1784419200000000000,1784246400000000000,1,48.06777523165793,140.18539391129238,0.014117259880744637,-0.33042745815101227
2026-07-19,2026-07-17,1784332800000000000,1784419200000000000,1784505600000000000,1784332800000000000,1,11.39256316382316,-17.23723681376793,-0.001722238922938879,0.5434828316593394
2026-07-20,2026-07-18,1784419200000000000,1784505600000000000,1784592000000000000,1784419200000000000,3,65.03470622873415,82.00814613521031,0.00823453340450886,0.923288687766041
2026-07-21,2026-07-19,1784505600000000000,1784592000000000000,1784678400000000000,1784505600000000000,8,-62.78362122017705,197.35465209915466,0.019931496972439344,1.4971238857607225
2026-07-22,2026-07-20,1784592000000000000,1784678400000000000,1784764800000000000,1784592000000000000,8,111.94584863999596,-66.57864892094116,-0.006635750415250774,2.6467504582310273
2026-07-23,2026-07-21,1784678400000000000,1784764800000000000,1784851200000000000,1784678400000000000,8,-134.92545440826177,-154.79206510826208,-0.015360019360352029,2.4131860162757457
2026-07-24,2026-07-22,1784764800000000000,1784851200000000000,1784937600000000000,1784764800000000000,8,-8.980283847634253,-148.40686624002205,-0.014731106385998727,2.5437794774973
2026-07-25,2026-07-23,1784851200000000000,1784937600000000000,1785024000000000000,1784851200000000000,9,68.77495361388019,36.573200586851236,0.0036640162145307187,0.7542280126103005
2026-07-26,2026-07-24,1784937600000000000,1785024000000000000,1785110400000000000,1784937600000000000,9,-7.510995525048586,157.96744139459082,0.015922172283934444,0.7402488080533912
2026-07-27,2026-07-25,1785024000000000000,1785110400000000000,1785196800000000000,1785024000000000000,9,37.91815126517754,-254.61157080518592,-0.025139755351682003,0.7717979189105434
2026-07-28,2026-07-26,1785110400000000000,1785196800000000000,1785283200000000000,1785110400000000000,7,57.27368593378924,24.92974237350568,0.0024960842815076045,1.5107573419871019
2026-07-29,2026-07-27,1785196800000000000,1785283200000000000,1785369600000000000,1785196800000000000,9,45.842049085419816,10.83508857302028,0.001084096065086415,1.0037198212943972
2026-07-30,2026-07-28,1785283200000000000,1785369600000000000,1785456000000000000,1785283200000000000,9,-118.40612318963284,123.59792371685822,0.012436490269720935,0.7488947644653502
2026-07-31,2026-07-29,1785369600000000000,1785456000000000000,1785542400000000000,1785369600000000000,9,-46.883016104314486,-296.4391851351698,-0.029208847232704338,1.2112165533618964
2026-08-01,2026-07-30,1785456000000000000,1785542400000000000,1785628800000000000,1785456000000000000,8,12.804119570422394,-10.218633977186137,-0.0010213414731105042,1.6596466486958705
2026-08-02,2026-07-31,1785542400000000000,1785628800000000000,1785715200000000000,1785542400000000000,8,70.26664702651479,118.10223317473593,0.011880239368454504,0.9235836124608497
2026-08-03,2026-08-01,1785628800000000000,1785715200000000000,1785801600000000000,1785628800000000000,6,86.16812663365441,-7.870013163305758,-0.000786691712019616,0.7631640517819052
2026-08-04,2026-08-02,1785715200000000000,1785801600000000000,1785888000000000000,1785715200000000000,4,-8.920333187035393,91.91725854669349,0.00923409949622167,1.1814806180911064
2026-08-05,2026-08-03,1785801600000000000,1785888000000000000,1785974400000000000,1785801600000000000,2,122.69557668109177,86.77265502632267,0.008715022099925696,0.930149192989176
2026-08-06,2026-08-04,1785888000000000000,1785974400000000000,1786060800000000000,1785888000000000000,4,-13.169208543568253,-52.970593785643125,-0.005283054698320133,1.1593169178247924
2026-08-07,2026-08-05,1785974400000000000,1786060800000000000,1786147200000000000,1785974400000000000,4,75.96543935727566,92.78283949602913,0.00932146065806938,0.7814473536299036
2026-08-08,2026-08-06,1786060800000000000,1786147200000000000,1786233600000000000,1786060800000000000,4,76.03273027786635,6.0668681577952865,0.0006068708874484852,0.8870852888987113
2026-08-09,2026-08-07,1786147200000000000,1786233600000000000,1786320000000000000,1786147200000000000,4,3.610738975689257,-9.395970434731902,-0.0009391557603913858,0.19244038839167674
2026-08-10,2026-08-08,1786233600000000000,1786320000000000000,1786406400000000000,1786233600000000000,9,18.198580955472394,-144.57742854216428,-0.014353731549565985,0.17476475612672812
2026-08-11,2026-08-09,1786320000000000000,1786406400000000000,1786492800000000000,1786320000000000000,9,2.405658500794863,-58.007522065421036,-0.005783960327659821,0.14786540186137767
2026-08-12,2026-08-10,1786406400000000000,1786492800000000000,1786579200000000000,1786406400000000000,9,-58.51178494413788,-18.88889450503294,-0.0018871066215241372,0.25095310283006045
2026-08-13,2026-08-11,1786492800000000000,1786579200000000000,1786665600000000000,1786492800000000000,7,-42.37738781412434,1.71220402581431,0.00017123506163119195,0.9533180369296849
2026-08-14,2026-08-12,1786579200000000000,1786665600000000000,1786752000000000000,1786579200000000000,7,18.147461014074885,-70.70042494492688,-0.007045108540032374,1.0167499114988716
2026-08-15,2026-08-13,1786665600000000000,1786752000000000000,1786838400000000000,1786665600000000000,8,-3.3597486554646556,6.731173602319823,0.0006733439545609787,0.9424678735967756
2026-08-16,2026-08-14,1786752000000000000,1786838400000000000,1786924800000000000,1786752000000000000,8,-8.051302487517033,-29.52869690191141,-0.002948514258549584,0.8990077286077817
2026-08-17,2026-08-15,1786838400000000000,1786924800000000000,1787011200000000000,1786838400000000000,9,-12.672370982271055,256.1676567672298,0.025947694753577055,0.9440107084599321
2026-08-18,2026-08-16,1786924800000000000,1787011200000000000,1787097600000000000,1786924800000000000,8,35.047090615552314,29.910852253187745,0.0029955629840709985,1.3055273166727352
2026-08-19,2026-08-17,1787011200000000000,1787097600000000000,1787184000000000000,1787011200000000000,8,-21.77665605486768,687.9264159170796,0.07121406087438298,1.2239309102001052
2026-08-20,2026-08-18,1787097600000000000,1787184000000000000,1787270400000000000,1787097600000000000,8,62.058473961863946,518.8285345075213,0.05325235040768872,1.6608166236764133
2026-08-21,2026-08-19,1787184000000000000,1787270400000000000,1787356800000000000,1787184000000000000,9,28.349711169261987,702.0367147458519,0.072726642823437,2.5070797716712456
2026-08-22,2026-08-20,1787270400000000000,1787356800000000000,1787443200000000000,1787270400000000000,8,-157.09388795283664,-162.549858161073,-0.016123586462411632,3.6732309240167993
2026-08-23,2026-08-21,1787356800000000000,1787443200000000000,1787529600000000000,1787356800000000000,8,-44.60678167146201,85.1454679140753,0.008550898644877236,5.220379699295146
2026-08-24,2026-08-22,1787443200000000000,1787529600000000000,1787616000000000000,1787443200000000000,2,-100.68698305391324,160.63460596907237,0.016193171585149324,4.941452212241222
2026-08-25,2026-08-23,1787529600000000000,1787616000000000000,1787702400000000000,1787529600000000000,1,-43.07697838288895,-57.592307673139395,-0.005742678189747941,4.878528043068265
2026-08-26,2026-08-24,1787616000000000000,1787702400000000000,1787788800000000000,1787616000000000000,1,-25.72212801084441,61.514682670198596,0.0061704274035121465,4.559778554388454
2026-08-27,2026-08-25,1787702400000000000,1787788800000000000,1787875200000000000,1787702400000000000,1,71.19007193825982,153.93212765410925,0.015512298517850631,4.334030433646714
2026-08-28,2026-08-26,1787788800000000000,1787875200000000000,1787961600000000000,1787788800000000000,0,-10.16061701920739,-304.1067836968068,-0.029952925616193116,4.492785154280627
2026-08-29,2026-08-27,1787875200000000000,1787961600000000000,1788048000000000000,1787875200000000000,0,-44.799918726560755,49.222311038638296,0.004934365184130485,4.515686744005389
2026-08-30,2026-08-28,1787961600000000000,1788048000000000000,1788134400000000000,1787961600000000000,0,39.08905997150539,-70.29635392424052,-0.007004985299757127,3.531104107125027
